"sample_id","uid","ai_chrom_index","n_ai_peaks","n_trad_peaks","n_ignored_weak","n_review_required","channel_alert_level","random_order","plot_path","review_filename","source_absolute_path","review_absolute_path"
"test3_9","acetochlor-1","379","2","1","0","2","RED","6","plots\test3_9\0006_chrom379_acetochlor-1_RED.png","test3_9_0006_chrom379_acetochlor-1_RED.png","D:\yinlibo\MRMPFormer\model\project_review\full_rerun_random3000_20260916\random3000_channels\plots\test3_9\0006_chrom379_acetochlor-1_RED.png","D:\yinlibo\MRMPFormer\model\project_review\full_rerun_random3000_20260916\random3000_channels\RED_YELLOW_review\test3_9_0006_chrom379_acetochlor-1_RED.png"
"test3_8","napropamide-2","388","3","1","0","2","RED","11","plots\test3_8\0011_chrom388_napropamide-2_RED.png","test3_8_0011_chrom388_napropamide-2_RED.png","D:\yinlibo\MRMPFormer\model\project_review\full_rerun_random3000_20260916\random3000_channels\plots\test3_8\0011_chrom388_napropamide-2_RED.png","D:\yinlibo\MRMPFormer\model\project_review\full_rerun_random3000_20260916\random3000_channels\RED_YELLOW_review\test3_8_0011_chrom388_napropamide-2_RED.png"
"test3_19","fenobucarb-2","260","2","1","0","1","RED","16","plots\test3_19\0016_chrom260_fenobucarb-2_RED.png","test3_19_0016_chrom260_fenobucarb-2_RED.png","D:\yinlibo\MRMPFormer\model\project_review\full_rerun_random3000_20260916\random3000_channels\plots\test3_19\0016_chrom260_fenobucarb-2_RED.png","D:\yinlibo\MRMPFormer\model\project_review\full_rerun_random3000_20260916\random3000_channels\RED_YELLOW_review\test3_19_0016_chrom260_fenobucarb-2_RED.png"
"test3_24","aldicarb sulfoxide-1","11","1","1","0","1","YELLOW","25","plots\test3_24\0025_chrom011_aldicarb sulfoxide-1_YELLOW.png","test3_24_0025_chrom011_aldicarb sulfoxide-1_YELLOW.png","D:\yinlibo\MRMPFormer\model\project_review\full_rerun_random3000_20260916\random3000_channels\plots\test3_24\0025_chrom011_aldicarb sulfoxide-1_YELLOW.png","D:\yinlibo\MRMPFormer\model\project_review\full_rerun_random3000_20260916\random3000_channels\RED_YELLOW_review\test3_24_0025_chrom011_aldicarb sulfoxide-1_YELLOW.png"
"test3_12","phorate sulfone-1","191","3","1","0","2","RED","27","plots\test3_12\0027_chrom191_phorate sulfone-1_RED.png","test3_12_0027_chrom191_phorate sulfone-1_RED.png","D:\yinlibo\MRMPFormer\model\project_review\full_rerun_random3000_20260916\random3000_channels\plots\test3_12\0027_chrom191_phorate sulfone-1_RED.png","D:\yinlibo\MRMPFormer\model\project_review\full_rerun_random3000_20260916\random3000_channels\RED_YELLOW_review\test3_12_0027_chrom191_phorate sulfone-1_RED.png"
"test3_13","EPN-1","545","2","1","0","1","RED","46","plots\test3_13\0046_chrom545_EPN-1_RED.png","test3_13_0046_chrom545_EPN-1_RED.png","D:\yinlibo\MRMPFormer\model\project_review\full_rerun_random3000_20260916\random3000_channels\plots\test3_13\0046_chrom545_EPN-1_RED.png","D:\yinlibo\MRMPFormer\model\project_review\full_rerun_random3000_20260916\random3000_channels\RED_YELLOW_review\test3_13_0046_chrom545_EPN-1_RED.png"
"test3_5","silthiofam-2","448","1","1","0","1","YELLOW","60","plots\test3_5\0060_chrom448_silthiofam-2_YELLOW.png","test3_5_0060_chrom448_silthiofam-2_YELLOW.png","D:\yinlibo\MRMPFormer\model\project_review\full_rerun_random3000_20260916\random3000_channels\plots\test3_5\0060_chrom448_silthiofam-2_YELLOW.png","D:\yinlibo\MRMPFormer\model\project_review\full_rerun_random3000_20260916\random3000_channels\RED_YELLOW_review\test3_5_0060_chrom448_silthiofam-2_YELLOW.png"
"test3_5","cyproconazole-1","409","4","1","0","3","RED","63","plots\test3_5\0063_chrom409_cyproconazole-1_RED.png","test3_5_0063_chrom409_cyproconazole-1_RED.png","D:\yinlibo\MRMPFormer\model\project_review\full_rerun_random3000_20260916\random3000_channels\plots\test3_5\0063_chrom409_cyproconazole-1_RED.png","D:\yinlibo\MRMPFormer\model\project_review\full_rerun_random3000_20260916\random3000_channels\RED_YELLOW_review\test3_5_0063_chrom409_cyproconazole-1_RED.png"
"test3_32","oxamyl-1","17","6","1","1","4","RED","66","plots\test3_32\0066_chrom017_oxamyl-1_RED.png","test3_32_0066_chrom017_oxamyl-1_RED.png","D:\yinlibo\MRMPFormer\model\project_review\full_rerun_random3000_20260916\random3000_channels\plots\test3_32\0066_chrom017_oxamyl-1_RED.png","D:\yinlibo\MRMPFormer\model\project_review\full_rerun_random3000_20260916\random3000_channels\RED_YELLOW_review\test3_32_0066_chrom017_oxamyl-1_RED.png"
"test3_14","sulfentrazone-2","154","3","1","0","2","RED","71","plots\test3_14\0071_chrom154_sulfentrazone-2_RED.png","test3_14_0071_chrom154_sulfentrazone-2_RED.png","D:\yinlibo\MRMPFormer\model\project_review\full_rerun_random3000_20260916\random3000_channels\plots\test3_14\0071_chrom154_sulfentrazone-2_RED.png","D:\yinlibo\MRMPFormer\model\project_review\full_rerun_random3000_20260916\random3000_channels\RED_YELLOW_review\test3_14_0071_chrom154_sulfentrazone-2_RED.png"
"test3_41","tritosulfuron-1","199","2","1","0","2","RED","75","plots\test3_41\0075_chrom199_tritosulfuron-1_RED.png","test3_41_0075_chrom199_tritosulfuron-1_RED.png","D:\yinlibo\MRMPFormer\model\project_review\full_rerun_random3000_20260916\random3000_channels\plots\test3_41\0075_chrom199_tritosulfuron-1_RED.png","D:\yinlibo\MRMPFormer\model\project_review\full_rerun_random3000_20260916\random3000_channels\RED_YELLOW_review\test3_41_0075_chrom199_tritosulfuron-1_RED.png"
"test3_8","carbendazim-1","55","3","1","0","3","RED","77","plots\test3_8\0077_chrom055_carbendazim-1_RED.png","test3_8_0077_chrom055_carbendazim-1_RED.png","D:\yinlibo\MRMPFormer\model\project_review\full_rerun_random3000_20260916\random3000_channels\plots\test3_8\0077_chrom055_carbendazim-1_RED.png","D:\yinlibo\MRMPFormer\model\project_review\full_rerun_random3000_20260916\random3000_channels\RED_YELLOW_review\test3_8_0077_chrom055_carbendazim-1_RED.png"
"test3_22","metribuzin-2","134","1","1","0","1","YELLOW","85","plots\test3_22\0085_chrom134_metribuzin-2_YELLOW.png","test3_22_0085_chrom134_metribuzin-2_YELLOW.png","D:\yinlibo\MRMPFormer\model\project_review\full_rerun_random3000_20260916\random3000_channels\plots\test3_22\0085_chrom134_metribuzin-2_YELLOW.png","D:\yinlibo\MRMPFormer\model\project_review\full_rerun_random3000_20260916\random3000_channels\RED_YELLOW_review\test3_22_0085_chrom134_metribuzin-2_YELLOW.png"
"test3_14","mevinphos-2","80","2","1","0","1","RED","89","plots\test3_14\0089_chrom080_mevinphos-2_RED.png","test3_14_0089_chrom080_mevinphos-2_RED.png","D:\yinlibo\MRMPFormer\model\project_review\full_rerun_random3000_20260916\random3000_channels\plots\test3_14\0089_chrom080_mevinphos-2_RED.png","D:\yinlibo\MRMPFormer\model\project_review\full_rerun_random3000_20260916\random3000_channels\RED_YELLOW_review\test3_14_0089_chrom080_mevinphos-2_RED.png"
"test3_9","alachlor-1","381","2","1","0","2","RED","92","plots\test3_9\0092_chrom381_alachlor-1_RED.png","test3_9_0092_chrom381_alachlor-1_RED.png","D:\yinlibo\MRMPFormer\model\project_review\full_rerun_random3000_20260916\random3000_channels\plots\test3_9\0092_chrom381_alachlor-1_RED.png","D:\yinlibo\MRMPFormer\model\project_review\full_rerun_random3000_20260916\random3000_channels\RED_YELLOW_review\test3_9_0092_chrom381_alachlor-1_RED.png"
"test3_12","trifloxystrobin-2","570","2","1","0","1","RED","96","plots\test3_12\0096_chrom570_trifloxystrobin-2_RED.png","test3_12_0096_chrom570_trifloxystrobin-2_RED.png","D:\yinlibo\MRMPFormer\model\project_review\full_rerun_random3000_20260916\random3000_channels\plots\test3_12\0096_chrom570_trifloxystrobin-2_RED.png","D:\yinlibo\MRMPFormer\model\project_review\full_rerun_random3000_20260916\random3000_channels\RED_YELLOW_review\test3_12_0096_chrom570_trifloxystrobin-2_RED.png"
"test3_5","phorate sulfoxide-2","184","2","1","0","2","RED","100","plots\test3_5\0100_chrom184_phorate sulfoxide-2_RED.png","test3_5_0100_chrom184_phorate sulfoxide-2_RED.png","D:\yinlibo\MRMPFormer\model\project_review\full_rerun_random3000_20260916\random3000_channels\plots\test3_5\0100_chrom184_phorate sulfoxide-2_RED.png","D:\yinlibo\MRMPFormer\model\project_review\full_rerun_random3000_20260916\random3000_channels\RED_YELLOW_review\test3_5_0100_chrom184_phorate sulfoxide-2_RED.png"
"test3_24","bromuconazole-1","349","2","1","0","1","RED","107","plots\test3_24\0107_chrom349_bromuconazole-1_RED.png","test3_24_0107_chrom349_bromuconazole-1_RED.png","D:\yinlibo\MRMPFormer\model\project_review\full_rerun_random3000_20260916\random3000_channels\plots\test3_24\0107_chrom349_bromuconazole-1_RED.png","D:\yinlibo\MRMPFormer\model\project_review\full_rerun_random3000_20260916\random3000_channels\RED_YELLOW_review\test3_24_0107_chrom349_bromuconazole-1_RED.png"
"test3_22","oxamyl-1","17","7","1","0","6","RED","109","plots\test3_22\0109_chrom017_oxamyl-1_RED.png","test3_22_0109_chrom017_oxamyl-1_RED.png","D:\yinlibo\MRMPFormer\model\project_review\full_rerun_random3000_20260916\random3000_channels\plots\test3_22\0109_chrom017_oxamyl-1_RED.png","D:\yinlibo\MRMPFormer\model\project_review\full_rerun_random3000_20260916\random3000_channels\RED_YELLOW_review\test3_22_0109_chrom017_oxamyl-1_RED.png"
"test3_6","bifenthrin-1","699","4","1","0","3","RED","121","plots\test3_6\0121_chrom699_bifenthrin-1_RED.png","test3_6_0121_chrom699_bifenthrin-1_RED.png","D:\yinlibo\MRMPFormer\model\project_review\full_rerun_random3000_20260916\random3000_channels\plots\test3_6\0121_chrom699_bifenthrin-1_RED.png","D:\yinlibo\MRMPFormer\model\project_review\full_rerun_random3000_20260916\random3000_channels\RED_YELLOW_review\test3_6_0121_chrom699_bifenthrin-1_RED.png"
"test3_3","fenobucarb-2","260","2","1","0","2","RED","123","plots\test3_3\0123_chrom260_fenobucarb-2_RED.png","test3_3_0123_chrom260_fenobucarb-2_RED.png","D:\yinlibo\MRMPFormer\model\project_review\full_rerun_random3000_20260916\random3000_channels\plots\test3_3\0123_chrom260_fenobucarb-2_RED.png","D:\yinlibo\MRMPFormer\model\project_review\full_rerun_random3000_20260916\random3000_channels\RED_YELLOW_review\test3_3_0123_chrom260_fenobucarb-2_RED.png"
"test3_3","disulfoton sulfoxide-1","179","2","1","0","1","RED","125","plots\test3_3\0125_chrom179_disulfoton sulfoxide-1_RED.png","test3_3_0125_chrom179_disulfoton sulfoxide-1_RED.png","D:\yinlibo\MRMPFormer\model\project_review\full_rerun_random3000_20260916\random3000_channels\plots\test3_3\0125_chrom179_disulfoton sulfoxide-1_RED.png","D:\yinlibo\MRMPFormer\model\project_review\full_rerun_random3000_20260916\random3000_channels\RED_YELLOW_review\test3_3_0125_chrom179_disulfoton sulfoxide-1_RED.png"
"test3_19","aldicarb sulfoxide-1","11","3","1","0","2","RED","130","plots\test3_19\0130_chrom011_aldicarb sulfoxide-1_RED.png","test3_19_0130_chrom011_aldicarb sulfoxide-1_RED.png","D:\yinlibo\MRMPFormer\model\project_review\full_rerun_random3000_20260916\random3000_channels\plots\test3_19\0130_chrom011_aldicarb sulfoxide-1_RED.png","D:\yinlibo\MRMPFormer\model\project_review\full_rerun_random3000_20260916\random3000_channels\RED_YELLOW_review\test3_19_0130_chrom011_aldicarb sulfoxide-1_RED.png"
"test3_6","dimepiperate-1","543","5","1","0","4","RED","131","plots\test3_6\0131_chrom543_dimepiperate-1_RED.png","test3_6_0131_chrom543_dimepiperate-1_RED.png","D:\yinlibo\MRMPFormer\model\project_review\full_rerun_random3000_20260916\random3000_channels\plots\test3_6\0131_chrom543_dimepiperate-1_RED.png","D:\yinlibo\MRMPFormer\model\project_review\full_rerun_random3000_20260916\random3000_channels\RED_YELLOW_review\test3_6_0131_chrom543_dimepiperate-1_RED.png"
"test3_6","bifenthrin-2","700","4","1","0","3","RED","135","plots\test3_6\0135_chrom700_bifenthrin-2_RED.png","test3_6_0135_chrom700_bifenthrin-2_RED.png","D:\yinlibo\MRMPFormer\model\project_review\full_rerun_random3000_20260916\random3000_channels\plots\test3_6\0135_chrom700_bifenthrin-2_RED.png","D:\yinlibo\MRMPFormer\model\project_review\full_rerun_random3000_20260916\random3000_channels\RED_YELLOW_review\test3_6_0135_chrom700_bifenthrin-2_RED.png"
"test3_40","tebufenozide-1","463","2","1","0","1","RED","138","plots\test3_40\0138_chrom463_tebufenozide-1_RED.png","test3_40_0138_chrom463_tebufenozide-1_RED.png","D:\yinlibo\MRMPFormer\model\project_review\full_rerun_random3000_20260916\random3000_channels\plots\test3_40\0138_chrom463_tebufenozide-1_RED.png","D:\yinlibo\MRMPFormer\model\project_review\full_rerun_random3000_20260916\random3000_channels\RED_YELLOW_review\test3_40_0138_chrom463_tebufenozide-1_RED.png"
"test3_3","flutriafol-2","194","2","1","0","1","RED","145","plots\test3_3\0145_chrom194_flutriafol-2_RED.png","test3_3_0145_chrom194_flutriafol-2_RED.png","D:\yinlibo\MRMPFormer\model\project_review\full_rerun_random3000_20260916\random3000_channels\plots\test3_3\0145_chrom194_flutriafol-2_RED.png","D:\yinlibo\MRMPFormer\model\project_review\full_rerun_random3000_20260916\random3000_channels\RED_YELLOW_review\test3_3_0145_chrom194_flutriafol-2_RED.png"
"test3_35","clethodim sulfone-1","231","1","1","0","1","YELLOW","150","plots\test3_35\0150_chrom231_clethodim sulfone-1_YELLOW.png","test3_35_0150_chrom231_clethodim sulfone-1_YELLOW.png","D:\yinlibo\MRMPFormer\model\project_review\full_rerun_random3000_20260916\random3000_channels\plots\test3_35\0150_chrom231_clethodim sulfone-1_YELLOW.png","D:\yinlibo\MRMPFormer\model\project_review\full_rerun_random3000_20260916\random3000_channels\RED_YELLOW_review\test3_35_0150_chrom231_clethodim sulfone-1_YELLOW.png"
"test3_54","tau-fluvalinate-2","692","2","1","0","1","RED","151","plots\test3_54\0151_chrom692_tau-fluvalinate-2_RED.png","test3_54_0151_chrom692_tau-fluvalinate-2_RED.png","D:\yinlibo\MRMPFormer\model\project_review\full_rerun_random3000_20260916\random3000_channels\plots\test3_54\0151_chrom692_tau-fluvalinate-2_RED.png","D:\yinlibo\MRMPFormer\model\project_review\full_rerun_random3000_20260916\random3000_channels\RED_YELLOW_review\test3_54_0151_chrom692_tau-fluvalinate-2_RED.png"
"test3_47","clethodim sulfoxide-1","237","1","1","0","1","YELLOW","157","plots\test3_47\0157_chrom237_clethodim sulfoxide-1_YELLOW.png","test3_47_0157_chrom237_clethodim sulfoxide-1_YELLOW.png","D:\yinlibo\MRMPFormer\model\project_review\full_rerun_random3000_20260916\random3000_channels\plots\test3_47\0157_chrom237_clethodim sulfoxide-1_YELLOW.png","D:\yinlibo\MRMPFormer\model\project_review\full_rerun_random3000_20260916\random3000_channels\RED_YELLOW_review\test3_47_0157_chrom237_clethodim sulfoxide-1_YELLOW.png"
"test3_55","spinosad A-2","556","1","1","0","1","YELLOW","161","plots\test3_55\0161_chrom556_spinosad A-2_YELLOW.png","test3_55_0161_chrom556_spinosad A-2_YELLOW.png","D:\yinlibo\MRMPFormer\model\project_review\full_rerun_random3000_20260916\random3000_channels\plots\test3_55\0161_chrom556_spinosad A-2_YELLOW.png","D:\yinlibo\MRMPFormer\model\project_review\full_rerun_random3000_20260916\random3000_channels\RED_YELLOW_review\test3_55_0161_chrom556_spinosad A-2_YELLOW.png"
"test3_8","dimepiperate-2","544","3","1","0","3","RED","163","plots\test3_8\0163_chrom544_dimepiperate-2_RED.png","test3_8_0163_chrom544_dimepiperate-2_RED.png","D:\yinlibo\MRMPFormer\model\project_review\full_rerun_random3000_20260916\random3000_channels\plots\test3_8\0163_chrom544_dimepiperate-2_RED.png","D:\yinlibo\MRMPFormer\model\project_review\full_rerun_random3000_20260916\random3000_channels\RED_YELLOW_review\test3_8_0163_chrom544_dimepiperate-2_RED.png"
"test3_49","diflubenzuron-1","399","2","1","0","2","RED","164","plots\test3_49\0164_chrom399_diflubenzuron-1_RED.png","test3_49_0164_chrom399_diflubenzuron-1_RED.png","D:\yinlibo\MRMPFormer\model\project_review\full_rerun_random3000_20260916\random3000_channels\plots\test3_49\0164_chrom399_diflubenzuron-1_RED.png","D:\yinlibo\MRMPFormer\model\project_review\full_rerun_random3000_20260916\random3000_channels\RED_YELLOW_review\test3_49_0164_chrom399_diflubenzuron-1_RED.png"
"test3_13","saflufenacil-1","287","3","1","1","1","RED","175","plots\test3_13\0175_chrom287_saflufenacil-1_RED.png","test3_13_0175_chrom287_saflufenacil-1_RED.png","D:\yinlibo\MRMPFormer\model\project_review\full_rerun_random3000_20260916\random3000_channels\plots\test3_13\0175_chrom287_saflufenacil-1_RED.png","D:\yinlibo\MRMPFormer\model\project_review\full_rerun_random3000_20260916\random3000_channels\RED_YELLOW_review\test3_13_0175_chrom287_saflufenacil-1_RED.png"
"test3_10","imidaclothiz-1","45","3","1","1","2","RED","178","plots\test3_10\0178_chrom045_imidaclothiz-1_RED.png","test3_10_0178_chrom045_imidaclothiz-1_RED.png","D:\yinlibo\MRMPFormer\model\project_review\full_rerun_random3000_20260916\random3000_channels\plots\test3_10\0178_chrom045_imidaclothiz-1_RED.png","D:\yinlibo\MRMPFormer\model\project_review\full_rerun_random3000_20260916\random3000_channels\RED_YELLOW_review\test3_10_0178_chrom045_imidaclothiz-1_RED.png"
"test3_43","aldicarb sulfoxide-2","12","2","1","0","1","RED","189","plots\test3_43\0189_chrom012_aldicarb sulfoxide-2_RED.png","test3_43_0189_chrom012_aldicarb sulfoxide-2_RED.png","D:\yinlibo\MRMPFormer\model\project_review\full_rerun_random3000_20260916\random3000_channels\plots\test3_43\0189_chrom012_aldicarb sulfoxide-2_RED.png","D:\yinlibo\MRMPFormer\model\project_review\full_rerun_random3000_20260916\random3000_channels\RED_YELLOW_review\test3_43_0189_chrom012_aldicarb sulfoxide-2_RED.png"
"test3_3","pyrisoxazole-2","304","2","1","0","1","RED","194","plots\test3_3\0194_chrom304_pyrisoxazole-2_RED.png","test3_3_0194_chrom304_pyrisoxazole-2_RED.png","D:\yinlibo\MRMPFormer\model\project_review\full_rerun_random3000_20260916\random3000_channels\plots\test3_3\0194_chrom304_pyrisoxazole-2_RED.png","D:\yinlibo\MRMPFormer\model\project_review\full_rerun_random3000_20260916\random3000_channels\RED_YELLOW_review\test3_3_0194_chrom304_pyrisoxazole-2_RED.png"
"test3_7","iprodione-2","394","2","1","0","2","RED","198","plots\test3_7\0198_chrom394_iprodione-2_RED.png","test3_7_0198_chrom394_iprodione-2_RED.png","D:\yinlibo\MRMPFormer\model\project_review\full_rerun_random3000_20260916\random3000_channels\plots\test3_7\0198_chrom394_iprodione-2_RED.png","D:\yinlibo\MRMPFormer\model\project_review\full_rerun_random3000_20260916\random3000_channels\RED_YELLOW_review\test3_7_0198_chrom394_iprodione-2_RED.png"
"test3_32","oxydemeton-methyl-2","20","3","1","0","3","RED","201","plots\test3_32\0201_chrom020_oxydemeton-methyl-2_RED.png","test3_32_0201_chrom020_oxydemeton-methyl-2_RED.png","D:\yinlibo\MRMPFormer\model\project_review\full_rerun_random3000_20260916\random3000_channels\plots\test3_32\0201_chrom020_oxydemeton-methyl-2_RED.png","D:\yinlibo\MRMPFormer\model\project_review\full_rerun_random3000_20260916\random3000_channels\RED_YELLOW_review\test3_32_0201_chrom020_oxydemeton-methyl-2_RED.png"
"test3_27","aldicarb sulfoxide-2","12","4","1","0","3","RED","224","plots\test3_27\0224_chrom012_aldicarb sulfoxide-2_RED.png","test3_27_0224_chrom012_aldicarb sulfoxide-2_RED.png","D:\yinlibo\MRMPFormer\model\project_review\full_rerun_random3000_20260916\random3000_channels\plots\test3_27\0224_chrom012_aldicarb sulfoxide-2_RED.png","D:\yinlibo\MRMPFormer\model\project_review\full_rerun_random3000_20260916\random3000_channels\RED_YELLOW_review\test3_27_0224_chrom012_aldicarb sulfoxide-2_RED.png"
"test3_13","chlorbenzuron-2","442","2","1","1","1","YELLOW","232","plots\test3_13\0232_chrom442_chlorbenzuron-2_YELLOW.png","test3_13_0232_chrom442_chlorbenzuron-2_YELLOW.png","D:\yinlibo\MRMPFormer\model\project_review\full_rerun_random3000_20260916\random3000_channels\plots\test3_13\0232_chrom442_chlorbenzuron-2_YELLOW.png","D:\yinlibo\MRMPFormer\model\project_review\full_rerun_random3000_20260916\random3000_channels\RED_YELLOW_review\test3_13_0232_chrom442_chlorbenzuron-2_YELLOW.png"
"test3_45","chlorpyrifos-methyl-2","518","2","1","0","1","RED","233","plots\test3_45\0233_chrom518_chlorpyrifos-methyl-2_RED.png","test3_45_0233_chrom518_chlorpyrifos-methyl-2_RED.png","D:\yinlibo\MRMPFormer\model\project_review\full_rerun_random3000_20260916\random3000_channels\plots\test3_45\0233_chrom518_chlorpyrifos-methyl-2_RED.png","D:\yinlibo\MRMPFormer\model\project_review\full_rerun_random3000_20260916\random3000_channels\RED_YELLOW_review\test3_45_0233_chrom518_chlorpyrifos-methyl-2_RED.png"
"test3_54","Dimethenamid-P-1","293","1","1","0","1","YELLOW","246","plots\test3_54\0246_chrom293_Dimethenamid-P-1_YELLOW.png","test3_54_0246_chrom293_Dimethenamid-P-1_YELLOW.png","D:\yinlibo\MRMPFormer\model\project_review\full_rerun_random3000_20260916\random3000_channels\plots\test3_54\0246_chrom293_Dimethenamid-P-1_YELLOW.png","D:\yinlibo\MRMPFormer\model\project_review\full_rerun_random3000_20260916\random3000_channels\RED_YELLOW_review\test3_54_0246_chrom293_Dimethenamid-P-1_YELLOW.png"
"test3_40","methoprene-2","694","2","1","0","1","RED","247","plots\test3_40\0247_chrom694_methoprene-2_RED.png","test3_40_0247_chrom694_methoprene-2_RED.png","D:\yinlibo\MRMPFormer\model\project_review\full_rerun_random3000_20260916\random3000_channels\plots\test3_40\0247_chrom694_methoprene-2_RED.png","D:\yinlibo\MRMPFormer\model\project_review\full_rerun_random3000_20260916\random3000_channels\RED_YELLOW_review\test3_40_0247_chrom694_methoprene-2_RED.png"
"test3_20","trichlorfon-2","60","1","1","0","1","YELLOW","263","plots\test3_20\0263_chrom060_trichlorfon-2_YELLOW.png","test3_20_0263_chrom060_trichlorfon-2_YELLOW.png","D:\yinlibo\MRMPFormer\model\project_review\full_rerun_random3000_20260916\random3000_channels\plots\test3_20\0263_chrom060_trichlorfon-2_YELLOW.png","D:\yinlibo\MRMPFormer\model\project_review\full_rerun_random3000_20260916\random3000_channels\RED_YELLOW_review\test3_20_0263_chrom060_trichlorfon-2_YELLOW.png"
"test3_40","promecarb-1","261","2","1","0","1","RED","264","plots\test3_40\0264_chrom261_promecarb-1_RED.png","test3_40_0264_chrom261_promecarb-1_RED.png","D:\yinlibo\MRMPFormer\model\project_review\full_rerun_random3000_20260916\random3000_channels\plots\test3_40\0264_chrom261_promecarb-1_RED.png","D:\yinlibo\MRMPFormer\model\project_review\full_rerun_random3000_20260916\random3000_channels\RED_YELLOW_review\test3_40_0264_chrom261_promecarb-1_RED.png"
"test3_6","fenhexamid-2","366","4","1","0","3","RED","269","plots\test3_6\0269_chrom366_fenhexamid-2_RED.png","test3_6_0269_chrom366_fenhexamid-2_RED.png","D:\yinlibo\MRMPFormer\model\project_review\full_rerun_random3000_20260916\random3000_channels\plots\test3_6\0269_chrom366_fenhexamid-2_RED.png","D:\yinlibo\MRMPFormer\model\project_review\full_rerun_random3000_20260916\random3000_channels\RED_YELLOW_review\test3_6_0269_chrom366_fenhexamid-2_RED.png"
"test3_6","amisulbrom-1","567","4","1","1","2","RED","273","plots\test3_6\0273_chrom567_amisulbrom-1_RED.png","test3_6_0273_chrom567_amisulbrom-1_RED.png","D:\yinlibo\MRMPFormer\model\project_review\full_rerun_random3000_20260916\random3000_channels\plots\test3_6\0273_chrom567_amisulbrom-1_RED.png","D:\yinlibo\MRMPFormer\model\project_review\full_rerun_random3000_20260916\random3000_channels\RED_YELLOW_review\test3_6_0273_chrom567_amisulbrom-1_RED.png"
"test3_7","phenthoate-1","451","2","1","0","1","RED","275","plots\test3_7\0275_chrom451_phenthoate-1_RED.png","test3_7_0275_chrom451_phenthoate-1_RED.png","D:\yinlibo\MRMPFormer\model\project_review\full_rerun_random3000_20260916\random3000_channels\plots\test3_7\0275_chrom451_phenthoate-1_RED.png","D:\yinlibo\MRMPFormer\model\project_review\full_rerun_random3000_20260916\random3000_channels\RED_YELLOW_review\test3_7_0275_chrom451_phenthoate-1_RED.png"
"test3_16","phosmet-2","256","3","1","0","2","RED","298","plots\test3_16\0298_chrom256_phosmet-2_RED.png","test3_16_0298_chrom256_phosmet-2_RED.png","D:\yinlibo\MRMPFormer\model\project_review\full_rerun_random3000_20260916\random3000_channels\plots\test3_16\0298_chrom256_phosmet-2_RED.png","D:\yinlibo\MRMPFormer\model\project_review\full_rerun_random3000_20260916\random3000_channels\RED_YELLOW_review\test3_16_0298_chrom256_phosmet-2_RED.png"
"test3_5","fenthion sulfone-2","166","3","1","0","2","RED","305","plots\test3_5\0305_chrom166_fenthion sulfone-2_RED.png","test3_5_0305_chrom166_fenthion sulfone-2_RED.png","D:\yinlibo\MRMPFormer\model\project_review\full_rerun_random3000_20260916\random3000_channels\plots\test3_5\0305_chrom166_fenthion sulfone-2_RED.png","D:\yinlibo\MRMPFormer\model\project_review\full_rerun_random3000_20260916\random3000_channels\RED_YELLOW_review\test3_5_0305_chrom166_fenthion sulfone-2_RED.png"
"test3_9","carbendazim-1","55","3","1","0","3","RED","306","plots\test3_9\0306_chrom055_carbendazim-1_RED.png","test3_9_0306_chrom055_carbendazim-1_RED.png","D:\yinlibo\MRMPFormer\model\project_review\full_rerun_random3000_20260916\random3000_channels\plots\test3_9\0306_chrom055_carbendazim-1_RED.png","D:\yinlibo\MRMPFormer\model\project_review\full_rerun_random3000_20260916\random3000_channels\RED_YELLOW_review\test3_9_0306_chrom055_carbendazim-1_RED.png"
"test3_20","oxamyl oxime-2","10","2","1","0","1","RED","309","plots\test3_20\0309_chrom010_oxamyl oxime-2_RED.png","test3_20_0309_chrom010_oxamyl oxime-2_RED.png","D:\yinlibo\MRMPFormer\model\project_review\full_rerun_random3000_20260916\random3000_channels\plots\test3_20\0309_chrom010_oxamyl oxime-2_RED.png","D:\yinlibo\MRMPFormer\model\project_review\full_rerun_random3000_20260916\random3000_channels\RED_YELLOW_review\test3_20_0309_chrom010_oxamyl oxime-2_RED.png"
"test3_23","carbendazim-2","56","3","1","0","3","RED","317","plots\test3_23\0317_chrom056_carbendazim-2_RED.png","test3_23_0317_chrom056_carbendazim-2_RED.png","D:\yinlibo\MRMPFormer\model\project_review\full_rerun_random3000_20260916\random3000_channels\plots\test3_23\0317_chrom056_carbendazim-2_RED.png","D:\yinlibo\MRMPFormer\model\project_review\full_rerun_random3000_20260916\random3000_channels\RED_YELLOW_review\test3_23_0317_chrom056_carbendazim-2_RED.png"
"test3_11","fenhexamid-2","366","3","1","0","3","RED","318","plots\test3_11\0318_chrom366_fenhexamid-2_RED.png","test3_11_0318_chrom366_fenhexamid-2_RED.png","D:\yinlibo\MRMPFormer\model\project_review\full_rerun_random3000_20260916\random3000_channels\plots\test3_11\0318_chrom366_fenhexamid-2_RED.png","D:\yinlibo\MRMPFormer\model\project_review\full_rerun_random3000_20260916\random3000_channels\RED_YELLOW_review\test3_11_0318_chrom366_fenhexamid-2_RED.png"
"test3_12","imidaclothiz-2","46","3","1","0","2","RED","320","plots\test3_12\0320_chrom046_imidaclothiz-2_RED.png","test3_12_0320_chrom046_imidaclothiz-2_RED.png","D:\yinlibo\MRMPFormer\model\project_review\full_rerun_random3000_20260916\random3000_channels\plots\test3_12\0320_chrom046_imidaclothiz-2_RED.png","D:\yinlibo\MRMPFormer\model\project_review\full_rerun_random3000_20260916\random3000_channels\RED_YELLOW_review\test3_12_0320_chrom046_imidaclothiz-2_RED.png"
"test3_7","fenothiocarb-2","418","3","1","1","1","RED","321","plots\test3_7\0321_chrom418_fenothiocarb-2_RED.png","test3_7_0321_chrom418_fenothiocarb-2_RED.png","D:\yinlibo\MRMPFormer\model\project_review\full_rerun_random3000_20260916\random3000_channels\plots\test3_7\0321_chrom418_fenothiocarb-2_RED.png","D:\yinlibo\MRMPFormer\model\project_review\full_rerun_random3000_20260916\random3000_channels\RED_YELLOW_review\test3_7_0321_chrom418_fenothiocarb-2_RED.png"
"test3_18","mevinphos-2","80","1","1","0","1","YELLOW","323","plots\test3_18\0323_chrom080_mevinphos-2_YELLOW.png","test3_18_0323_chrom080_mevinphos-2_YELLOW.png","D:\yinlibo\MRMPFormer\model\project_review\full_rerun_random3000_20260916\random3000_channels\plots\test3_18\0323_chrom080_mevinphos-2_YELLOW.png","D:\yinlibo\MRMPFormer\model\project_review\full_rerun_random3000_20260916\random3000_channels\RED_YELLOW_review\test3_18_0323_chrom080_mevinphos-2_YELLOW.png"
"test3_41","novaluron-1","605","1","1","0","1","YELLOW","325","plots\test3_41\0325_chrom605_novaluron-1_YELLOW.png","test3_41_0325_chrom605_novaluron-1_YELLOW.png","D:\yinlibo\MRMPFormer\model\project_review\full_rerun_random3000_20260916\random3000_channels\plots\test3_41\0325_chrom605_novaluron-1_YELLOW.png","D:\yinlibo\MRMPFormer\model\project_review\full_rerun_random3000_20260916\random3000_channels\RED_YELLOW_review\test3_41_0325_chrom605_novaluron-1_YELLOW.png"
"test3_7","iodosulfuron-methyl-sodium-2","230","2","1","0","2","RED","332","plots\test3_7\0332_chrom230_iodosulfuron-methyl-sodium-2_RED.png","test3_7_0332_chrom230_iodosulfuron-methyl-sodium-2_RED.png","D:\yinlibo\MRMPFormer\model\project_review\full_rerun_random3000_20260916\random3000_channels\plots\test3_7\0332_chrom230_iodosulfuron-methyl-sodium-2_RED.png","D:\yinlibo\MRMPFormer\model\project_review\full_rerun_random3000_20260916\random3000_channels\RED_YELLOW_review\test3_7_0332_chrom230_iodosulfuron-methyl-sodium-2_RED.png"
"test3_48","carbendazim-1","55","2","1","0","1","RED","335","plots\test3_48\0335_chrom055_carbendazim-1_RED.png","test3_48_0335_chrom055_carbendazim-1_RED.png","D:\yinlibo\MRMPFormer\model\project_review\full_rerun_random3000_20260916\random3000_channels\plots\test3_48\0335_chrom055_carbendazim-1_RED.png","D:\yinlibo\MRMPFormer\model\project_review\full_rerun_random3000_20260916\random3000_channels\RED_YELLOW_review\test3_48_0335_chrom055_carbendazim-1_RED.png"
"test3_26","sulfoxaflor-2","66","2","1","0","2","RED","339","plots\test3_26\0339_chrom066_sulfoxaflor-2_RED.png","test3_26_0339_chrom066_sulfoxaflor-2_RED.png","D:\yinlibo\MRMPFormer\model\project_review\full_rerun_random3000_20260916\random3000_channels\plots\test3_26\0339_chrom066_sulfoxaflor-2_RED.png","D:\yinlibo\MRMPFormer\model\project_review\full_rerun_random3000_20260916\random3000_channels\RED_YELLOW_review\test3_26_0339_chrom066_sulfoxaflor-2_RED.png"
"test3_49","ipconazole-2","564","2","1","0","1","RED","342","plots\test3_49\0342_chrom564_ipconazole-2_RED.png","test3_49_0342_chrom564_ipconazole-2_RED.png","D:\yinlibo\MRMPFormer\model\project_review\full_rerun_random3000_20260916\random3000_channels\plots\test3_49\0342_chrom564_ipconazole-2_RED.png","D:\yinlibo\MRMPFormer\model\project_review\full_rerun_random3000_20260916\random3000_channels\RED_YELLOW_review\test3_49_0342_chrom564_ipconazole-2_RED.png"
"test3_35","oxamyl-2","18","2","1","0","1","RED","343","plots\test3_35\0343_chrom018_oxamyl-2_RED.png","test3_35_0343_chrom018_oxamyl-2_RED.png","D:\yinlibo\MRMPFormer\model\project_review\full_rerun_random3000_20260916\random3000_channels\plots\test3_35\0343_chrom018_oxamyl-2_RED.png","D:\yinlibo\MRMPFormer\model\project_review\full_rerun_random3000_20260916\random3000_channels\RED_YELLOW_review\test3_35_0343_chrom018_oxamyl-2_RED.png"
"test3_5","prochloraz-1","521","2","1","0","1","RED","347","plots\test3_5\0347_chrom521_prochloraz-1_RED.png","test3_5_0347_chrom521_prochloraz-1_RED.png","D:\yinlibo\MRMPFormer\model\project_review\full_rerun_random3000_20260916\random3000_channels\plots\test3_5\0347_chrom521_prochloraz-1_RED.png","D:\yinlibo\MRMPFormer\model\project_review\full_rerun_random3000_20260916\random3000_channels\RED_YELLOW_review\test3_5_0347_chrom521_prochloraz-1_RED.png"
"test3_24","tebufenozide-2","464","2","1","0","1","RED","351","plots\test3_24\0351_chrom464_tebufenozide-2_RED.png","test3_24_0351_chrom464_tebufenozide-2_RED.png","D:\yinlibo\MRMPFormer\model\project_review\full_rerun_random3000_20260916\random3000_channels\plots\test3_24\0351_chrom464_tebufenozide-2_RED.png","D:\yinlibo\MRMPFormer\model\project_review\full_rerun_random3000_20260916\random3000_channels\RED_YELLOW_review\test3_24_0351_chrom464_tebufenozide-2_RED.png"
"test3_16","tritosulfuron-1","199","4","1","0","4","RED","353","plots\test3_16\0353_chrom199_tritosulfuron-1_RED.png","test3_16_0353_chrom199_tritosulfuron-1_RED.png","D:\yinlibo\MRMPFormer\model\project_review\full_rerun_random3000_20260916\random3000_channels\plots\test3_16\0353_chrom199_tritosulfuron-1_RED.png","D:\yinlibo\MRMPFormer\model\project_review\full_rerun_random3000_20260916\random3000_channels\RED_YELLOW_review\test3_16_0353_chrom199_tritosulfuron-1_RED.png"
"test3_54","Diclobutrazol-1","449","2","1","0","1","RED","356","plots\test3_54\0356_chrom449_Diclobutrazol-1_RED.png","test3_54_0356_chrom449_Diclobutrazol-1_RED.png","D:\yinlibo\MRMPFormer\model\project_review\full_rerun_random3000_20260916\random3000_channels\plots\test3_54\0356_chrom449_Diclobutrazol-1_RED.png","D:\yinlibo\MRMPFormer\model\project_review\full_rerun_random3000_20260916\random3000_channels\RED_YELLOW_review\test3_54_0356_chrom449_Diclobutrazol-1_RED.png"
"test3_20","tralkoxydim-2","652","3","1","0","3","RED","365","plots\test3_20\0365_chrom652_tralkoxydim-2_RED.png","test3_20_0365_chrom652_tralkoxydim-2_RED.png","D:\yinlibo\MRMPFormer\model\project_review\full_rerun_random3000_20260916\random3000_channels\plots\test3_20\0365_chrom652_tralkoxydim-2_RED.png","D:\yinlibo\MRMPFormer\model\project_review\full_rerun_random3000_20260916\random3000_channels\RED_YELLOW_review\test3_20_0365_chrom652_tralkoxydim-2_RED.png"
"test3_15","methidathion-1","235","2","1","0","2","RED","367","plots\test3_15\0367_chrom235_methidathion-1_RED.png","test3_15_0367_chrom235_methidathion-1_RED.png","D:\yinlibo\MRMPFormer\model\project_review\full_rerun_random3000_20260916\random3000_channels\plots\test3_15\0367_chrom235_methidathion-1_RED.png","D:\yinlibo\MRMPFormer\model\project_review\full_rerun_random3000_20260916\random3000_channels\RED_YELLOW_review\test3_15_0367_chrom235_methidathion-1_RED.png"
"test3_6","spiromesifen-2","674","1","1","0","1","RED","368","plots\test3_6\0368_chrom674_spiromesifen-2_RED.png","test3_6_0368_chrom674_spiromesifen-2_RED.png","D:\yinlibo\MRMPFormer\model\project_review\full_rerun_random3000_20260916\random3000_channels\plots\test3_6\0368_chrom674_spiromesifen-2_RED.png","D:\yinlibo\MRMPFormer\model\project_review\full_rerun_random3000_20260916\random3000_channels\RED_YELLOW_review\test3_6_0368_chrom674_spiromesifen-2_RED.png"
"test3_13","methoprene-2","694","3","1","0","2","RED","378","plots\test3_13\0378_chrom694_methoprene-2_RED.png","test3_13_0378_chrom694_methoprene-2_RED.png","D:\yinlibo\MRMPFormer\model\project_review\full_rerun_random3000_20260916\random3000_channels\plots\test3_13\0378_chrom694_methoprene-2_RED.png","D:\yinlibo\MRMPFormer\model\project_review\full_rerun_random3000_20260916\random3000_channels\RED_YELLOW_review\test3_13_0378_chrom694_methoprene-2_RED.png"
"test3_56","diflubenzuron-1","399","2","1","0","1","RED","379","plots\test3_56\0379_chrom399_diflubenzuron-1_RED.png","test3_56_0379_chrom399_diflubenzuron-1_RED.png","D:\yinlibo\MRMPFormer\model\project_review\full_rerun_random3000_20260916\random3000_channels\plots\test3_56\0379_chrom399_diflubenzuron-1_RED.png","D:\yinlibo\MRMPFormer\model\project_review\full_rerun_random3000_20260916\random3000_channels\RED_YELLOW_review\test3_56_0379_chrom399_diflubenzuron-1_RED.png"
"test3_12","pirimicarb-desmethyl-formamido-2","142","1","1","0","1","YELLOW","382","plots\test3_12\0382_chrom142_pirimicarb-desmethyl-formamido-2_YELLOW.png","test3_12_0382_chrom142_pirimicarb-desmethyl-formamido-2_YELLOW.png","D:\yinlibo\MRMPFormer\model\project_review\full_rerun_random3000_20260916\random3000_channels\plots\test3_12\0382_chrom142_pirimicarb-desmethyl-formamido-2_YELLOW.png","D:\yinlibo\MRMPFormer\model\project_review\full_rerun_random3000_20260916\random3000_channels\RED_YELLOW_review\test3_12_0382_chrom142_pirimicarb-desmethyl-formamido-2_YELLOW.png"
"test3_49","cyprodinil-2","420","2","1","0","2","RED","389","plots\test3_49\0389_chrom420_cyprodinil-2_RED.png","test3_49_0389_chrom420_cyprodinil-2_RED.png","D:\yinlibo\MRMPFormer\model\project_review\full_rerun_random3000_20260916\random3000_channels\plots\test3_49\0389_chrom420_cyprodinil-2_RED.png","D:\yinlibo\MRMPFormer\model\project_review\full_rerun_random3000_20260916\random3000_channels\RED_YELLOW_review\test3_49_0389_chrom420_cyprodinil-2_RED.png"
"test3_3","oxadiargyl-2","516","3","1","0","2","RED","403","plots\test3_3\0403_chrom516_oxadiargyl-2_RED.png","test3_3_0403_chrom516_oxadiargyl-2_RED.png","D:\yinlibo\MRMPFormer\model\project_review\full_rerun_random3000_20260916\random3000_channels\plots\test3_3\0403_chrom516_oxadiargyl-2_RED.png","D:\yinlibo\MRMPFormer\model\project_review\full_rerun_random3000_20260916\random3000_channels\RED_YELLOW_review\test3_3_0403_chrom516_oxadiargyl-2_RED.png"
"test3_14","myclobutanil-2","334","1","1","0","1","YELLOW","426","plots\test3_14\0426_chrom334_myclobutanil-2_YELLOW.png","test3_14_0426_chrom334_myclobutanil-2_YELLOW.png","D:\yinlibo\MRMPFormer\model\project_review\full_rerun_random3000_20260916\random3000_channels\plots\test3_14\0426_chrom334_myclobutanil-2_YELLOW.png","D:\yinlibo\MRMPFormer\model\project_review\full_rerun_random3000_20260916\random3000_channels\RED_YELLOW_review\test3_14_0426_chrom334_myclobutanil-2_YELLOW.png"
"test3_12","triallate-1","639","4","1","2","1","RED","429","plots\test3_12\0429_chrom639_triallate-1_RED.png","test3_12_0429_chrom639_triallate-1_RED.png","D:\yinlibo\MRMPFormer\model\project_review\full_rerun_random3000_20260916\random3000_channels\plots\test3_12\0429_chrom639_triallate-1_RED.png","D:\yinlibo\MRMPFormer\model\project_review\full_rerun_random3000_20260916\random3000_channels\RED_YELLOW_review\test3_12_0429_chrom639_triallate-1_RED.png"
"test3_47","sedaxane-1","345","2","1","0","1","RED","433","plots\test3_47\0433_chrom345_sedaxane-1_RED.png","test3_47_0433_chrom345_sedaxane-1_RED.png","D:\yinlibo\MRMPFormer\model\project_review\full_rerun_random3000_20260916\random3000_channels\plots\test3_47\0433_chrom345_sedaxane-1_RED.png","D:\yinlibo\MRMPFormer\model\project_review\full_rerun_random3000_20260916\random3000_channels\RED_YELLOW_review\test3_47_0433_chrom345_sedaxane-1_RED.png"
"test3_12","methidathion-1","235","4","1","0","4","RED","436","plots\test3_12\0436_chrom235_methidathion-1_RED.png","test3_12_0436_chrom235_methidathion-1_RED.png","D:\yinlibo\MRMPFormer\model\project_review\full_rerun_random3000_20260916\random3000_channels\plots\test3_12\0436_chrom235_methidathion-1_RED.png","D:\yinlibo\MRMPFormer\model\project_review\full_rerun_random3000_20260916\random3000_channels\RED_YELLOW_review\test3_12_0436_chrom235_methidathion-1_RED.png"
"test3_7","dimepiperate-2","544","2","1","0","2","RED","438","plots\test3_7\0438_chrom544_dimepiperate-2_RED.png","test3_7_0438_chrom544_dimepiperate-2_RED.png","D:\yinlibo\MRMPFormer\model\project_review\full_rerun_random3000_20260916\random3000_channels\plots\test3_7\0438_chrom544_dimepiperate-2_RED.png","D:\yinlibo\MRMPFormer\model\project_review\full_rerun_random3000_20260916\random3000_channels\RED_YELLOW_review\test3_7_0438_chrom544_dimepiperate-2_RED.png"
"test3_33","tralkoxydim-2","652","1","1","0","1","YELLOW","443","plots\test3_33\0443_chrom652_tralkoxydim-2_YELLOW.png","test3_33_0443_chrom652_tralkoxydim-2_YELLOW.png","D:\yinlibo\MRMPFormer\model\project_review\full_rerun_random3000_20260916\random3000_channels\plots\test3_33\0443_chrom652_tralkoxydim-2_YELLOW.png","D:\yinlibo\MRMPFormer\model\project_review\full_rerun_random3000_20260916\random3000_channels\RED_YELLOW_review\test3_33_0443_chrom652_tralkoxydim-2_YELLOW.png"
"test3_7","flutriafol-2","194","4","1","0","4","RED","447","plots\test3_7\0447_chrom194_flutriafol-2_RED.png","test3_7_0447_chrom194_flutriafol-2_RED.png","D:\yinlibo\MRMPFormer\model\project_review\full_rerun_random3000_20260916\random3000_channels\plots\test3_7\0447_chrom194_flutriafol-2_RED.png","D:\yinlibo\MRMPFormer\model\project_review\full_rerun_random3000_20260916\random3000_channels\RED_YELLOW_review\test3_7_0447_chrom194_flutriafol-2_RED.png"
"test3_7","pyrethrins I-2","678","1","1","0","1","YELLOW","452","plots\test3_7\0452_chrom678_pyrethrins I-2_YELLOW.png","test3_7_0452_chrom678_pyrethrins I-2_YELLOW.png","D:\yinlibo\MRMPFormer\model\project_review\full_rerun_random3000_20260916\random3000_channels\plots\test3_7\0452_chrom678_pyrethrins I-2_YELLOW.png","D:\yinlibo\MRMPFormer\model\project_review\full_rerun_random3000_20260916\random3000_channels\RED_YELLOW_review\test3_7_0452_chrom678_pyrethrins I-2_YELLOW.png"
"test3_52","bitertanol-2","526","2","1","0","1","RED","456","plots\test3_52\0456_chrom526_bitertanol-2_RED.png","test3_52_0456_chrom526_bitertanol-2_RED.png","D:\yinlibo\MRMPFormer\model\project_review\full_rerun_random3000_20260916\random3000_channels\plots\test3_52\0456_chrom526_bitertanol-2_RED.png","D:\yinlibo\MRMPFormer\model\project_review\full_rerun_random3000_20260916\random3000_channels\RED_YELLOW_review\test3_52_0456_chrom526_bitertanol-2_RED.png"
"test3_13","methidathion-1","235","2","1","0","1","RED","458","plots\test3_13\0458_chrom235_methidathion-1_RED.png","test3_13_0458_chrom235_methidathion-1_RED.png","D:\yinlibo\MRMPFormer\model\project_review\full_rerun_random3000_20260916\random3000_channels\plots\test3_13\0458_chrom235_methidathion-1_RED.png","D:\yinlibo\MRMPFormer\model\project_review\full_rerun_random3000_20260916\random3000_channels\RED_YELLOW_review\test3_13_0458_chrom235_methidathion-1_RED.png"
"test3_13","fenoxanil-1","421","3","1","0","2","RED","471","plots\test3_13\0471_chrom421_fenoxanil-1_RED.png","test3_13_0471_chrom421_fenoxanil-1_RED.png","D:\yinlibo\MRMPFormer\model\project_review\full_rerun_random3000_20260916\random3000_channels\plots\test3_13\0471_chrom421_fenoxanil-1_RED.png","D:\yinlibo\MRMPFormer\model\project_review\full_rerun_random3000_20260916\random3000_channels\RED_YELLOW_review\test3_13_0471_chrom421_fenoxanil-1_RED.png"
"test3_31","sedaxane-1","345","2","1","0","1","RED","481","plots\test3_31\0481_chrom345_sedaxane-1_RED.png","test3_31_0481_chrom345_sedaxane-1_RED.png","D:\yinlibo\MRMPFormer\model\project_review\full_rerun_random3000_20260916\random3000_channels\plots\test3_31\0481_chrom345_sedaxane-1_RED.png","D:\yinlibo\MRMPFormer\model\project_review\full_rerun_random3000_20260916\random3000_channels\RED_YELLOW_review\test3_31_0481_chrom345_sedaxane-1_RED.png"
"test3_9","flonicamid-1","23","1","1","0","1","YELLOW","482","plots\test3_9\0482_chrom023_flonicamid-1_YELLOW.png","test3_9_0482_chrom023_flonicamid-1_YELLOW.png","D:\yinlibo\MRMPFormer\model\project_review\full_rerun_random3000_20260916\random3000_channels\plots\test3_9\0482_chrom023_flonicamid-1_YELLOW.png","D:\yinlibo\MRMPFormer\model\project_review\full_rerun_random3000_20260916\random3000_channels\RED_YELLOW_review\test3_9_0482_chrom023_flonicamid-1_YELLOW.png"
"test3_44","methamidophos-1","1","2","1","0","1","RED","484","plots\test3_44\0484_chrom001_methamidophos-1_RED.png","test3_44_0484_chrom001_methamidophos-1_RED.png","D:\yinlibo\MRMPFormer\model\project_review\full_rerun_random3000_20260916\random3000_channels\plots\test3_44\0484_chrom001_methamidophos-1_RED.png","D:\yinlibo\MRMPFormer\model\project_review\full_rerun_random3000_20260916\random3000_channels\RED_YELLOW_review\test3_44_0484_chrom001_methamidophos-1_RED.png"
"test3_36","paclobutrazol-1","315","2","1","0","1","RED","487","plots\test3_36\0487_chrom315_paclobutrazol-1_RED.png","test3_36_0487_chrom315_paclobutrazol-1_RED.png","D:\yinlibo\MRMPFormer\model\project_review\full_rerun_random3000_20260916\random3000_channels\plots\test3_36\0487_chrom315_paclobutrazol-1_RED.png","D:\yinlibo\MRMPFormer\model\project_review\full_rerun_random3000_20260916\random3000_channels\RED_YELLOW_review\test3_36_0487_chrom315_paclobutrazol-1_RED.png"
"test3_6","isoxaflutole-2","220","1","0","0","1","RED","490","plots\test3_6\0490_chrom220_isoxaflutole-2_RED.png","test3_6_0490_chrom220_isoxaflutole-2_RED.png","D:\yinlibo\MRMPFormer\model\project_review\full_rerun_random3000_20260916\random3000_channels\plots\test3_6\0490_chrom220_isoxaflutole-2_RED.png","D:\yinlibo\MRMPFormer\model\project_review\full_rerun_random3000_20260916\random3000_channels\RED_YELLOW_review\test3_6_0490_chrom220_isoxaflutole-2_RED.png"
"test3_4","prochloraz metabolite BTS44595-2","488","2","1","1","1","YELLOW","496","plots\test3_4\0496_chrom488_prochloraz metabolite BTS44595-2_YELLOW.png","test3_4_0496_chrom488_prochloraz metabolite BTS44595-2_YELLOW.png","D:\yinlibo\MRMPFormer\model\project_review\full_rerun_random3000_20260916\random3000_channels\plots\test3_4\0496_chrom488_prochloraz metabolite BTS44595-2_YELLOW.png","D:\yinlibo\MRMPFormer\model\project_review\full_rerun_random3000_20260916\random3000_channels\RED_YELLOW_review\test3_4_0496_chrom488_prochloraz metabolite BTS44595-2_YELLOW.png"
"test3_7","isocarbophos-1","211","1","1","0","1","YELLOW","497","plots\test3_7\0497_chrom211_isocarbophos-1_YELLOW.png","test3_7_0497_chrom211_isocarbophos-1_YELLOW.png","D:\yinlibo\MRMPFormer\model\project_review\full_rerun_random3000_20260916\random3000_channels\plots\test3_7\0497_chrom211_isocarbophos-1_YELLOW.png","D:\yinlibo\MRMPFormer\model\project_review\full_rerun_random3000_20260916\random3000_channels\RED_YELLOW_review\test3_7_0497_chrom211_isocarbophos-1_YELLOW.png"
"test3_55","phenthoate-1","451","3","1","0","2","RED","509","plots\test3_55\0509_chrom451_phenthoate-1_RED.png","test3_55_0509_chrom451_phenthoate-1_RED.png","D:\yinlibo\MRMPFormer\model\project_review\full_rerun_random3000_20260916\random3000_channels\plots\test3_55\0509_chrom451_phenthoate-1_RED.png","D:\yinlibo\MRMPFormer\model\project_review\full_rerun_random3000_20260916\random3000_channels\RED_YELLOW_review\test3_55_0509_chrom451_phenthoate-1_RED.png"
"test3_5","bioresmethrin-1","689","4","1","0","3","RED","510","plots\test3_5\0510_chrom689_bioresmethrin-1_RED.png","test3_5_0510_chrom689_bioresmethrin-1_RED.png","D:\yinlibo\MRMPFormer\model\project_review\full_rerun_random3000_20260916\random3000_channels\plots\test3_5\0510_chrom689_bioresmethrin-1_RED.png","D:\yinlibo\MRMPFormer\model\project_review\full_rerun_random3000_20260916\random3000_channels\RED_YELLOW_review\test3_5_0510_chrom689_bioresmethrin-1_RED.png"
"test3_11","fensulfothion sulfone-1","233","1","1","0","1","YELLOW","512","plots\test3_11\0512_chrom233_fensulfothion sulfone-1_YELLOW.png","test3_11_0512_chrom233_fensulfothion sulfone-1_YELLOW.png","D:\yinlibo\MRMPFormer\model\project_review\full_rerun_random3000_20260916\random3000_channels\plots\test3_11\0512_chrom233_fensulfothion sulfone-1_YELLOW.png","D:\yinlibo\MRMPFormer\model\project_review\full_rerun_random3000_20260916\random3000_channels\RED_YELLOW_review\test3_11_0512_chrom233_fensulfothion sulfone-1_YELLOW.png"
"test3_5","oxydemeton-methyl-2","20","2","1","0","2","RED","514","plots\test3_5\0514_chrom020_oxydemeton-methyl-2_RED.png","test3_5_0514_chrom020_oxydemeton-methyl-2_RED.png","D:\yinlibo\MRMPFormer\model\project_review\full_rerun_random3000_20260916\random3000_channels\plots\test3_5\0514_chrom020_oxydemeton-methyl-2_RED.png","D:\yinlibo\MRMPFormer\model\project_review\full_rerun_random3000_20260916\random3000_channels\RED_YELLOW_review\test3_5_0514_chrom020_oxydemeton-methyl-2_RED.png"
"test3_43","sulfoxaflor-2","66","3","1","1","1","RED","515","plots\test3_43\0515_chrom066_sulfoxaflor-2_RED.png","test3_43_0515_chrom066_sulfoxaflor-2_RED.png","D:\yinlibo\MRMPFormer\model\project_review\full_rerun_random3000_20260916\random3000_channels\plots\test3_43\0515_chrom066_sulfoxaflor-2_RED.png","D:\yinlibo\MRMPFormer\model\project_review\full_rerun_random3000_20260916\random3000_channels\RED_YELLOW_review\test3_43_0515_chrom066_sulfoxaflor-2_RED.png"
"test3_3","methoprene-1","693","2","1","0","1","RED","524","plots\test3_3\0524_chrom693_methoprene-1_RED.png","test3_3_0524_chrom693_methoprene-1_RED.png","D:\yinlibo\MRMPFormer\model\project_review\full_rerun_random3000_20260916\random3000_channels\plots\test3_3\0524_chrom693_methoprene-1_RED.png","D:\yinlibo\MRMPFormer\model\project_review\full_rerun_random3000_20260916\random3000_channels\RED_YELLOW_review\test3_3_0524_chrom693_methoprene-1_RED.png"
"test3_22","spirodiclofen-1","683","4","1","1","2","RED","538","plots\test3_22\0538_chrom683_spirodiclofen-1_RED.png","test3_22_0538_chrom683_spirodiclofen-1_RED.png","D:\yinlibo\MRMPFormer\model\project_review\full_rerun_random3000_20260916\random3000_channels\plots\test3_22\0538_chrom683_spirodiclofen-1_RED.png","D:\yinlibo\MRMPFormer\model\project_review\full_rerun_random3000_20260916\random3000_channels\RED_YELLOW_review\test3_22_0538_chrom683_spirodiclofen-1_RED.png"
"test3_23","methamidophos-1","1","2","1","0","1","RED","543","plots\test3_23\0543_chrom001_methamidophos-1_RED.png","test3_23_0543_chrom001_methamidophos-1_RED.png","D:\yinlibo\MRMPFormer\model\project_review\full_rerun_random3000_20260916\random3000_channels\plots\test3_23\0543_chrom001_methamidophos-1_RED.png","D:\yinlibo\MRMPFormer\model\project_review\full_rerun_random3000_20260916\random3000_channels\RED_YELLOW_review\test3_23_0543_chrom001_methamidophos-1_RED.png"
"test3_7","Chloridazon-1","71","5","1","1","3","RED","547","plots\test3_7\0547_chrom071_Chloridazon-1_RED.png","test3_7_0547_chrom071_Chloridazon-1_RED.png","D:\yinlibo\MRMPFormer\model\project_review\full_rerun_random3000_20260916\random3000_channels\plots\test3_7\0547_chrom071_Chloridazon-1_RED.png","D:\yinlibo\MRMPFormer\model\project_review\full_rerun_random3000_20260916\random3000_channels\RED_YELLOW_review\test3_7_0547_chrom071_Chloridazon-1_RED.png"
"test3_20","oxydemeton-methyl-2","20","2","1","0","2","RED","553","plots\test3_20\0553_chrom020_oxydemeton-methyl-2_RED.png","test3_20_0553_chrom020_oxydemeton-methyl-2_RED.png","D:\yinlibo\MRMPFormer\model\project_review\full_rerun_random3000_20260916\random3000_channels\plots\test3_20\0553_chrom020_oxydemeton-methyl-2_RED.png","D:\yinlibo\MRMPFormer\model\project_review\full_rerun_random3000_20260916\random3000_channels\RED_YELLOW_review\test3_20_0553_chrom020_oxydemeton-methyl-2_RED.png"
"test3_33","phenthoate-1","451","2","1","0","1","RED","555","plots\test3_33\0555_chrom451_phenthoate-1_RED.png","test3_33_0555_chrom451_phenthoate-1_RED.png","D:\yinlibo\MRMPFormer\model\project_review\full_rerun_random3000_20260916\random3000_channels\plots\test3_33\0555_chrom451_phenthoate-1_RED.png","D:\yinlibo\MRMPFormer\model\project_review\full_rerun_random3000_20260916\random3000_channels\RED_YELLOW_review\test3_33_0555_chrom451_phenthoate-1_RED.png"
"test3_6","trichlorfon-1","59","3","1","0","2","RED","559","plots\test3_6\0559_chrom059_trichlorfon-1_RED.png","test3_6_0559_chrom059_trichlorfon-1_RED.png","D:\yinlibo\MRMPFormer\model\project_review\full_rerun_random3000_20260916\random3000_channels\plots\test3_6\0559_chrom059_trichlorfon-1_RED.png","D:\yinlibo\MRMPFormer\model\project_review\full_rerun_random3000_20260916\random3000_channels\RED_YELLOW_review\test3_6_0559_chrom059_trichlorfon-1_RED.png"
"test3_18","bifenthrin-2","700","3","1","0","2","RED","565","plots\test3_18\0565_chrom700_bifenthrin-2_RED.png","test3_18_0565_chrom700_bifenthrin-2_RED.png","D:\yinlibo\MRMPFormer\model\project_review\full_rerun_random3000_20260916\random3000_channels\plots\test3_18\0565_chrom700_bifenthrin-2_RED.png","D:\yinlibo\MRMPFormer\model\project_review\full_rerun_random3000_20260916\random3000_channels\RED_YELLOW_review\test3_18_0565_chrom700_bifenthrin-2_RED.png"
"test3_10","fenthion-2","454","1","1","0","1","YELLOW","567","plots\test3_10\0567_chrom454_fenthion-2_YELLOW.png","test3_10_0567_chrom454_fenthion-2_YELLOW.png","D:\yinlibo\MRMPFormer\model\project_review\full_rerun_random3000_20260916\random3000_channels\plots\test3_10\0567_chrom454_fenthion-2_YELLOW.png","D:\yinlibo\MRMPFormer\model\project_review\full_rerun_random3000_20260916\random3000_channels\RED_YELLOW_review\test3_10_0567_chrom454_fenthion-2_YELLOW.png"
"test3_14","dichlorvos-1","115","2","1","0","2","RED","570","plots\test3_14\0570_chrom115_dichlorvos-1_RED.png","test3_14_0570_chrom115_dichlorvos-1_RED.png","D:\yinlibo\MRMPFormer\model\project_review\full_rerun_random3000_20260916\random3000_channels\plots\test3_14\0570_chrom115_dichlorvos-1_RED.png","D:\yinlibo\MRMPFormer\model\project_review\full_rerun_random3000_20260916\random3000_channels\RED_YELLOW_review\test3_14_0570_chrom115_dichlorvos-1_RED.png"
"test3_8","promecarb-1","261","2","1","0","2","RED","573","plots\test3_8\0573_chrom261_promecarb-1_RED.png","test3_8_0573_chrom261_promecarb-1_RED.png","D:\yinlibo\MRMPFormer\model\project_review\full_rerun_random3000_20260916\random3000_channels\plots\test3_8\0573_chrom261_promecarb-1_RED.png","D:\yinlibo\MRMPFormer\model\project_review\full_rerun_random3000_20260916\random3000_channels\RED_YELLOW_review\test3_8_0573_chrom261_promecarb-1_RED.png"
"test3_20","tebufenozide-2","464","2","1","0","1","RED","578","plots\test3_20\0578_chrom464_tebufenozide-2_RED.png","test3_20_0578_chrom464_tebufenozide-2_RED.png","D:\yinlibo\MRMPFormer\model\project_review\full_rerun_random3000_20260916\random3000_channels\plots\test3_20\0578_chrom464_tebufenozide-2_RED.png","D:\yinlibo\MRMPFormer\model\project_review\full_rerun_random3000_20260916\random3000_channels\RED_YELLOW_review\test3_20_0578_chrom464_tebufenozide-2_RED.png"
"test3_9","methamidophos-2","2","4","1","0","4","RED","579","plots\test3_9\0579_chrom002_methamidophos-2_RED.png","test3_9_0579_chrom002_methamidophos-2_RED.png","D:\yinlibo\MRMPFormer\model\project_review\full_rerun_random3000_20260916\random3000_channels\plots\test3_9\0579_chrom002_methamidophos-2_RED.png","D:\yinlibo\MRMPFormer\model\project_review\full_rerun_random3000_20260916\random3000_channels\RED_YELLOW_review\test3_9_0579_chrom002_methamidophos-2_RED.png"
"test3_12","mefenacet-2","356","1","1","0","1","YELLOW","580","plots\test3_12\0580_chrom356_mefenacet-2_YELLOW.png","test3_12_0580_chrom356_mefenacet-2_YELLOW.png","D:\yinlibo\MRMPFormer\model\project_review\full_rerun_random3000_20260916\random3000_channels\plots\test3_12\0580_chrom356_mefenacet-2_YELLOW.png","D:\yinlibo\MRMPFormer\model\project_review\full_rerun_random3000_20260916\random3000_channels\RED_YELLOW_review\test3_12_0580_chrom356_mefenacet-2_YELLOW.png"
"test3_12","mevinphos-2","80","1","1","0","1","YELLOW","581","plots\test3_12\0581_chrom080_mevinphos-2_YELLOW.png","test3_12_0581_chrom080_mevinphos-2_YELLOW.png","D:\yinlibo\MRMPFormer\model\project_review\full_rerun_random3000_20260916\random3000_channels\plots\test3_12\0581_chrom080_mevinphos-2_YELLOW.png","D:\yinlibo\MRMPFormer\model\project_review\full_rerun_random3000_20260916\random3000_channels\RED_YELLOW_review\test3_12_0581_chrom080_mevinphos-2_YELLOW.png"
"test3_39","bitertanol-2","526","2","1","0","1","RED","594","plots\test3_39\0594_chrom526_bitertanol-2_RED.png","test3_39_0594_chrom526_bitertanol-2_RED.png","D:\yinlibo\MRMPFormer\model\project_review\full_rerun_random3000_20260916\random3000_channels\plots\test3_39\0594_chrom526_bitertanol-2_RED.png","D:\yinlibo\MRMPFormer\model\project_review\full_rerun_random3000_20260916\random3000_channels\RED_YELLOW_review\test3_39_0594_chrom526_bitertanol-2_RED.png"
"test3_3","hexaflumuron-2","584","3","1","1","1","RED","596","plots\test3_3\0596_chrom584_hexaflumuron-2_RED.png","test3_3_0596_chrom584_hexaflumuron-2_RED.png","D:\yinlibo\MRMPFormer\model\project_review\full_rerun_random3000_20260916\random3000_channels\plots\test3_3\0596_chrom584_hexaflumuron-2_RED.png","D:\yinlibo\MRMPFormer\model\project_review\full_rerun_random3000_20260916\random3000_channels\RED_YELLOW_review\test3_3_0596_chrom584_hexaflumuron-2_RED.png"
"test3_20","malathion-2","332","4","1","0","3","RED","598","plots\test3_20\0598_chrom332_malathion-2_RED.png","test3_20_0598_chrom332_malathion-2_RED.png","D:\yinlibo\MRMPFormer\model\project_review\full_rerun_random3000_20260916\random3000_channels\plots\test3_20\0598_chrom332_malathion-2_RED.png","D:\yinlibo\MRMPFormer\model\project_review\full_rerun_random3000_20260916\random3000_channels\RED_YELLOW_review\test3_20_0598_chrom332_malathion-2_RED.png"
"test3_23","propargite-2","666","2","1","0","1","RED","600","plots\test3_23\0600_chrom666_propargite-2_RED.png","test3_23_0600_chrom666_propargite-2_RED.png","D:\yinlibo\MRMPFormer\model\project_review\full_rerun_random3000_20260916\random3000_channels\plots\test3_23\0600_chrom666_propargite-2_RED.png","D:\yinlibo\MRMPFormer\model\project_review\full_rerun_random3000_20260916\random3000_channels\RED_YELLOW_review\test3_23_0600_chrom666_propargite-2_RED.png"
"test3_4","Dimethenamid-P-2","294","2","1","1","1","YELLOW","605","plots\test3_4\0605_chrom294_Dimethenamid-P-2_YELLOW.png","test3_4_0605_chrom294_Dimethenamid-P-2_YELLOW.png","D:\yinlibo\MRMPFormer\model\project_review\full_rerun_random3000_20260916\random3000_channels\plots\test3_4\0605_chrom294_Dimethenamid-P-2_YELLOW.png","D:\yinlibo\MRMPFormer\model\project_review\full_rerun_random3000_20260916\random3000_channels\RED_YELLOW_review\test3_4_0605_chrom294_Dimethenamid-P-2_YELLOW.png"
"test3_6","iprobenfos-1","469","2","1","0","1","RED","611","plots\test3_6\0611_chrom469_iprobenfos-1_RED.png","test3_6_0611_chrom469_iprobenfos-1_RED.png","D:\yinlibo\MRMPFormer\model\project_review\full_rerun_random3000_20260916\random3000_channels\plots\test3_6\0611_chrom469_iprobenfos-1_RED.png","D:\yinlibo\MRMPFormer\model\project_review\full_rerun_random3000_20260916\random3000_channels\RED_YELLOW_review\test3_6_0611_chrom469_iprobenfos-1_RED.png"
"test3_10","bifenthrin-2","700","4","1","0","4","RED","612","plots\test3_10\0612_chrom700_bifenthrin-2_RED.png","test3_10_0612_chrom700_bifenthrin-2_RED.png","D:\yinlibo\MRMPFormer\model\project_review\full_rerun_random3000_20260916\random3000_channels\plots\test3_10\0612_chrom700_bifenthrin-2_RED.png","D:\yinlibo\MRMPFormer\model\project_review\full_rerun_random3000_20260916\random3000_channels\RED_YELLOW_review\test3_10_0612_chrom700_bifenthrin-2_RED.png"
"test3_11","triflumizole-2","566","2","1","0","1","RED","613","plots\test3_11\0613_chrom566_triflumizole-2_RED.png","test3_11_0613_chrom566_triflumizole-2_RED.png","D:\yinlibo\MRMPFormer\model\project_review\full_rerun_random3000_20260916\random3000_channels\plots\test3_11\0613_chrom566_triflumizole-2_RED.png","D:\yinlibo\MRMPFormer\model\project_review\full_rerun_random3000_20260916\random3000_channels\RED_YELLOW_review\test3_11_0613_chrom566_triflumizole-2_RED.png"
"test3_20","tebufenozide-1","463","2","1","0","2","RED","616","plots\test3_20\0616_chrom463_tebufenozide-1_RED.png","test3_20_0616_chrom463_tebufenozide-1_RED.png","D:\yinlibo\MRMPFormer\model\project_review\full_rerun_random3000_20260916\random3000_channels\plots\test3_20\0616_chrom463_tebufenozide-1_RED.png","D:\yinlibo\MRMPFormer\model\project_review\full_rerun_random3000_20260916\random3000_channels\RED_YELLOW_review\test3_20_0616_chrom463_tebufenozide-1_RED.png"
"test3_23","profenofos-2","580","2","1","0","1","RED","622","plots\test3_23\0622_chrom580_profenofos-2_RED.png","test3_23_0622_chrom580_profenofos-2_RED.png","D:\yinlibo\MRMPFormer\model\project_review\full_rerun_random3000_20260916\random3000_channels\plots\test3_23\0622_chrom580_profenofos-2_RED.png","D:\yinlibo\MRMPFormer\model\project_review\full_rerun_random3000_20260916\random3000_channels\RED_YELLOW_review\test3_23_0622_chrom580_profenofos-2_RED.png"
"test3_48","teflubenzuron-1","601","1","0","0","1","RED","623","plots\test3_48\0623_chrom601_teflubenzuron-1_RED.png","test3_48_0623_chrom601_teflubenzuron-1_RED.png","D:\yinlibo\MRMPFormer\model\project_review\full_rerun_random3000_20260916\random3000_channels\plots\test3_48\0623_chrom601_teflubenzuron-1_RED.png","D:\yinlibo\MRMPFormer\model\project_review\full_rerun_random3000_20260916\random3000_channels\RED_YELLOW_review\test3_48_0623_chrom601_teflubenzuron-1_RED.png"
"test3_26","Diclobutrazol-1","449","2","1","0","1","RED","628","plots\test3_26\0628_chrom449_Diclobutrazol-1_RED.png","test3_26_0628_chrom449_Diclobutrazol-1_RED.png","D:\yinlibo\MRMPFormer\model\project_review\full_rerun_random3000_20260916\random3000_channels\plots\test3_26\0628_chrom449_Diclobutrazol-1_RED.png","D:\yinlibo\MRMPFormer\model\project_review\full_rerun_random3000_20260916\random3000_channels\RED_YELLOW_review\test3_26_0628_chrom449_Diclobutrazol-1_RED.png"
"test3_48","cyproconazole-2","410","2","1","0","1","RED","629","plots\test3_48\0629_chrom410_cyproconazole-2_RED.png","test3_48_0629_chrom410_cyproconazole-2_RED.png","D:\yinlibo\MRMPFormer\model\project_review\full_rerun_random3000_20260916\random3000_channels\plots\test3_48\0629_chrom410_cyproconazole-2_RED.png","D:\yinlibo\MRMPFormer\model\project_review\full_rerun_random3000_20260916\random3000_channels\RED_YELLOW_review\test3_48_0629_chrom410_cyproconazole-2_RED.png"
"test3_3","piperonyl butoxide-1","637","3","1","0","3","RED","636","plots\test3_3\0636_chrom637_piperonyl butoxide-1_RED.png","test3_3_0636_chrom637_piperonyl butoxide-1_RED.png","D:\yinlibo\MRMPFormer\model\project_review\full_rerun_random3000_20260916\random3000_channels\plots\test3_3\0636_chrom637_piperonyl butoxide-1_RED.png","D:\yinlibo\MRMPFormer\model\project_review\full_rerun_random3000_20260916\random3000_channels\RED_YELLOW_review\test3_3_0636_chrom637_piperonyl butoxide-1_RED.png"
"test3_9","tralkoxydim-1","651","1","1","0","1","RED","640","plots\test3_9\0640_chrom651_tralkoxydim-1_RED.png","test3_9_0640_chrom651_tralkoxydim-1_RED.png","D:\yinlibo\MRMPFormer\model\project_review\full_rerun_random3000_20260916\random3000_channels\plots\test3_9\0640_chrom651_tralkoxydim-1_RED.png","D:\yinlibo\MRMPFormer\model\project_review\full_rerun_random3000_20260916\random3000_channels\RED_YELLOW_review\test3_9_0640_chrom651_tralkoxydim-1_RED.png"
"test3_56","phosmet oxon-2","98","2","1","0","1","RED","642","plots\test3_56\0642_chrom098_phosmet oxon-2_RED.png","test3_56_0642_chrom098_phosmet oxon-2_RED.png","D:\yinlibo\MRMPFormer\model\project_review\full_rerun_random3000_20260916\random3000_channels\plots\test3_56\0642_chrom098_phosmet oxon-2_RED.png","D:\yinlibo\MRMPFormer\model\project_review\full_rerun_random3000_20260916\random3000_channels\RED_YELLOW_review\test3_56_0642_chrom098_phosmet oxon-2_RED.png"
"test3_30","tau-fluvalinate-2","692","2","1","0","1","RED","646","plots\test3_30\0646_chrom692_tau-fluvalinate-2_RED.png","test3_30_0646_chrom692_tau-fluvalinate-2_RED.png","D:\yinlibo\MRMPFormer\model\project_review\full_rerun_random3000_20260916\random3000_channels\plots\test3_30\0646_chrom692_tau-fluvalinate-2_RED.png","D:\yinlibo\MRMPFormer\model\project_review\full_rerun_random3000_20260916\random3000_channels\RED_YELLOW_review\test3_30_0646_chrom692_tau-fluvalinate-2_RED.png"
"test3_15","methamidophos-1","1","2","1","0","1","RED","649","plots\test3_15\0649_chrom001_methamidophos-1_RED.png","test3_15_0649_chrom001_methamidophos-1_RED.png","D:\yinlibo\MRMPFormer\model\project_review\full_rerun_random3000_20260916\random3000_channels\plots\test3_15\0649_chrom001_methamidophos-1_RED.png","D:\yinlibo\MRMPFormer\model\project_review\full_rerun_random3000_20260916\random3000_channels\RED_YELLOW_review\test3_15_0649_chrom001_methamidophos-1_RED.png"
"test3_8","cyazofamid-2","402","2","1","0","2","RED","652","plots\test3_8\0652_chrom402_cyazofamid-2_RED.png","test3_8_0652_chrom402_cyazofamid-2_RED.png","D:\yinlibo\MRMPFormer\model\project_review\full_rerun_random3000_20260916\random3000_channels\plots\test3_8\0652_chrom402_cyazofamid-2_RED.png","D:\yinlibo\MRMPFormer\model\project_review\full_rerun_random3000_20260916\random3000_channels\RED_YELLOW_review\test3_8_0652_chrom402_cyazofamid-2_RED.png"
"test3_43","bitertanol-1","525","2","1","0","2","RED","657","plots\test3_43\0657_chrom525_bitertanol-1_RED.png","test3_43_0657_chrom525_bitertanol-1_RED.png","D:\yinlibo\MRMPFormer\model\project_review\full_rerun_random3000_20260916\random3000_channels\plots\test3_43\0657_chrom525_bitertanol-1_RED.png","D:\yinlibo\MRMPFormer\model\project_review\full_rerun_random3000_20260916\random3000_channels\RED_YELLOW_review\test3_43_0657_chrom525_bitertanol-1_RED.png"
"test3_19","spinetoram J-1","599","2","1","0","1","RED","667","plots\test3_19\0667_chrom599_spinetoram J-1_RED.png","test3_19_0667_chrom599_spinetoram J-1_RED.png","D:\yinlibo\MRMPFormer\model\project_review\full_rerun_random3000_20260916\random3000_channels\plots\test3_19\0667_chrom599_spinetoram J-1_RED.png","D:\yinlibo\MRMPFormer\model\project_review\full_rerun_random3000_20260916\random3000_channels\RED_YELLOW_review\test3_19_0667_chrom599_spinetoram J-1_RED.png"
"test3_37","promecarb-1","261","2","1","0","1","RED","671","plots\test3_37\0671_chrom261_promecarb-1_RED.png","test3_37_0671_chrom261_promecarb-1_RED.png","D:\yinlibo\MRMPFormer\model\project_review\full_rerun_random3000_20260916\random3000_channels\plots\test3_37\0671_chrom261_promecarb-1_RED.png","D:\yinlibo\MRMPFormer\model\project_review\full_rerun_random3000_20260916\random3000_channels\RED_YELLOW_review\test3_37_0671_chrom261_promecarb-1_RED.png"
"test3_15","pirimicarb-desmethyl-formamido-2","142","1","1","0","1","YELLOW","675","plots\test3_15\0675_chrom142_pirimicarb-desmethyl-formamido-2_YELLOW.png","test3_15_0675_chrom142_pirimicarb-desmethyl-formamido-2_YELLOW.png","D:\yinlibo\MRMPFormer\model\project_review\full_rerun_random3000_20260916\random3000_channels\plots\test3_15\0675_chrom142_pirimicarb-desmethyl-formamido-2_YELLOW.png","D:\yinlibo\MRMPFormer\model\project_review\full_rerun_random3000_20260916\random3000_channels\RED_YELLOW_review\test3_15_0675_chrom142_pirimicarb-desmethyl-formamido-2_YELLOW.png"
"test3_53","Diclobutrazol-2","450","3","1","0","2","RED","677","plots\test3_53\0677_chrom450_Diclobutrazol-2_RED.png","test3_53_0677_chrom450_Diclobutrazol-2_RED.png","D:\yinlibo\MRMPFormer\model\project_review\full_rerun_random3000_20260916\random3000_channels\plots\test3_53\0677_chrom450_Diclobutrazol-2_RED.png","D:\yinlibo\MRMPFormer\model\project_review\full_rerun_random3000_20260916\random3000_channels\RED_YELLOW_review\test3_53_0677_chrom450_Diclobutrazol-2_RED.png"
"test3_6","oxadiargyl-2","516","5","1","1","3","RED","687","plots\test3_6\0687_chrom516_oxadiargyl-2_RED.png","test3_6_0687_chrom516_oxadiargyl-2_RED.png","D:\yinlibo\MRMPFormer\model\project_review\full_rerun_random3000_20260916\random3000_channels\plots\test3_6\0687_chrom516_oxadiargyl-2_RED.png","D:\yinlibo\MRMPFormer\model\project_review\full_rerun_random3000_20260916\random3000_channels\RED_YELLOW_review\test3_6_0687_chrom516_oxadiargyl-2_RED.png"
"test3_28","carbendazim-2","56","3","1","1","1","RED","698","plots\test3_28\0698_chrom056_carbendazim-2_RED.png","test3_28_0698_chrom056_carbendazim-2_RED.png","D:\yinlibo\MRMPFormer\model\project_review\full_rerun_random3000_20260916\random3000_channels\plots\test3_28\0698_chrom056_carbendazim-2_RED.png","D:\yinlibo\MRMPFormer\model\project_review\full_rerun_random3000_20260916\random3000_channels\RED_YELLOW_review\test3_28_0698_chrom056_carbendazim-2_RED.png"
"test3_11","triazophos-1","361","2","1","0","1","RED","703","plots\test3_11\0703_chrom361_triazophos-1_RED.png","test3_11_0703_chrom361_triazophos-1_RED.png","D:\yinlibo\MRMPFormer\model\project_review\full_rerun_random3000_20260916\random3000_channels\plots\test3_11\0703_chrom361_triazophos-1_RED.png","D:\yinlibo\MRMPFormer\model\project_review\full_rerun_random3000_20260916\random3000_channels\RED_YELLOW_review\test3_11_0703_chrom361_triazophos-1_RED.png"
"test3_18","amisulbrom-1","567","2","1","0","1","RED","709","plots\test3_18\0709_chrom567_amisulbrom-1_RED.png","test3_18_0709_chrom567_amisulbrom-1_RED.png","D:\yinlibo\MRMPFormer\model\project_review\full_rerun_random3000_20260916\random3000_channels\plots\test3_18\0709_chrom567_amisulbrom-1_RED.png","D:\yinlibo\MRMPFormer\model\project_review\full_rerun_random3000_20260916\random3000_channels\RED_YELLOW_review\test3_18_0709_chrom567_amisulbrom-1_RED.png"
"test3_11","isoprothiolane-2","328","3","1","0","3","RED","710","plots\test3_11\0710_chrom328_isoprothiolane-2_RED.png","test3_11_0710_chrom328_isoprothiolane-2_RED.png","D:\yinlibo\MRMPFormer\model\project_review\full_rerun_random3000_20260916\random3000_channels\plots\test3_11\0710_chrom328_isoprothiolane-2_RED.png","D:\yinlibo\MRMPFormer\model\project_review\full_rerun_random3000_20260916\random3000_channels\RED_YELLOW_review\test3_11_0710_chrom328_isoprothiolane-2_RED.png"
"test3_46","chlordimeform-1","27","1","1","0","1","YELLOW","718","plots\test3_46\0718_chrom027_chlordimeform-1_YELLOW.png","test3_46_0718_chrom027_chlordimeform-1_YELLOW.png","D:\yinlibo\MRMPFormer\model\project_review\full_rerun_random3000_20260916\random3000_channels\plots\test3_46\0718_chrom027_chlordimeform-1_YELLOW.png","D:\yinlibo\MRMPFormer\model\project_review\full_rerun_random3000_20260916\random3000_channels\RED_YELLOW_review\test3_46_0718_chrom027_chlordimeform-1_YELLOW.png"
"test3_43","omethoate-2","8","1","1","0","1","YELLOW","721","plots\test3_43\0721_chrom008_omethoate-2_YELLOW.png","test3_43_0721_chrom008_omethoate-2_YELLOW.png","D:\yinlibo\MRMPFormer\model\project_review\full_rerun_random3000_20260916\random3000_channels\plots\test3_43\0721_chrom008_omethoate-2_YELLOW.png","D:\yinlibo\MRMPFormer\model\project_review\full_rerun_random3000_20260916\random3000_channels\RED_YELLOW_review\test3_43_0721_chrom008_omethoate-2_YELLOW.png"
"test3_42","iprodione-2","394","2","1","0","1","RED","739","plots\test3_42\0739_chrom394_iprodione-2_RED.png","test3_42_0739_chrom394_iprodione-2_RED.png","D:\yinlibo\MRMPFormer\model\project_review\full_rerun_random3000_20260916\random3000_channels\plots\test3_42\0739_chrom394_iprodione-2_RED.png","D:\yinlibo\MRMPFormer\model\project_review\full_rerun_random3000_20260916\random3000_channels\RED_YELLOW_review\test3_42_0739_chrom394_iprodione-2_RED.png"
"test3_14","terbufos sulfoxide-2","284","3","1","0","2","RED","741","plots\test3_14\0741_chrom284_terbufos sulfoxide-2_RED.png","test3_14_0741_chrom284_terbufos sulfoxide-2_RED.png","D:\yinlibo\MRMPFormer\model\project_review\full_rerun_random3000_20260916\random3000_channels\plots\test3_14\0741_chrom284_terbufos sulfoxide-2_RED.png","D:\yinlibo\MRMPFormer\model\project_review\full_rerun_random3000_20260916\random3000_channels\RED_YELLOW_review\test3_14_0741_chrom284_terbufos sulfoxide-2_RED.png"
"test3_22","pendimethalin-2","646","3","1","1","2","RED","742","plots\test3_22\0742_chrom646_pendimethalin-2_RED.png","test3_22_0742_chrom646_pendimethalin-2_RED.png","D:\yinlibo\MRMPFormer\model\project_review\full_rerun_random3000_20260916\random3000_channels\plots\test3_22\0742_chrom646_pendimethalin-2_RED.png","D:\yinlibo\MRMPFormer\model\project_review\full_rerun_random3000_20260916\random3000_channels\RED_YELLOW_review\test3_22_0742_chrom646_pendimethalin-2_RED.png"
"test3_14","bromuconazole-2","350","3","1","0","2","RED","743","plots\test3_14\0743_chrom350_bromuconazole-2_RED.png","test3_14_0743_chrom350_bromuconazole-2_RED.png","D:\yinlibo\MRMPFormer\model\project_review\full_rerun_random3000_20260916\random3000_channels\plots\test3_14\0743_chrom350_bromuconazole-2_RED.png","D:\yinlibo\MRMPFormer\model\project_review\full_rerun_random3000_20260916\random3000_channels\RED_YELLOW_review\test3_14_0743_chrom350_bromuconazole-2_RED.png"
"test3_14","bendiocarb-2","126","3","1","0","2","RED","757","plots\test3_14\0757_chrom126_bendiocarb-2_RED.png","test3_14_0757_chrom126_bendiocarb-2_RED.png","D:\yinlibo\MRMPFormer\model\project_review\full_rerun_random3000_20260916\random3000_channels\plots\test3_14\0757_chrom126_bendiocarb-2_RED.png","D:\yinlibo\MRMPFormer\model\project_review\full_rerun_random3000_20260916\random3000_channels\RED_YELLOW_review\test3_14_0757_chrom126_bendiocarb-2_RED.png"
"test3_14","terbufos sulfoxide-1","283","2","1","0","1","RED","758","plots\test3_14\0758_chrom283_terbufos sulfoxide-1_RED.png","test3_14_0758_chrom283_terbufos sulfoxide-1_RED.png","D:\yinlibo\MRMPFormer\model\project_review\full_rerun_random3000_20260916\random3000_channels\plots\test3_14\0758_chrom283_terbufos sulfoxide-1_RED.png","D:\yinlibo\MRMPFormer\model\project_review\full_rerun_random3000_20260916\random3000_channels\RED_YELLOW_review\test3_14_0758_chrom283_terbufos sulfoxide-1_RED.png"
"test3_55","promecarb-1","261","2","1","0","1","RED","762","plots\test3_55\0762_chrom261_promecarb-1_RED.png","test3_55_0762_chrom261_promecarb-1_RED.png","D:\yinlibo\MRMPFormer\model\project_review\full_rerun_random3000_20260916\random3000_channels\plots\test3_55\0762_chrom261_promecarb-1_RED.png","D:\yinlibo\MRMPFormer\model\project_review\full_rerun_random3000_20260916\random3000_channels\RED_YELLOW_review\test3_55_0762_chrom261_promecarb-1_RED.png"
"test3_45","terbufos sulfone-2","278","2","1","0","1","RED","763","plots\test3_45\0763_chrom278_terbufos sulfone-2_RED.png","test3_45_0763_chrom278_terbufos sulfone-2_RED.png","D:\yinlibo\MRMPFormer\model\project_review\full_rerun_random3000_20260916\random3000_channels\plots\test3_45\0763_chrom278_terbufos sulfone-2_RED.png","D:\yinlibo\MRMPFormer\model\project_review\full_rerun_random3000_20260916\random3000_channels\RED_YELLOW_review\test3_45_0763_chrom278_terbufos sulfone-2_RED.png"
"test3_18","metribuzin-2","134","2","1","0","1","RED","767","plots\test3_18\0767_chrom134_metribuzin-2_RED.png","test3_18_0767_chrom134_metribuzin-2_RED.png","D:\yinlibo\MRMPFormer\model\project_review\full_rerun_random3000_20260916\random3000_channels\plots\test3_18\0767_chrom134_metribuzin-2_RED.png","D:\yinlibo\MRMPFormer\model\project_review\full_rerun_random3000_20260916\random3000_channels\RED_YELLOW_review\test3_18_0767_chrom134_metribuzin-2_RED.png"
"test3_18","acetochlor-2","380","2","1","1","1","YELLOW","775","plots\test3_18\0775_chrom380_acetochlor-2_YELLOW.png","test3_18_0775_chrom380_acetochlor-2_YELLOW.png","D:\yinlibo\MRMPFormer\model\project_review\full_rerun_random3000_20260916\random3000_channels\plots\test3_18\0775_chrom380_acetochlor-2_YELLOW.png","D:\yinlibo\MRMPFormer\model\project_review\full_rerun_random3000_20260916\random3000_channels\RED_YELLOW_review\test3_18_0775_chrom380_acetochlor-2_YELLOW.png"
"test3_25","triazophos-1","361","2","1","0","1","RED","776","plots\test3_25\0776_chrom361_triazophos-1_RED.png","test3_25_0776_chrom361_triazophos-1_RED.png","D:\yinlibo\MRMPFormer\model\project_review\full_rerun_random3000_20260916\random3000_channels\plots\test3_25\0776_chrom361_triazophos-1_RED.png","D:\yinlibo\MRMPFormer\model\project_review\full_rerun_random3000_20260916\random3000_channels\RED_YELLOW_review\test3_25_0776_chrom361_triazophos-1_RED.png"
"test3_5","propargite-1","665","5","1","1","3","RED","779","plots\test3_5\0779_chrom665_propargite-1_RED.png","test3_5_0779_chrom665_propargite-1_RED.png","D:\yinlibo\MRMPFormer\model\project_review\full_rerun_random3000_20260916\random3000_channels\plots\test3_5\0779_chrom665_propargite-1_RED.png","D:\yinlibo\MRMPFormer\model\project_review\full_rerun_random3000_20260916\random3000_channels\RED_YELLOW_review\test3_5_0779_chrom665_propargite-1_RED.png"
"test3_23","fenoxanil-2","422","1","1","0","1","YELLOW","782","plots\test3_23\0782_chrom422_fenoxanil-2_YELLOW.png","test3_23_0782_chrom422_fenoxanil-2_YELLOW.png","D:\yinlibo\MRMPFormer\model\project_review\full_rerun_random3000_20260916\random3000_channels\plots\test3_23\0782_chrom422_fenoxanil-2_YELLOW.png","D:\yinlibo\MRMPFormer\model\project_review\full_rerun_random3000_20260916\random3000_channels\RED_YELLOW_review\test3_23_0782_chrom422_fenoxanil-2_YELLOW.png"
"test3_9","triflusulfuron-methyl-2","354","1","1","0","1","YELLOW","795","plots\test3_9\0795_chrom354_triflusulfuron-methyl-2_YELLOW.png","test3_9_0795_chrom354_triflusulfuron-methyl-2_YELLOW.png","D:\yinlibo\MRMPFormer\model\project_review\full_rerun_random3000_20260916\random3000_channels\plots\test3_9\0795_chrom354_triflusulfuron-methyl-2_YELLOW.png","D:\yinlibo\MRMPFormer\model\project_review\full_rerun_random3000_20260916\random3000_channels\RED_YELLOW_review\test3_9_0795_chrom354_triflusulfuron-methyl-2_YELLOW.png"
"test3_4","picoxystrobin-1","457","4","1","0","3","RED","810","plots\test3_4\0810_chrom457_picoxystrobin-1_RED.png","test3_4_0810_chrom457_picoxystrobin-1_RED.png","D:\yinlibo\MRMPFormer\model\project_review\full_rerun_random3000_20260916\random3000_channels\plots\test3_4\0810_chrom457_picoxystrobin-1_RED.png","D:\yinlibo\MRMPFormer\model\project_review\full_rerun_random3000_20260916\random3000_channels\RED_YELLOW_review\test3_4_0810_chrom457_picoxystrobin-1_RED.png"
"test3_40","diflubenzuron-2","400","2","1","0","1","RED","814","plots\test3_40\0814_chrom400_diflubenzuron-2_RED.png","test3_40_0814_chrom400_diflubenzuron-2_RED.png","D:\yinlibo\MRMPFormer\model\project_review\full_rerun_random3000_20260916\random3000_channels\plots\test3_40\0814_chrom400_diflubenzuron-2_RED.png","D:\yinlibo\MRMPFormer\model\project_review\full_rerun_random3000_20260916\random3000_channels\RED_YELLOW_review\test3_40_0814_chrom400_diflubenzuron-2_RED.png"
"test3_12","tebufenozide-2","464","3","1","1","1","RED","816","plots\test3_12\0816_chrom464_tebufenozide-2_RED.png","test3_12_0816_chrom464_tebufenozide-2_RED.png","D:\yinlibo\MRMPFormer\model\project_review\full_rerun_random3000_20260916\random3000_channels\plots\test3_12\0816_chrom464_tebufenozide-2_RED.png","D:\yinlibo\MRMPFormer\model\project_review\full_rerun_random3000_20260916\random3000_channels\RED_YELLOW_review\test3_12_0816_chrom464_tebufenozide-2_RED.png"
"test3_4","dimepiperate-2","544","6","1","0","6","RED","823","plots\test3_4\0823_chrom544_dimepiperate-2_RED.png","test3_4_0823_chrom544_dimepiperate-2_RED.png","D:\yinlibo\MRMPFormer\model\project_review\full_rerun_random3000_20260916\random3000_channels\plots\test3_4\0823_chrom544_dimepiperate-2_RED.png","D:\yinlibo\MRMPFormer\model\project_review\full_rerun_random3000_20260916\random3000_channels\RED_YELLOW_review\test3_4_0823_chrom544_dimepiperate-2_RED.png"
"test3_15","phenthoate-2","452","2","1","0","1","RED","827","plots\test3_15\0827_chrom452_phenthoate-2_RED.png","test3_15_0827_chrom452_phenthoate-2_RED.png","D:\yinlibo\MRMPFormer\model\project_review\full_rerun_random3000_20260916\random3000_channels\plots\test3_15\0827_chrom452_phenthoate-2_RED.png","D:\yinlibo\MRMPFormer\model\project_review\full_rerun_random3000_20260916\random3000_channels\RED_YELLOW_review\test3_15_0827_chrom452_phenthoate-2_RED.png"
"test3_11","oxaziclomefone-2","598","2","1","0","1","RED","829","plots\test3_11\0829_chrom598_oxaziclomefone-2_RED.png","test3_11_0829_chrom598_oxaziclomefone-2_RED.png","D:\yinlibo\MRMPFormer\model\project_review\full_rerun_random3000_20260916\random3000_channels\plots\test3_11\0829_chrom598_oxaziclomefone-2_RED.png","D:\yinlibo\MRMPFormer\model\project_review\full_rerun_random3000_20260916\random3000_channels\RED_YELLOW_review\test3_11_0829_chrom598_oxaziclomefone-2_RED.png"
"test3_36","terbufos sulfone-2","278","3","1","1","1","RED","836","plots\test3_36\0836_chrom278_terbufos sulfone-2_RED.png","test3_36_0836_chrom278_terbufos sulfone-2_RED.png","D:\yinlibo\MRMPFormer\model\project_review\full_rerun_random3000_20260916\random3000_channels\plots\test3_36\0836_chrom278_terbufos sulfone-2_RED.png","D:\yinlibo\MRMPFormer\model\project_review\full_rerun_random3000_20260916\random3000_channels\RED_YELLOW_review\test3_36_0836_chrom278_terbufos sulfone-2_RED.png"
"test3_7","bendiocarb-2","126","1","1","0","1","YELLOW","838","plots\test3_7\0838_chrom126_bendiocarb-2_YELLOW.png","test3_7_0838_chrom126_bendiocarb-2_YELLOW.png","D:\yinlibo\MRMPFormer\model\project_review\full_rerun_random3000_20260916\random3000_channels\plots\test3_7\0838_chrom126_bendiocarb-2_YELLOW.png","D:\yinlibo\MRMPFormer\model\project_review\full_rerun_random3000_20260916\random3000_channels\RED_YELLOW_review\test3_7_0838_chrom126_bendiocarb-2_YELLOW.png"
"test3_7","spirodiclofen-1","683","2","1","0","2","RED","842","plots\test3_7\0842_chrom683_spirodiclofen-1_RED.png","test3_7_0842_chrom683_spirodiclofen-1_RED.png","D:\yinlibo\MRMPFormer\model\project_review\full_rerun_random3000_20260916\random3000_channels\plots\test3_7\0842_chrom683_spirodiclofen-1_RED.png","D:\yinlibo\MRMPFormer\model\project_review\full_rerun_random3000_20260916\random3000_channels\RED_YELLOW_review\test3_7_0842_chrom683_spirodiclofen-1_RED.png"
"test3_48","Diclobutrazol-2","450","3","1","0","2","RED","847","plots\test3_48\0847_chrom450_Diclobutrazol-2_RED.png","test3_48_0847_chrom450_Diclobutrazol-2_RED.png","D:\yinlibo\MRMPFormer\model\project_review\full_rerun_random3000_20260916\random3000_channels\plots\test3_48\0847_chrom450_Diclobutrazol-2_RED.png","D:\yinlibo\MRMPFormer\model\project_review\full_rerun_random3000_20260916\random3000_channels\RED_YELLOW_review\test3_48_0847_chrom450_Diclobutrazol-2_RED.png"
"test3_13","chlorpyrifos-methyl-2","518","2","1","0","1","RED","850","plots\test3_13\0850_chrom518_chlorpyrifos-methyl-2_RED.png","test3_13_0850_chrom518_chlorpyrifos-methyl-2_RED.png","D:\yinlibo\MRMPFormer\model\project_review\full_rerun_random3000_20260916\random3000_channels\plots\test3_13\0850_chrom518_chlorpyrifos-methyl-2_RED.png","D:\yinlibo\MRMPFormer\model\project_review\full_rerun_random3000_20260916\random3000_channels\RED_YELLOW_review\test3_13_0850_chrom518_chlorpyrifos-methyl-2_RED.png"
"test3_36","clethodim sulfoxide-2","238","1","1","0","1","YELLOW","858","plots\test3_36\0858_chrom238_clethodim sulfoxide-2_YELLOW.png","test3_36_0858_chrom238_clethodim sulfoxide-2_YELLOW.png","D:\yinlibo\MRMPFormer\model\project_review\full_rerun_random3000_20260916\random3000_channels\plots\test3_36\0858_chrom238_clethodim sulfoxide-2_YELLOW.png","D:\yinlibo\MRMPFormer\model\project_review\full_rerun_random3000_20260916\random3000_channels\RED_YELLOW_review\test3_36_0858_chrom238_clethodim sulfoxide-2_YELLOW.png"
"test3_26","carbendazim-2","56","3","1","0","3","RED","860","plots\test3_26\0860_chrom056_carbendazim-2_RED.png","test3_26_0860_chrom056_carbendazim-2_RED.png","D:\yinlibo\MRMPFormer\model\project_review\full_rerun_random3000_20260916\random3000_channels\plots\test3_26\0860_chrom056_carbendazim-2_RED.png","D:\yinlibo\MRMPFormer\model\project_review\full_rerun_random3000_20260916\random3000_channels\RED_YELLOW_review\test3_26_0860_chrom056_carbendazim-2_RED.png"
"test3_43","sedaxane-2","346","2","1","0","1","RED","874","plots\test3_43\0874_chrom346_sedaxane-2_RED.png","test3_43_0874_chrom346_sedaxane-2_RED.png","D:\yinlibo\MRMPFormer\model\project_review\full_rerun_random3000_20260916\random3000_channels\plots\test3_43\0874_chrom346_sedaxane-2_RED.png","D:\yinlibo\MRMPFormer\model\project_review\full_rerun_random3000_20260916\random3000_channels\RED_YELLOW_review\test3_43_0874_chrom346_sedaxane-2_RED.png"
"test3_21","iprodione-2","394","2","1","0","1","RED","878","plots\test3_21\0878_chrom394_iprodione-2_RED.png","test3_21_0878_chrom394_iprodione-2_RED.png","D:\yinlibo\MRMPFormer\model\project_review\full_rerun_random3000_20260916\random3000_channels\plots\test3_21\0878_chrom394_iprodione-2_RED.png","D:\yinlibo\MRMPFormer\model\project_review\full_rerun_random3000_20260916\random3000_channels\RED_YELLOW_review\test3_21_0878_chrom394_iprodione-2_RED.png"
"test3_24","carbendazim-2","56","2","1","0","2","RED","883","plots\test3_24\0883_chrom056_carbendazim-2_RED.png","test3_24_0883_chrom056_carbendazim-2_RED.png","D:\yinlibo\MRMPFormer\model\project_review\full_rerun_random3000_20260916\random3000_channels\plots\test3_24\0883_chrom056_carbendazim-2_RED.png","D:\yinlibo\MRMPFormer\model\project_review\full_rerun_random3000_20260916\random3000_channels\RED_YELLOW_review\test3_24_0883_chrom056_carbendazim-2_RED.png"
"test3_33","methamidophos-2","2","2","1","1","1","YELLOW","890","plots\test3_33\0890_chrom002_methamidophos-2_YELLOW.png","test3_33_0890_chrom002_methamidophos-2_YELLOW.png","D:\yinlibo\MRMPFormer\model\project_review\full_rerun_random3000_20260916\random3000_channels\plots\test3_33\0890_chrom002_methamidophos-2_YELLOW.png","D:\yinlibo\MRMPFormer\model\project_review\full_rerun_random3000_20260916\random3000_channels\RED_YELLOW_review\test3_33_0890_chrom002_methamidophos-2_YELLOW.png"
"test3_3","imidaclothiz-1","45","4","1","0","4","RED","891","plots\test3_3\0891_chrom045_imidaclothiz-1_RED.png","test3_3_0891_chrom045_imidaclothiz-1_RED.png","D:\yinlibo\MRMPFormer\model\project_review\full_rerun_random3000_20260916\random3000_channels\plots\test3_3\0891_chrom045_imidaclothiz-1_RED.png","D:\yinlibo\MRMPFormer\model\project_review\full_rerun_random3000_20260916\random3000_channels\RED_YELLOW_review\test3_3_0891_chrom045_imidaclothiz-1_RED.png"
"test3_8","3-hydroxy carbofuran-2","52","2","1","0","1","RED","900","plots\test3_8\0900_chrom052_3-hydroxy carbofuran-2_RED.png","test3_8_0900_chrom052_3-hydroxy carbofuran-2_RED.png","D:\yinlibo\MRMPFormer\model\project_review\full_rerun_random3000_20260916\random3000_channels\plots\test3_8\0900_chrom052_3-hydroxy carbofuran-2_RED.png","D:\yinlibo\MRMPFormer\model\project_review\full_rerun_random3000_20260916\random3000_channels\RED_YELLOW_review\test3_8_0900_chrom052_3-hydroxy carbofuran-2_RED.png"
"test3_32","fenhexamid-2","366","1","1","0","1","YELLOW","905","plots\test3_32\0905_chrom366_fenhexamid-2_YELLOW.png","test3_32_0905_chrom366_fenhexamid-2_YELLOW.png","D:\yinlibo\MRMPFormer\model\project_review\full_rerun_random3000_20260916\random3000_channels\plots\test3_32\0905_chrom366_fenhexamid-2_YELLOW.png","D:\yinlibo\MRMPFormer\model\project_review\full_rerun_random3000_20260916\random3000_channels\RED_YELLOW_review\test3_32_0905_chrom366_fenhexamid-2_YELLOW.png"
"test3_26","propargite-2","666","2","1","0","1","RED","907","plots\test3_26\0907_chrom666_propargite-2_RED.png","test3_26_0907_chrom666_propargite-2_RED.png","D:\yinlibo\MRMPFormer\model\project_review\full_rerun_random3000_20260916\random3000_channels\plots\test3_26\0907_chrom666_propargite-2_RED.png","D:\yinlibo\MRMPFormer\model\project_review\full_rerun_random3000_20260916\random3000_channels\RED_YELLOW_review\test3_26_0907_chrom666_propargite-2_RED.png"
"test3_42","sethoxydim-2","608","1","1","0","1","YELLOW","910","plots\test3_42\0910_chrom608_sethoxydim-2_YELLOW.png","test3_42_0910_chrom608_sethoxydim-2_YELLOW.png","D:\yinlibo\MRMPFormer\model\project_review\full_rerun_random3000_20260916\random3000_channels\plots\test3_42\0910_chrom608_sethoxydim-2_YELLOW.png","D:\yinlibo\MRMPFormer\model\project_review\full_rerun_random3000_20260916\random3000_channels\RED_YELLOW_review\test3_42_0910_chrom608_sethoxydim-2_YELLOW.png"
"test3_14","propyzamide-2","308","1","1","0","1","YELLOW","913","plots\test3_14\0913_chrom308_propyzamide-2_YELLOW.png","test3_14_0913_chrom308_propyzamide-2_YELLOW.png","D:\yinlibo\MRMPFormer\model\project_review\full_rerun_random3000_20260916\random3000_channels\plots\test3_14\0913_chrom308_propyzamide-2_YELLOW.png","D:\yinlibo\MRMPFormer\model\project_review\full_rerun_random3000_20260916\random3000_channels\RED_YELLOW_review\test3_14_0913_chrom308_propyzamide-2_YELLOW.png"
"test3_37","triazophos-1","361","2","1","0","1","RED","914","plots\test3_37\0914_chrom361_triazophos-1_RED.png","test3_37_0914_chrom361_triazophos-1_RED.png","D:\yinlibo\MRMPFormer\model\project_review\full_rerun_random3000_20260916\random3000_channels\plots\test3_37\0914_chrom361_triazophos-1_RED.png","D:\yinlibo\MRMPFormer\model\project_review\full_rerun_random3000_20260916\random3000_channels\RED_YELLOW_review\test3_37_0914_chrom361_triazophos-1_RED.png"
"test3_16","teflubenzuron-2","602","4","1","0","4","RED","918","plots\test3_16\0918_chrom602_teflubenzuron-2_RED.png","test3_16_0918_chrom602_teflubenzuron-2_RED.png","D:\yinlibo\MRMPFormer\model\project_review\full_rerun_random3000_20260916\random3000_channels\plots\test3_16\0918_chrom602_teflubenzuron-2_RED.png","D:\yinlibo\MRMPFormer\model\project_review\full_rerun_random3000_20260916\random3000_channels\RED_YELLOW_review\test3_16_0918_chrom602_teflubenzuron-2_RED.png"
"test3_7","etrimfos-1","455","2","1","0","1","RED","924","plots\test3_7\0924_chrom455_etrimfos-1_RED.png","test3_7_0924_chrom455_etrimfos-1_RED.png","D:\yinlibo\MRMPFormer\model\project_review\full_rerun_random3000_20260916\random3000_channels\plots\test3_7\0924_chrom455_etrimfos-1_RED.png","D:\yinlibo\MRMPFormer\model\project_review\full_rerun_random3000_20260916\random3000_channels\RED_YELLOW_review\test3_7_0924_chrom455_etrimfos-1_RED.png"
"test3_22","paclobutrazol-1","315","2","1","0","2","RED","925","plots\test3_22\0925_chrom315_paclobutrazol-1_RED.png","test3_22_0925_chrom315_paclobutrazol-1_RED.png","D:\yinlibo\MRMPFormer\model\project_review\full_rerun_random3000_20260916\random3000_channels\plots\test3_22\0925_chrom315_paclobutrazol-1_RED.png","D:\yinlibo\MRMPFormer\model\project_review\full_rerun_random3000_20260916\random3000_channels\RED_YELLOW_review\test3_22_0925_chrom315_paclobutrazol-1_RED.png"
"test3_9","terbufos sulfone-2","278","1","1","0","1","YELLOW","931","plots\test3_9\0931_chrom278_terbufos sulfone-2_YELLOW.png","test3_9_0931_chrom278_terbufos sulfone-2_YELLOW.png","D:\yinlibo\MRMPFormer\model\project_review\full_rerun_random3000_20260916\random3000_channels\plots\test3_9\0931_chrom278_terbufos sulfone-2_YELLOW.png","D:\yinlibo\MRMPFormer\model\project_review\full_rerun_random3000_20260916\random3000_channels\RED_YELLOW_review\test3_9_0931_chrom278_terbufos sulfone-2_YELLOW.png"
"test3_5","spirotetramat-2","404","1","1","0","1","YELLOW","933","plots\test3_5\0933_chrom404_spirotetramat-2_YELLOW.png","test3_5_0933_chrom404_spirotetramat-2_YELLOW.png","D:\yinlibo\MRMPFormer\model\project_review\full_rerun_random3000_20260916\random3000_channels\plots\test3_5\0933_chrom404_spirotetramat-2_YELLOW.png","D:\yinlibo\MRMPFormer\model\project_review\full_rerun_random3000_20260916\random3000_channels\RED_YELLOW_review\test3_5_0933_chrom404_spirotetramat-2_YELLOW.png"
"test3_11","picoxystrobin-2","458","3","1","0","3","RED","934","plots\test3_11\0934_chrom458_picoxystrobin-2_RED.png","test3_11_0934_chrom458_picoxystrobin-2_RED.png","D:\yinlibo\MRMPFormer\model\project_review\full_rerun_random3000_20260916\random3000_channels\plots\test3_11\0934_chrom458_picoxystrobin-2_RED.png","D:\yinlibo\MRMPFormer\model\project_review\full_rerun_random3000_20260916\random3000_channels\RED_YELLOW_review\test3_11_0934_chrom458_picoxystrobin-2_RED.png"
"test3_29","sedaxane-2","346","2","1","0","1","RED","936","plots\test3_29\0936_chrom346_sedaxane-2_RED.png","test3_29_0936_chrom346_sedaxane-2_RED.png","D:\yinlibo\MRMPFormer\model\project_review\full_rerun_random3000_20260916\random3000_channels\plots\test3_29\0936_chrom346_sedaxane-2_RED.png","D:\yinlibo\MRMPFormer\model\project_review\full_rerun_random3000_20260916\random3000_channels\RED_YELLOW_review\test3_29_0936_chrom346_sedaxane-2_RED.png"
"test3_28","chlorpyrifos-methyl-2","518","2","1","0","1","RED","937","plots\test3_28\0937_chrom518_chlorpyrifos-methyl-2_RED.png","test3_28_0937_chrom518_chlorpyrifos-methyl-2_RED.png","D:\yinlibo\MRMPFormer\model\project_review\full_rerun_random3000_20260916\random3000_channels\plots\test3_28\0937_chrom518_chlorpyrifos-methyl-2_RED.png","D:\yinlibo\MRMPFormer\model\project_review\full_rerun_random3000_20260916\random3000_channels\RED_YELLOW_review\test3_28_0937_chrom518_chlorpyrifos-methyl-2_RED.png"
"test3_3","pyrisoxazole-1","303","2","1","0","1","RED","939","plots\test3_3\0939_chrom303_pyrisoxazole-1_RED.png","test3_3_0939_chrom303_pyrisoxazole-1_RED.png","D:\yinlibo\MRMPFormer\model\project_review\full_rerun_random3000_20260916\random3000_channels\plots\test3_3\0939_chrom303_pyrisoxazole-1_RED.png","D:\yinlibo\MRMPFormer\model\project_review\full_rerun_random3000_20260916\random3000_channels\RED_YELLOW_review\test3_3_0939_chrom303_pyrisoxazole-1_RED.png"
"test3_14","cyflumetofen-1","609","5","1","2","2","RED","948","plots\test3_14\0948_chrom609_cyflumetofen-1_RED.png","test3_14_0948_chrom609_cyflumetofen-1_RED.png","D:\yinlibo\MRMPFormer\model\project_review\full_rerun_random3000_20260916\random3000_channels\plots\test3_14\0948_chrom609_cyflumetofen-1_RED.png","D:\yinlibo\MRMPFormer\model\project_review\full_rerun_random3000_20260916\random3000_channels\RED_YELLOW_review\test3_14_0948_chrom609_cyflumetofen-1_RED.png"
"test3_55","carbendazim-2","56","2","1","0","1","RED","949","plots\test3_55\0949_chrom056_carbendazim-2_RED.png","test3_55_0949_chrom056_carbendazim-2_RED.png","D:\yinlibo\MRMPFormer\model\project_review\full_rerun_random3000_20260916\random3000_channels\plots\test3_55\0949_chrom056_carbendazim-2_RED.png","D:\yinlibo\MRMPFormer\model\project_review\full_rerun_random3000_20260916\random3000_channels\RED_YELLOW_review\test3_55_0949_chrom056_carbendazim-2_RED.png"
"test3_13","flumetralin-2","664","2","1","0","1","RED","952","plots\test3_13\0952_chrom664_flumetralin-2_RED.png","test3_13_0952_chrom664_flumetralin-2_RED.png","D:\yinlibo\MRMPFormer\model\project_review\full_rerun_random3000_20260916\random3000_channels\plots\test3_13\0952_chrom664_flumetralin-2_RED.png","D:\yinlibo\MRMPFormer\model\project_review\full_rerun_random3000_20260916\random3000_channels\RED_YELLOW_review\test3_13_0952_chrom664_flumetralin-2_RED.png"
"test3_13","amisulbrom-1","567","2","1","0","1","RED","956","plots\test3_13\0956_chrom567_amisulbrom-1_RED.png","test3_13_0956_chrom567_amisulbrom-1_RED.png","D:\yinlibo\MRMPFormer\model\project_review\full_rerun_random3000_20260916\random3000_channels\plots\test3_13\0956_chrom567_amisulbrom-1_RED.png","D:\yinlibo\MRMPFormer\model\project_review\full_rerun_random3000_20260916\random3000_channels\RED_YELLOW_review\test3_13_0956_chrom567_amisulbrom-1_RED.png"
"test3_15","methamidophos-2","2","3","1","0","3","RED","978","plots\test3_15\0978_chrom002_methamidophos-2_RED.png","test3_15_0978_chrom002_methamidophos-2_RED.png","D:\yinlibo\MRMPFormer\model\project_review\full_rerun_random3000_20260916\random3000_channels\plots\test3_15\0978_chrom002_methamidophos-2_RED.png","D:\yinlibo\MRMPFormer\model\project_review\full_rerun_random3000_20260916\random3000_channels\RED_YELLOW_review\test3_15_0978_chrom002_methamidophos-2_RED.png"
"test3_8","phosphamidon-1","103","1","1","0","1","YELLOW","981","plots\test3_8\0981_chrom103_phosphamidon-1_YELLOW.png","test3_8_0981_chrom103_phosphamidon-1_YELLOW.png","D:\yinlibo\MRMPFormer\model\project_review\full_rerun_random3000_20260916\random3000_channels\plots\test3_8\0981_chrom103_phosphamidon-1_YELLOW.png","D:\yinlibo\MRMPFormer\model\project_review\full_rerun_random3000_20260916\random3000_channels\RED_YELLOW_review\test3_8_0981_chrom103_phosphamidon-1_YELLOW.png"
"test3_15","sedaxane-1","345","2","1","0","1","RED","982","plots\test3_15\0982_chrom345_sedaxane-1_RED.png","test3_15_0982_chrom345_sedaxane-1_RED.png","D:\yinlibo\MRMPFormer\model\project_review\full_rerun_random3000_20260916\random3000_channels\plots\test3_15\0982_chrom345_sedaxane-1_RED.png","D:\yinlibo\MRMPFormer\model\project_review\full_rerun_random3000_20260916\random3000_channels\RED_YELLOW_review\test3_15_0982_chrom345_sedaxane-1_RED.png"
"test3_3","methoxyfenozide-2","368","3","1","0","3","RED","996","plots\test3_3\0996_chrom368_methoxyfenozide-2_RED.png","test3_3_0996_chrom368_methoxyfenozide-2_RED.png","D:\yinlibo\MRMPFormer\model\project_review\full_rerun_random3000_20260916\random3000_channels\plots\test3_3\0996_chrom368_methoxyfenozide-2_RED.png","D:\yinlibo\MRMPFormer\model\project_review\full_rerun_random3000_20260916\random3000_channels\RED_YELLOW_review\test3_3_0996_chrom368_methoxyfenozide-2_RED.png"
"test3_8","imidaclothiz-2","46","1","1","0","1","YELLOW","998","plots\test3_8\0998_chrom046_imidaclothiz-2_YELLOW.png","test3_8_0998_chrom046_imidaclothiz-2_YELLOW.png","D:\yinlibo\MRMPFormer\model\project_review\full_rerun_random3000_20260916\random3000_channels\plots\test3_8\0998_chrom046_imidaclothiz-2_YELLOW.png","D:\yinlibo\MRMPFormer\model\project_review\full_rerun_random3000_20260916\random3000_channels\RED_YELLOW_review\test3_8_0998_chrom046_imidaclothiz-2_YELLOW.png"
"test3_11","fenthion sulfone-2","166","2","1","0","1","RED","1000","plots\test3_11\1000_chrom166_fenthion sulfone-2_RED.png","test3_11_1000_chrom166_fenthion sulfone-2_RED.png","D:\yinlibo\MRMPFormer\model\project_review\full_rerun_random3000_20260916\random3000_channels\plots\test3_11\1000_chrom166_fenthion sulfone-2_RED.png","D:\yinlibo\MRMPFormer\model\project_review\full_rerun_random3000_20260916\random3000_channels\RED_YELLOW_review\test3_11_1000_chrom166_fenthion sulfone-2_RED.png"
"test3_9","tebuconazole-1","465","2","1","0","1","RED","1003","plots\test3_9\1003_chrom465_tebuconazole-1_RED.png","test3_9_1003_chrom465_tebuconazole-1_RED.png","D:\yinlibo\MRMPFormer\model\project_review\full_rerun_random3000_20260916\random3000_channels\plots\test3_9\1003_chrom465_tebuconazole-1_RED.png","D:\yinlibo\MRMPFormer\model\project_review\full_rerun_random3000_20260916\random3000_channels\RED_YELLOW_review\test3_9_1003_chrom465_tebuconazole-1_RED.png"
"test3_9","napropamide-1","387","2","1","0","1","RED","1008","plots\test3_9\1008_chrom387_napropamide-1_RED.png","test3_9_1008_chrom387_napropamide-1_RED.png","D:\yinlibo\MRMPFormer\model\project_review\full_rerun_random3000_20260916\random3000_channels\plots\test3_9\1008_chrom387_napropamide-1_RED.png","D:\yinlibo\MRMPFormer\model\project_review\full_rerun_random3000_20260916\random3000_channels\RED_YELLOW_review\test3_9_1008_chrom387_napropamide-1_RED.png"
"test3_9","metolcarb-2","102","3","1","0","3","RED","1018","plots\test3_9\1018_chrom102_metolcarb-2_RED.png","test3_9_1018_chrom102_metolcarb-2_RED.png","D:\yinlibo\MRMPFormer\model\project_review\full_rerun_random3000_20260916\random3000_channels\plots\test3_9\1018_chrom102_metolcarb-2_RED.png","D:\yinlibo\MRMPFormer\model\project_review\full_rerun_random3000_20260916\random3000_channels\RED_YELLOW_review\test3_9_1018_chrom102_metolcarb-2_RED.png"
"test3_20","terbufos-1","595","1","1","0","1","YELLOW","1022","plots\test3_20\1022_chrom595_terbufos-1_YELLOW.png","test3_20_1022_chrom595_terbufos-1_YELLOW.png","D:\yinlibo\MRMPFormer\model\project_review\full_rerun_random3000_20260916\random3000_channels\plots\test3_20\1022_chrom595_terbufos-1_YELLOW.png","D:\yinlibo\MRMPFormer\model\project_review\full_rerun_random3000_20260916\random3000_channels\RED_YELLOW_review\test3_20_1022_chrom595_terbufos-1_YELLOW.png"
"test3_26","tralkoxydim-2","652","1","1","0","1","YELLOW","1027","plots\test3_26\1027_chrom652_tralkoxydim-2_YELLOW.png","test3_26_1027_chrom652_tralkoxydim-2_YELLOW.png","D:\yinlibo\MRMPFormer\model\project_review\full_rerun_random3000_20260916\random3000_channels\plots\test3_26\1027_chrom652_tralkoxydim-2_YELLOW.png","D:\yinlibo\MRMPFormer\model\project_review\full_rerun_random3000_20260916\random3000_channels\RED_YELLOW_review\test3_26_1027_chrom652_tralkoxydim-2_YELLOW.png"
"test3_26","pyraoxystrobin-1","541","2","1","0","1","RED","1028","plots\test3_26\1028_chrom541_pyraoxystrobin-1_RED.png","test3_26_1028_chrom541_pyraoxystrobin-1_RED.png","D:\yinlibo\MRMPFormer\model\project_review\full_rerun_random3000_20260916\random3000_channels\plots\test3_26\1028_chrom541_pyraoxystrobin-1_RED.png","D:\yinlibo\MRMPFormer\model\project_review\full_rerun_random3000_20260916\random3000_channels\RED_YELLOW_review\test3_26_1028_chrom541_pyraoxystrobin-1_RED.png"
"test3_5","pyrethrins II-1","585","4","1","1","2","RED","1038","plots\test3_5\1038_chrom585_pyrethrins II-1_RED.png","test3_5_1038_chrom585_pyrethrins II-1_RED.png","D:\yinlibo\MRMPFormer\model\project_review\full_rerun_random3000_20260916\random3000_channels\plots\test3_5\1038_chrom585_pyrethrins II-1_RED.png","D:\yinlibo\MRMPFormer\model\project_review\full_rerun_random3000_20260916\random3000_channels\RED_YELLOW_review\test3_5_1038_chrom585_pyrethrins II-1_RED.png"
"test3_20","methoprene-1","693","2","1","0","1","RED","1047","plots\test3_20\1047_chrom693_methoprene-1_RED.png","test3_20_1047_chrom693_methoprene-1_RED.png","D:\yinlibo\MRMPFormer\model\project_review\full_rerun_random3000_20260916\random3000_channels\plots\test3_20\1047_chrom693_methoprene-1_RED.png","D:\yinlibo\MRMPFormer\model\project_review\full_rerun_random3000_20260916\random3000_channels\RED_YELLOW_review\test3_20_1047_chrom693_methoprene-1_RED.png"
"test3_3","tebuthiuron-2","156","1","1","0","1","YELLOW","1051","plots\test3_3\1051_chrom156_tebuthiuron-2_YELLOW.png","test3_3_1051_chrom156_tebuthiuron-2_YELLOW.png","D:\yinlibo\MRMPFormer\model\project_review\full_rerun_random3000_20260916\random3000_channels\plots\test3_3\1051_chrom156_tebuthiuron-2_YELLOW.png","D:\yinlibo\MRMPFormer\model\project_review\full_rerun_random3000_20260916\random3000_channels\RED_YELLOW_review\test3_3_1051_chrom156_tebuthiuron-2_YELLOW.png"
"test3_13","tau-fluvalinate-1","691","2","1","0","1","RED","1065","plots\test3_13\1065_chrom691_tau-fluvalinate-1_RED.png","test3_13_1065_chrom691_tau-fluvalinate-1_RED.png","D:\yinlibo\MRMPFormer\model\project_review\full_rerun_random3000_20260916\random3000_channels\plots\test3_13\1065_chrom691_tau-fluvalinate-1_RED.png","D:\yinlibo\MRMPFormer\model\project_review\full_rerun_random3000_20260916\random3000_channels\RED_YELLOW_review\test3_13_1065_chrom691_tau-fluvalinate-1_RED.png"
"test3_35","pyrisoxazole-1","303","2","1","0","1","RED","1074","plots\test3_35\1074_chrom303_pyrisoxazole-1_RED.png","test3_35_1074_chrom303_pyrisoxazole-1_RED.png","D:\yinlibo\MRMPFormer\model\project_review\full_rerun_random3000_20260916\random3000_channels\plots\test3_35\1074_chrom303_pyrisoxazole-1_RED.png","D:\yinlibo\MRMPFormer\model\project_review\full_rerun_random3000_20260916\random3000_channels\RED_YELLOW_review\test3_35_1074_chrom303_pyrisoxazole-1_RED.png"
"test3_5","propoxur-2","130","1","1","0","1","YELLOW","1077","plots\test3_5\1077_chrom130_propoxur-2_YELLOW.png","test3_5_1077_chrom130_propoxur-2_YELLOW.png","D:\yinlibo\MRMPFormer\model\project_review\full_rerun_random3000_20260916\random3000_channels\plots\test3_5\1077_chrom130_propoxur-2_YELLOW.png","D:\yinlibo\MRMPFormer\model\project_review\full_rerun_random3000_20260916\random3000_channels\RED_YELLOW_review\test3_5_1077_chrom130_propoxur-2_YELLOW.png"
"test3_9","phenamacril-2","122","2","1","0","2","RED","1080","plots\test3_9\1080_chrom122_phenamacril-2_RED.png","test3_9_1080_chrom122_phenamacril-2_RED.png","D:\yinlibo\MRMPFormer\model\project_review\full_rerun_random3000_20260916\random3000_channels\plots\test3_9\1080_chrom122_phenamacril-2_RED.png","D:\yinlibo\MRMPFormer\model\project_review\full_rerun_random3000_20260916\random3000_channels\RED_YELLOW_review\test3_9_1080_chrom122_phenamacril-2_RED.png"
"test3_6","fensulfothion oxon-2","86","2","1","0","2","RED","1083","plots\test3_6\1083_chrom086_fensulfothion oxon-2_RED.png","test3_6_1083_chrom086_fensulfothion oxon-2_RED.png","D:\yinlibo\MRMPFormer\model\project_review\full_rerun_random3000_20260916\random3000_channels\plots\test3_6\1083_chrom086_fensulfothion oxon-2_RED.png","D:\yinlibo\MRMPFormer\model\project_review\full_rerun_random3000_20260916\random3000_channels\RED_YELLOW_review\test3_6_1083_chrom086_fensulfothion oxon-2_RED.png"
"test3_17","procymidone-2","342","2","1","0","1","RED","1084","plots\test3_17\1084_chrom342_procymidone-2_RED.png","test3_17_1084_chrom342_procymidone-2_RED.png","D:\yinlibo\MRMPFormer\model\project_review\full_rerun_random3000_20260916\random3000_channels\plots\test3_17\1084_chrom342_procymidone-2_RED.png","D:\yinlibo\MRMPFormer\model\project_review\full_rerun_random3000_20260916\random3000_channels\RED_YELLOW_review\test3_17_1084_chrom342_procymidone-2_RED.png"
"test3_25","flubendiamide-2","504","4","1","0","4","RED","1091","plots\test3_25\1091_chrom504_flubendiamide-2_RED.png","test3_25_1091_chrom504_flubendiamide-2_RED.png","D:\yinlibo\MRMPFormer\model\project_review\full_rerun_random3000_20260916\random3000_channels\plots\test3_25\1091_chrom504_flubendiamide-2_RED.png","D:\yinlibo\MRMPFormer\model\project_review\full_rerun_random3000_20260916\random3000_channels\RED_YELLOW_review\test3_25_1091_chrom504_flubendiamide-2_RED.png"
"test3_13","simazine-2","138","3","1","1","1","RED","1093","plots\test3_13\1093_chrom138_simazine-2_RED.png","test3_13_1093_chrom138_simazine-2_RED.png","D:\yinlibo\MRMPFormer\model\project_review\full_rerun_random3000_20260916\random3000_channels\plots\test3_13\1093_chrom138_simazine-2_RED.png","D:\yinlibo\MRMPFormer\model\project_review\full_rerun_random3000_20260916\random3000_channels\RED_YELLOW_review\test3_13_1093_chrom138_simazine-2_RED.png"
"test3_23","metolcarb-2","102","1","1","0","1","YELLOW","1094","plots\test3_23\1094_chrom102_metolcarb-2_YELLOW.png","test3_23_1094_chrom102_metolcarb-2_YELLOW.png","D:\yinlibo\MRMPFormer\model\project_review\full_rerun_random3000_20260916\random3000_channels\plots\test3_23\1094_chrom102_metolcarb-2_YELLOW.png","D:\yinlibo\MRMPFormer\model\project_review\full_rerun_random3000_20260916\random3000_channels\RED_YELLOW_review\test3_23_1094_chrom102_metolcarb-2_YELLOW.png"
"test3_50","uniconazole-2","412","2","1","0","1","RED","1097","plots\test3_50\1097_chrom412_uniconazole-2_RED.png","test3_50_1097_chrom412_uniconazole-2_RED.png","D:\yinlibo\MRMPFormer\model\project_review\full_rerun_random3000_20260916\random3000_channels\plots\test3_50\1097_chrom412_uniconazole-2_RED.png","D:\yinlibo\MRMPFormer\model\project_review\full_rerun_random3000_20260916\random3000_channels\RED_YELLOW_review\test3_50_1097_chrom412_uniconazole-2_RED.png"
"test3_10","paclobutrazol-1","315","2","1","0","1","RED","1098","plots\test3_10\1098_chrom315_paclobutrazol-1_RED.png","test3_10_1098_chrom315_paclobutrazol-1_RED.png","D:\yinlibo\MRMPFormer\model\project_review\full_rerun_random3000_20260916\random3000_channels\plots\test3_10\1098_chrom315_paclobutrazol-1_RED.png","D:\yinlibo\MRMPFormer\model\project_review\full_rerun_random3000_20260916\random3000_channels\RED_YELLOW_review\test3_10_1098_chrom315_paclobutrazol-1_RED.png"
"test3_16","aldicarb sulfoxide-1","11","3","1","0","2","RED","1100","plots\test3_16\1100_chrom011_aldicarb sulfoxide-1_RED.png","test3_16_1100_chrom011_aldicarb sulfoxide-1_RED.png","D:\yinlibo\MRMPFormer\model\project_review\full_rerun_random3000_20260916\random3000_channels\plots\test3_16\1100_chrom011_aldicarb sulfoxide-1_RED.png","D:\yinlibo\MRMPFormer\model\project_review\full_rerun_random3000_20260916\random3000_channels\RED_YELLOW_review\test3_16_1100_chrom011_aldicarb sulfoxide-1_RED.png"
"test3_29","terbufos sulfone-2","278","2","1","0","1","RED","1103","plots\test3_29\1103_chrom278_terbufos sulfone-2_RED.png","test3_29_1103_chrom278_terbufos sulfone-2_RED.png","D:\yinlibo\MRMPFormer\model\project_review\full_rerun_random3000_20260916\random3000_channels\plots\test3_29\1103_chrom278_terbufos sulfone-2_RED.png","D:\yinlibo\MRMPFormer\model\project_review\full_rerun_random3000_20260916\random3000_channels\RED_YELLOW_review\test3_29_1103_chrom278_terbufos sulfone-2_RED.png"
"test3_11","metolcarb-1","101","2","1","0","2","RED","1105","plots\test3_11\1105_chrom101_metolcarb-1_RED.png","test3_11_1105_chrom101_metolcarb-1_RED.png","D:\yinlibo\MRMPFormer\model\project_review\full_rerun_random3000_20260916\random3000_channels\plots\test3_11\1105_chrom101_metolcarb-1_RED.png","D:\yinlibo\MRMPFormer\model\project_review\full_rerun_random3000_20260916\random3000_channels\RED_YELLOW_review\test3_11_1105_chrom101_metolcarb-1_RED.png"
"test3_4","phosphamidon-2","104","2","1","0","1","RED","1106","plots\test3_4\1106_chrom104_phosphamidon-2_RED.png","test3_4_1106_chrom104_phosphamidon-2_RED.png","D:\yinlibo\MRMPFormer\model\project_review\full_rerun_random3000_20260916\random3000_channels\plots\test3_4\1106_chrom104_phosphamidon-2_RED.png","D:\yinlibo\MRMPFormer\model\project_review\full_rerun_random3000_20260916\random3000_channels\RED_YELLOW_review\test3_4_1106_chrom104_phosphamidon-2_RED.png"
"test3_16","chromafenozide-2","408","4","1","2","1","RED","1110","plots\test3_16\1110_chrom408_chromafenozide-2_RED.png","test3_16_1110_chrom408_chromafenozide-2_RED.png","D:\yinlibo\MRMPFormer\model\project_review\full_rerun_random3000_20260916\random3000_channels\plots\test3_16\1110_chrom408_chromafenozide-2_RED.png","D:\yinlibo\MRMPFormer\model\project_review\full_rerun_random3000_20260916\random3000_channels\RED_YELLOW_review\test3_16_1110_chrom408_chromafenozide-2_RED.png"
"test3_22","teflubenzuron-1","601","3","0","0","3","RED","1111","plots\test3_22\1111_chrom601_teflubenzuron-1_RED.png","test3_22_1111_chrom601_teflubenzuron-1_RED.png","D:\yinlibo\MRMPFormer\model\project_review\full_rerun_random3000_20260916\random3000_channels\plots\test3_22\1111_chrom601_teflubenzuron-1_RED.png","D:\yinlibo\MRMPFormer\model\project_review\full_rerun_random3000_20260916\random3000_channels\RED_YELLOW_review\test3_22_1111_chrom601_teflubenzuron-1_RED.png"
"test3_15","uniconazole-2","412","2","1","0","1","RED","1117","plots\test3_15\1117_chrom412_uniconazole-2_RED.png","test3_15_1117_chrom412_uniconazole-2_RED.png","D:\yinlibo\MRMPFormer\model\project_review\full_rerun_random3000_20260916\random3000_channels\plots\test3_15\1117_chrom412_uniconazole-2_RED.png","D:\yinlibo\MRMPFormer\model\project_review\full_rerun_random3000_20260916\random3000_channels\RED_YELLOW_review\test3_15_1117_chrom412_uniconazole-2_RED.png"
"test3_22","oxydemeton-methyl-2","20","2","1","0","2","RED","1119","plots\test3_22\1119_chrom020_oxydemeton-methyl-2_RED.png","test3_22_1119_chrom020_oxydemeton-methyl-2_RED.png","D:\yinlibo\MRMPFormer\model\project_review\full_rerun_random3000_20260916\random3000_channels\plots\test3_22\1119_chrom020_oxydemeton-methyl-2_RED.png","D:\yinlibo\MRMPFormer\model\project_review\full_rerun_random3000_20260916\random3000_channels\RED_YELLOW_review\test3_22_1119_chrom020_oxydemeton-methyl-2_RED.png"
"test3_19","trichlorfon-1","59","1","1","0","1","YELLOW","1120","plots\test3_19\1120_chrom059_trichlorfon-1_YELLOW.png","test3_19_1120_chrom059_trichlorfon-1_YELLOW.png","D:\yinlibo\MRMPFormer\model\project_review\full_rerun_random3000_20260916\random3000_channels\plots\test3_19\1120_chrom059_trichlorfon-1_YELLOW.png","D:\yinlibo\MRMPFormer\model\project_review\full_rerun_random3000_20260916\random3000_channels\RED_YELLOW_review\test3_19_1120_chrom059_trichlorfon-1_YELLOW.png"
"test3_37","bifenox-2","536","2","1","0","2","RED","1138","plots\test3_37\1138_chrom536_bifenox-2_RED.png","test3_37_1138_chrom536_bifenox-2_RED.png","D:\yinlibo\MRMPFormer\model\project_review\full_rerun_random3000_20260916\random3000_channels\plots\test3_37\1138_chrom536_bifenox-2_RED.png","D:\yinlibo\MRMPFormer\model\project_review\full_rerun_random3000_20260916\random3000_channels\RED_YELLOW_review\test3_37_1138_chrom536_bifenox-2_RED.png"
"test3_51","florasulam-1","83","1","1","0","1","YELLOW","1163","plots\test3_51\1163_chrom083_florasulam-1_YELLOW.png","test3_51_1163_chrom083_florasulam-1_YELLOW.png","D:\yinlibo\MRMPFormer\model\project_review\full_rerun_random3000_20260916\random3000_channels\plots\test3_51\1163_chrom083_florasulam-1_YELLOW.png","D:\yinlibo\MRMPFormer\model\project_review\full_rerun_random3000_20260916\random3000_channels\RED_YELLOW_review\test3_51_1163_chrom083_florasulam-1_YELLOW.png"
"test3_12","teflubenzuron-2","602","5","1","0","5","RED","1171","plots\test3_12\1171_chrom602_teflubenzuron-2_RED.png","test3_12_1171_chrom602_teflubenzuron-2_RED.png","D:\yinlibo\MRMPFormer\model\project_review\full_rerun_random3000_20260916\random3000_channels\plots\test3_12\1171_chrom602_teflubenzuron-2_RED.png","D:\yinlibo\MRMPFormer\model\project_review\full_rerun_random3000_20260916\random3000_channels\RED_YELLOW_review\test3_12_1171_chrom602_teflubenzuron-2_RED.png"
"test3_28","cyproconazole-2","410","2","1","0","1","RED","1173","plots\test3_28\1173_chrom410_cyproconazole-2_RED.png","test3_28_1173_chrom410_cyproconazole-2_RED.png","D:\yinlibo\MRMPFormer\model\project_review\full_rerun_random3000_20260916\random3000_channels\plots\test3_28\1173_chrom410_cyproconazole-2_RED.png","D:\yinlibo\MRMPFormer\model\project_review\full_rerun_random3000_20260916\random3000_channels\RED_YELLOW_review\test3_28_1173_chrom410_cyproconazole-2_RED.png"
"test3_24","phenthoate-2","452","2","1","0","1","RED","1174","plots\test3_24\1174_chrom452_phenthoate-2_RED.png","test3_24_1174_chrom452_phenthoate-2_RED.png","D:\yinlibo\MRMPFormer\model\project_review\full_rerun_random3000_20260916\random3000_channels\plots\test3_24\1174_chrom452_phenthoate-2_RED.png","D:\yinlibo\MRMPFormer\model\project_review\full_rerun_random3000_20260916\random3000_channels\RED_YELLOW_review\test3_24_1174_chrom452_phenthoate-2_RED.png"
"test3_11","butachlor-2","576","6","1","4","1","RED","1183","plots\test3_11\1183_chrom576_butachlor-2_RED.png","test3_11_1183_chrom576_butachlor-2_RED.png","D:\yinlibo\MRMPFormer\model\project_review\full_rerun_random3000_20260916\random3000_channels\plots\test3_11\1183_chrom576_butachlor-2_RED.png","D:\yinlibo\MRMPFormer\model\project_review\full_rerun_random3000_20260916\random3000_channels\RED_YELLOW_review\test3_11_1183_chrom576_butachlor-2_RED.png"
"test3_50","ipconazole-2","564","2","1","0","1","RED","1187","plots\test3_50\1187_chrom564_ipconazole-2_RED.png","test3_50_1187_chrom564_ipconazole-2_RED.png","D:\yinlibo\MRMPFormer\model\project_review\full_rerun_random3000_20260916\random3000_channels\plots\test3_50\1187_chrom564_ipconazole-2_RED.png","D:\yinlibo\MRMPFormer\model\project_review\full_rerun_random3000_20260916\random3000_channels\RED_YELLOW_review\test3_50_1187_chrom564_ipconazole-2_RED.png"
"test3_4","flumetralin-2","664","4","1","2","1","RED","1205","plots\test3_4\1205_chrom664_flumetralin-2_RED.png","test3_4_1205_chrom664_flumetralin-2_RED.png","D:\yinlibo\MRMPFormer\model\project_review\full_rerun_random3000_20260916\random3000_channels\plots\test3_4\1205_chrom664_flumetralin-2_RED.png","D:\yinlibo\MRMPFormer\model\project_review\full_rerun_random3000_20260916\random3000_channels\RED_YELLOW_review\test3_4_1205_chrom664_flumetralin-2_RED.png"
"test3_46","Diclobutrazol-2","450","3","1","0","2","RED","1206","plots\test3_46\1206_chrom450_Diclobutrazol-2_RED.png","test3_46_1206_chrom450_Diclobutrazol-2_RED.png","D:\yinlibo\MRMPFormer\model\project_review\full_rerun_random3000_20260916\random3000_channels\plots\test3_46\1206_chrom450_Diclobutrazol-2_RED.png","D:\yinlibo\MRMPFormer\model\project_review\full_rerun_random3000_20260916\random3000_channels\RED_YELLOW_review\test3_46_1206_chrom450_Diclobutrazol-2_RED.png"
"test3_7","terbufos sulfone-2","278","1","1","0","1","RED","1207","plots\test3_7\1207_chrom278_terbufos sulfone-2_RED.png","test3_7_1207_chrom278_terbufos sulfone-2_RED.png","D:\yinlibo\MRMPFormer\model\project_review\full_rerun_random3000_20260916\random3000_channels\plots\test3_7\1207_chrom278_terbufos sulfone-2_RED.png","D:\yinlibo\MRMPFormer\model\project_review\full_rerun_random3000_20260916\random3000_channels\RED_YELLOW_review\test3_7_1207_chrom278_terbufos sulfone-2_RED.png"
"test3_4","zoxamide-2","480","2","1","0","1","RED","1209","plots\test3_4\1209_chrom480_zoxamide-2_RED.png","test3_4_1209_chrom480_zoxamide-2_RED.png","D:\yinlibo\MRMPFormer\model\project_review\full_rerun_random3000_20260916\random3000_channels\plots\test3_4\1209_chrom480_zoxamide-2_RED.png","D:\yinlibo\MRMPFormer\model\project_review\full_rerun_random3000_20260916\random3000_channels\RED_YELLOW_review\test3_4_1209_chrom480_zoxamide-2_RED.png"
"test3_4","tritosulfuron-2","200","3","1","0","3","RED","1210","plots\test3_4\1210_chrom200_tritosulfuron-2_RED.png","test3_4_1210_chrom200_tritosulfuron-2_RED.png","D:\yinlibo\MRMPFormer\model\project_review\full_rerun_random3000_20260916\random3000_channels\plots\test3_4\1210_chrom200_tritosulfuron-2_RED.png","D:\yinlibo\MRMPFormer\model\project_review\full_rerun_random3000_20260916\random3000_channels\RED_YELLOW_review\test3_4_1210_chrom200_tritosulfuron-2_RED.png"
"test3_16","diflubenzuron-2","400","2","1","0","1","RED","1211","plots\test3_16\1211_chrom400_diflubenzuron-2_RED.png","test3_16_1211_chrom400_diflubenzuron-2_RED.png","D:\yinlibo\MRMPFormer\model\project_review\full_rerun_random3000_20260916\random3000_channels\plots\test3_16\1211_chrom400_diflubenzuron-2_RED.png","D:\yinlibo\MRMPFormer\model\project_review\full_rerun_random3000_20260916\random3000_channels\RED_YELLOW_review\test3_16_1211_chrom400_diflubenzuron-2_RED.png"
"test3_8","orthosulfamuron-2","226","2","1","0","1","RED","1219","plots\test3_8\1219_chrom226_orthosulfamuron-2_RED.png","test3_8_1219_chrom226_orthosulfamuron-2_RED.png","D:\yinlibo\MRMPFormer\model\project_review\full_rerun_random3000_20260916\random3000_channels\plots\test3_8\1219_chrom226_orthosulfamuron-2_RED.png","D:\yinlibo\MRMPFormer\model\project_review\full_rerun_random3000_20260916\random3000_channels\RED_YELLOW_review\test3_8_1219_chrom226_orthosulfamuron-2_RED.png"
"test3_27","sedaxane-2","346","2","1","0","1","RED","1234","plots\test3_27\1234_chrom346_sedaxane-2_RED.png","test3_27_1234_chrom346_sedaxane-2_RED.png","D:\yinlibo\MRMPFormer\model\project_review\full_rerun_random3000_20260916\random3000_channels\plots\test3_27\1234_chrom346_sedaxane-2_RED.png","D:\yinlibo\MRMPFormer\model\project_review\full_rerun_random3000_20260916\random3000_channels\RED_YELLOW_review\test3_27_1234_chrom346_sedaxane-2_RED.png"
"test3_18","isoproturon-2","204","1","1","0","1","YELLOW","1243","plots\test3_18\1243_chrom204_isoproturon-2_YELLOW.png","test3_18_1243_chrom204_isoproturon-2_YELLOW.png","D:\yinlibo\MRMPFormer\model\project_review\full_rerun_random3000_20260916\random3000_channels\plots\test3_18\1243_chrom204_isoproturon-2_YELLOW.png","D:\yinlibo\MRMPFormer\model\project_review\full_rerun_random3000_20260916\random3000_channels\RED_YELLOW_review\test3_18_1243_chrom204_isoproturon-2_YELLOW.png"
"test3_6","napropamide-1","387","3","1","0","2","RED","1244","plots\test3_6\1244_chrom387_napropamide-1_RED.png","test3_6_1244_chrom387_napropamide-1_RED.png","D:\yinlibo\MRMPFormer\model\project_review\full_rerun_random3000_20260916\random3000_channels\plots\test3_6\1244_chrom387_napropamide-1_RED.png","D:\yinlibo\MRMPFormer\model\project_review\full_rerun_random3000_20260916\random3000_channels\RED_YELLOW_review\test3_6_1244_chrom387_napropamide-1_RED.png"
"test3_9","cyflumetofen-1","609","3","1","0","3","RED","1245","plots\test3_9\1245_chrom609_cyflumetofen-1_RED.png","test3_9_1245_chrom609_cyflumetofen-1_RED.png","D:\yinlibo\MRMPFormer\model\project_review\full_rerun_random3000_20260916\random3000_channels\plots\test3_9\1245_chrom609_cyflumetofen-1_RED.png","D:\yinlibo\MRMPFormer\model\project_review\full_rerun_random3000_20260916\random3000_channels\RED_YELLOW_review\test3_9_1245_chrom609_cyflumetofen-1_RED.png"
"test3_15","flonicamid-2","24","2","1","1","1","YELLOW","1256","plots\test3_15\1256_chrom024_flonicamid-2_YELLOW.png","test3_15_1256_chrom024_flonicamid-2_YELLOW.png","D:\yinlibo\MRMPFormer\model\project_review\full_rerun_random3000_20260916\random3000_channels\plots\test3_15\1256_chrom024_flonicamid-2_YELLOW.png","D:\yinlibo\MRMPFormer\model\project_review\full_rerun_random3000_20260916\random3000_channels\RED_YELLOW_review\test3_15_1256_chrom024_flonicamid-2_YELLOW.png"
"test3_20","phorate sulfone-1","191","2","1","0","1","RED","1267","plots\test3_20\1267_chrom191_phorate sulfone-1_RED.png","test3_20_1267_chrom191_phorate sulfone-1_RED.png","D:\yinlibo\MRMPFormer\model\project_review\full_rerun_random3000_20260916\random3000_channels\plots\test3_20\1267_chrom191_phorate sulfone-1_RED.png","D:\yinlibo\MRMPFormer\model\project_review\full_rerun_random3000_20260916\random3000_channels\RED_YELLOW_review\test3_20_1267_chrom191_phorate sulfone-1_RED.png"
"test3_8","ethion-2","644","3","1","0","2","RED","1270","plots\test3_8\1270_chrom644_ethion-2_RED.png","test3_8_1270_chrom644_ethion-2_RED.png","D:\yinlibo\MRMPFormer\model\project_review\full_rerun_random3000_20260916\random3000_channels\plots\test3_8\1270_chrom644_ethion-2_RED.png","D:\yinlibo\MRMPFormer\model\project_review\full_rerun_random3000_20260916\random3000_channels\RED_YELLOW_review\test3_8_1270_chrom644_ethion-2_RED.png"
"test3_6","terbufos sulfoxide-2","284","3","1","0","3","RED","1272","plots\test3_6\1272_chrom284_terbufos sulfoxide-2_RED.png","test3_6_1272_chrom284_terbufos sulfoxide-2_RED.png","D:\yinlibo\MRMPFormer\model\project_review\full_rerun_random3000_20260916\random3000_channels\plots\test3_6\1272_chrom284_terbufos sulfoxide-2_RED.png","D:\yinlibo\MRMPFormer\model\project_review\full_rerun_random3000_20260916\random3000_channels\RED_YELLOW_review\test3_6_1272_chrom284_terbufos sulfoxide-2_RED.png"
"test3_50","pyrisoxazole-1","303","2","1","0","1","RED","1276","plots\test3_50\1276_chrom303_pyrisoxazole-1_RED.png","test3_50_1276_chrom303_pyrisoxazole-1_RED.png","D:\yinlibo\MRMPFormer\model\project_review\full_rerun_random3000_20260916\random3000_channels\plots\test3_50\1276_chrom303_pyrisoxazole-1_RED.png","D:\yinlibo\MRMPFormer\model\project_review\full_rerun_random3000_20260916\random3000_channels\RED_YELLOW_review\test3_50_1276_chrom303_pyrisoxazole-1_RED.png"
"test3_5","silthiofam-1","447","2","1","0","2","RED","1277","plots\test3_5\1277_chrom447_silthiofam-1_RED.png","test3_5_1277_chrom447_silthiofam-1_RED.png","D:\yinlibo\MRMPFormer\model\project_review\full_rerun_random3000_20260916\random3000_channels\plots\test3_5\1277_chrom447_silthiofam-1_RED.png","D:\yinlibo\MRMPFormer\model\project_review\full_rerun_random3000_20260916\random3000_channels\RED_YELLOW_review\test3_5_1277_chrom447_silthiofam-1_RED.png"
"test3_12","oxadiargyl-2","516","6","1","4","1","RED","1282","plots\test3_12\1282_chrom516_oxadiargyl-2_RED.png","test3_12_1282_chrom516_oxadiargyl-2_RED.png","D:\yinlibo\MRMPFormer\model\project_review\full_rerun_random3000_20260916\random3000_channels\plots\test3_12\1282_chrom516_oxadiargyl-2_RED.png","D:\yinlibo\MRMPFormer\model\project_review\full_rerun_random3000_20260916\random3000_channels\RED_YELLOW_review\test3_12_1282_chrom516_oxadiargyl-2_RED.png"
"test3_4","flutriafol-2","194","3","1","0","2","RED","1294","plots\test3_4\1294_chrom194_flutriafol-2_RED.png","test3_4_1294_chrom194_flutriafol-2_RED.png","D:\yinlibo\MRMPFormer\model\project_review\full_rerun_random3000_20260916\random3000_channels\plots\test3_4\1294_chrom194_flutriafol-2_RED.png","D:\yinlibo\MRMPFormer\model\project_review\full_rerun_random3000_20260916\random3000_channels\RED_YELLOW_review\test3_4_1294_chrom194_flutriafol-2_RED.png"
"test3_25","etofenprox-1","695","3","1","0","2","RED","1295","plots\test3_25\1295_chrom695_etofenprox-1_RED.png","test3_25_1295_chrom695_etofenprox-1_RED.png","D:\yinlibo\MRMPFormer\model\project_review\full_rerun_random3000_20260916\random3000_channels\plots\test3_25\1295_chrom695_etofenprox-1_RED.png","D:\yinlibo\MRMPFormer\model\project_review\full_rerun_random3000_20260916\random3000_channels\RED_YELLOW_review\test3_25_1295_chrom695_etofenprox-1_RED.png"
"test3_4","trichlorfon-1","59","3","1","0","2","RED","1296","plots\test3_4\1296_chrom059_trichlorfon-1_RED.png","test3_4_1296_chrom059_trichlorfon-1_RED.png","D:\yinlibo\MRMPFormer\model\project_review\full_rerun_random3000_20260916\random3000_channels\plots\test3_4\1296_chrom059_trichlorfon-1_RED.png","D:\yinlibo\MRMPFormer\model\project_review\full_rerun_random3000_20260916\random3000_channels\RED_YELLOW_review\test3_4_1296_chrom059_trichlorfon-1_RED.png"
"test3_30","tebufenozide-2","464","2","1","0","1","RED","1303","plots\test3_30\1303_chrom464_tebufenozide-2_RED.png","test3_30_1303_chrom464_tebufenozide-2_RED.png","D:\yinlibo\MRMPFormer\model\project_review\full_rerun_random3000_20260916\random3000_channels\plots\test3_30\1303_chrom464_tebufenozide-2_RED.png","D:\yinlibo\MRMPFormer\model\project_review\full_rerun_random3000_20260916\random3000_channels\RED_YELLOW_review\test3_30_1303_chrom464_tebufenozide-2_RED.png"
"test3_40","metconazole-1","505","2","1","0","1","RED","1309","plots\test3_40\1309_chrom505_metconazole-1_RED.png","test3_40_1309_chrom505_metconazole-1_RED.png","D:\yinlibo\MRMPFormer\model\project_review\full_rerun_random3000_20260916\random3000_channels\plots\test3_40\1309_chrom505_metconazole-1_RED.png","D:\yinlibo\MRMPFormer\model\project_review\full_rerun_random3000_20260916\random3000_channels\RED_YELLOW_review\test3_40_1309_chrom505_metconazole-1_RED.png"
"test3_48","clethodim-1","571","1","1","0","1","YELLOW","1312","plots\test3_48\1312_chrom571_clethodim-1_YELLOW.png","test3_48_1312_chrom571_clethodim-1_YELLOW.png","D:\yinlibo\MRMPFormer\model\project_review\full_rerun_random3000_20260916\random3000_channels\plots\test3_48\1312_chrom571_clethodim-1_YELLOW.png","D:\yinlibo\MRMPFormer\model\project_review\full_rerun_random3000_20260916\random3000_channels\RED_YELLOW_review\test3_48_1312_chrom571_clethodim-1_YELLOW.png"
"test3_8","phosmet oxon-2","98","2","1","0","1","RED","1321","plots\test3_8\1321_chrom098_phosmet oxon-2_RED.png","test3_8_1321_chrom098_phosmet oxon-2_RED.png","D:\yinlibo\MRMPFormer\model\project_review\full_rerun_random3000_20260916\random3000_channels\plots\test3_8\1321_chrom098_phosmet oxon-2_RED.png","D:\yinlibo\MRMPFormer\model\project_review\full_rerun_random3000_20260916\random3000_channels\RED_YELLOW_review\test3_8_1321_chrom098_phosmet oxon-2_RED.png"
"test3_4","methacrifos-2","190","1","1","0","1","YELLOW","1324","plots\test3_4\1324_chrom190_methacrifos-2_YELLOW.png","test3_4_1324_chrom190_methacrifos-2_YELLOW.png","D:\yinlibo\MRMPFormer\model\project_review\full_rerun_random3000_20260916\random3000_channels\plots\test3_4\1324_chrom190_methacrifos-2_YELLOW.png","D:\yinlibo\MRMPFormer\model\project_review\full_rerun_random3000_20260916\random3000_channels\RED_YELLOW_review\test3_4_1324_chrom190_methacrifos-2_YELLOW.png"
"test3_27","methoprene-2","694","2","1","0","1","RED","1336","plots\test3_27\1336_chrom694_methoprene-2_RED.png","test3_27_1336_chrom694_methoprene-2_RED.png","D:\yinlibo\MRMPFormer\model\project_review\full_rerun_random3000_20260916\random3000_channels\plots\test3_27\1336_chrom694_methoprene-2_RED.png","D:\yinlibo\MRMPFormer\model\project_review\full_rerun_random3000_20260916\random3000_channels\RED_YELLOW_review\test3_27_1336_chrom694_methoprene-2_RED.png"
"test3_45","diethyl aminoethyl hexanoate-2","54","1","1","0","1","YELLOW","1337","plots\test3_45\1337_chrom054_diethyl aminoethyl hexanoate-2_YELLOW.png","test3_45_1337_chrom054_diethyl aminoethyl hexanoate-2_YELLOW.png","D:\yinlibo\MRMPFormer\model\project_review\full_rerun_random3000_20260916\random3000_channels\plots\test3_45\1337_chrom054_diethyl aminoethyl hexanoate-2_YELLOW.png","D:\yinlibo\MRMPFormer\model\project_review\full_rerun_random3000_20260916\random3000_channels\RED_YELLOW_review\test3_45_1337_chrom054_diethyl aminoethyl hexanoate-2_YELLOW.png"
"test3_16","phosmet oxon-2","98","2","1","0","1","RED","1344","plots\test3_16\1344_chrom098_phosmet oxon-2_RED.png","test3_16_1344_chrom098_phosmet oxon-2_RED.png","D:\yinlibo\MRMPFormer\model\project_review\full_rerun_random3000_20260916\random3000_channels\plots\test3_16\1344_chrom098_phosmet oxon-2_RED.png","D:\yinlibo\MRMPFormer\model\project_review\full_rerun_random3000_20260916\random3000_channels\RED_YELLOW_review\test3_16_1344_chrom098_phosmet oxon-2_RED.png"
"test3_23","dimepiperate-1","543","2","1","0","1","RED","1345","plots\test3_23\1345_chrom543_dimepiperate-1_RED.png","test3_23_1345_chrom543_dimepiperate-1_RED.png","D:\yinlibo\MRMPFormer\model\project_review\full_rerun_random3000_20260916\random3000_channels\plots\test3_23\1345_chrom543_dimepiperate-1_RED.png","D:\yinlibo\MRMPFormer\model\project_review\full_rerun_random3000_20260916\random3000_channels\RED_YELLOW_review\test3_23_1345_chrom543_dimepiperate-1_RED.png"
"test3_55","bitertanol-1","525","2","1","0","1","RED","1346","plots\test3_55\1346_chrom525_bitertanol-1_RED.png","test3_55_1346_chrom525_bitertanol-1_RED.png","D:\yinlibo\MRMPFormer\model\project_review\full_rerun_random3000_20260916\random3000_channels\plots\test3_55\1346_chrom525_bitertanol-1_RED.png","D:\yinlibo\MRMPFormer\model\project_review\full_rerun_random3000_20260916\random3000_channels\RED_YELLOW_review\test3_55_1346_chrom525_bitertanol-1_RED.png"
"test3_21","teflubenzuron-1","601","5","1","0","5","RED","1349","plots\test3_21\1349_chrom601_teflubenzuron-1_RED.png","test3_21_1349_chrom601_teflubenzuron-1_RED.png","D:\yinlibo\MRMPFormer\model\project_review\full_rerun_random3000_20260916\random3000_channels\plots\test3_21\1349_chrom601_teflubenzuron-1_RED.png","D:\yinlibo\MRMPFormer\model\project_review\full_rerun_random3000_20260916\random3000_channels\RED_YELLOW_review\test3_21_1349_chrom601_teflubenzuron-1_RED.png"
"test3_19","spiromesifen-1","673","3","1","1","1","RED","1352","plots\test3_19\1352_chrom673_spiromesifen-1_RED.png","test3_19_1352_chrom673_spiromesifen-1_RED.png","D:\yinlibo\MRMPFormer\model\project_review\full_rerun_random3000_20260916\random3000_channels\plots\test3_19\1352_chrom673_spiromesifen-1_RED.png","D:\yinlibo\MRMPFormer\model\project_review\full_rerun_random3000_20260916\random3000_channels\RED_YELLOW_review\test3_19_1352_chrom673_spiromesifen-1_RED.png"
"test3_31","bromuconazole-1","349","2","1","0","1","RED","1356","plots\test3_31\1356_chrom349_bromuconazole-1_RED.png","test3_31_1356_chrom349_bromuconazole-1_RED.png","D:\yinlibo\MRMPFormer\model\project_review\full_rerun_random3000_20260916\random3000_channels\plots\test3_31\1356_chrom349_bromuconazole-1_RED.png","D:\yinlibo\MRMPFormer\model\project_review\full_rerun_random3000_20260916\random3000_channels\RED_YELLOW_review\test3_31_1356_chrom349_bromuconazole-1_RED.png"
"test3_25","sethoxydim-1","607","1","1","0","1","RED","1367","plots\test3_25\1367_chrom607_sethoxydim-1_RED.png","test3_25_1367_chrom607_sethoxydim-1_RED.png","D:\yinlibo\MRMPFormer\model\project_review\full_rerun_random3000_20260916\random3000_channels\plots\test3_25\1367_chrom607_sethoxydim-1_RED.png","D:\yinlibo\MRMPFormer\model\project_review\full_rerun_random3000_20260916\random3000_channels\RED_YELLOW_review\test3_25_1367_chrom607_sethoxydim-1_RED.png"
"test3_48","flubendiamide-2","504","2","1","0","1","RED","1371","plots\test3_48\1371_chrom504_flubendiamide-2_RED.png","test3_48_1371_chrom504_flubendiamide-2_RED.png","D:\yinlibo\MRMPFormer\model\project_review\full_rerun_random3000_20260916\random3000_channels\plots\test3_48\1371_chrom504_flubendiamide-2_RED.png","D:\yinlibo\MRMPFormer\model\project_review\full_rerun_random3000_20260916\random3000_channels\RED_YELLOW_review\test3_48_1371_chrom504_flubendiamide-2_RED.png"
"test3_40","sethoxydim-1","607","1","1","0","1","YELLOW","1377","plots\test3_40\1377_chrom607_sethoxydim-1_YELLOW.png","test3_40_1377_chrom607_sethoxydim-1_YELLOW.png","D:\yinlibo\MRMPFormer\model\project_review\full_rerun_random3000_20260916\random3000_channels\plots\test3_40\1377_chrom607_sethoxydim-1_YELLOW.png","D:\yinlibo\MRMPFormer\model\project_review\full_rerun_random3000_20260916\random3000_channels\RED_YELLOW_review\test3_40_1377_chrom607_sethoxydim-1_YELLOW.png"
"test3_9","spiromesifen-1","673","3","1","0","2","RED","1382","plots\test3_9\1382_chrom673_spiromesifen-1_RED.png","test3_9_1382_chrom673_spiromesifen-1_RED.png","D:\yinlibo\MRMPFormer\model\project_review\full_rerun_random3000_20260916\random3000_channels\plots\test3_9\1382_chrom673_spiromesifen-1_RED.png","D:\yinlibo\MRMPFormer\model\project_review\full_rerun_random3000_20260916\random3000_channels\RED_YELLOW_review\test3_9_1382_chrom673_spiromesifen-1_RED.png"
"test3_11","kresoxim-methyl-1","443","2","1","0","1","RED","1387","plots\test3_11\1387_chrom443_kresoxim-methyl-1_RED.png","test3_11_1387_chrom443_kresoxim-methyl-1_RED.png","D:\yinlibo\MRMPFormer\model\project_review\full_rerun_random3000_20260916\random3000_channels\plots\test3_11\1387_chrom443_kresoxim-methyl-1_RED.png","D:\yinlibo\MRMPFormer\model\project_review\full_rerun_random3000_20260916\random3000_channels\RED_YELLOW_review\test3_11_1387_chrom443_kresoxim-methyl-1_RED.png"
"test3_7","promecarb-1","261","3","1","0","2","RED","1392","plots\test3_7\1392_chrom261_promecarb-1_RED.png","test3_7_1392_chrom261_promecarb-1_RED.png","D:\yinlibo\MRMPFormer\model\project_review\full_rerun_random3000_20260916\random3000_channels\plots\test3_7\1392_chrom261_promecarb-1_RED.png","D:\yinlibo\MRMPFormer\model\project_review\full_rerun_random3000_20260916\random3000_channels\RED_YELLOW_review\test3_7_1392_chrom261_promecarb-1_RED.png"
"test3_8","clethodim sulfone-1","231","3","1","0","2","RED","1394","plots\test3_8\1394_chrom231_clethodim sulfone-1_RED.png","test3_8_1394_chrom231_clethodim sulfone-1_RED.png","D:\yinlibo\MRMPFormer\model\project_review\full_rerun_random3000_20260916\random3000_channels\plots\test3_8\1394_chrom231_clethodim sulfone-1_RED.png","D:\yinlibo\MRMPFormer\model\project_review\full_rerun_random3000_20260916\random3000_channels\RED_YELLOW_review\test3_8_1394_chrom231_clethodim sulfone-1_RED.png"
"test3_5","sulfentrazone-2","154","5","1","0","4","RED","1396","plots\test3_5\1396_chrom154_sulfentrazone-2_RED.png","test3_5_1396_chrom154_sulfentrazone-2_RED.png","D:\yinlibo\MRMPFormer\model\project_review\full_rerun_random3000_20260916\random3000_channels\plots\test3_5\1396_chrom154_sulfentrazone-2_RED.png","D:\yinlibo\MRMPFormer\model\project_review\full_rerun_random3000_20260916\random3000_channels\RED_YELLOW_review\test3_5_1396_chrom154_sulfentrazone-2_RED.png"
"test3_5","trifloxystrobin-2","570","2","1","0","1","RED","1398","plots\test3_5\1398_chrom570_trifloxystrobin-2_RED.png","test3_5_1398_chrom570_trifloxystrobin-2_RED.png","D:\yinlibo\MRMPFormer\model\project_review\full_rerun_random3000_20260916\random3000_channels\plots\test3_5\1398_chrom570_trifloxystrobin-2_RED.png","D:\yinlibo\MRMPFormer\model\project_review\full_rerun_random3000_20260916\random3000_channels\RED_YELLOW_review\test3_5_1398_chrom570_trifloxystrobin-2_RED.png"
"test3_5","uniconazole-2","412","2","1","0","1","RED","1401","plots\test3_5\1401_chrom412_uniconazole-2_RED.png","test3_5_1401_chrom412_uniconazole-2_RED.png","D:\yinlibo\MRMPFormer\model\project_review\full_rerun_random3000_20260916\random3000_channels\plots\test3_5\1401_chrom412_uniconazole-2_RED.png","D:\yinlibo\MRMPFormer\model\project_review\full_rerun_random3000_20260916\random3000_channels\RED_YELLOW_review\test3_5_1401_chrom412_uniconazole-2_RED.png"
"test3_17","diflubenzuron-2","400","2","1","0","2","RED","1407","plots\test3_17\1407_chrom400_diflubenzuron-2_RED.png","test3_17_1407_chrom400_diflubenzuron-2_RED.png","D:\yinlibo\MRMPFormer\model\project_review\full_rerun_random3000_20260916\random3000_channels\plots\test3_17\1407_chrom400_diflubenzuron-2_RED.png","D:\yinlibo\MRMPFormer\model\project_review\full_rerun_random3000_20260916\random3000_channels\RED_YELLOW_review\test3_17_1407_chrom400_diflubenzuron-2_RED.png"
"test3_44","monocrotophos-2","30","2","1","0","1","RED","1409","plots\test3_44\1409_chrom030_monocrotophos-2_RED.png","test3_44_1409_chrom030_monocrotophos-2_RED.png","D:\yinlibo\MRMPFormer\model\project_review\full_rerun_random3000_20260916\random3000_channels\plots\test3_44\1409_chrom030_monocrotophos-2_RED.png","D:\yinlibo\MRMPFormer\model\project_review\full_rerun_random3000_20260916\random3000_channels\RED_YELLOW_review\test3_44_1409_chrom030_monocrotophos-2_RED.png"
"test3_8","spirotetramat-enol-2","36","2","1","0","2","RED","1436","plots\test3_8\1436_chrom036_spirotetramat-enol-2_RED.png","test3_8_1436_chrom036_spirotetramat-enol-2_RED.png","D:\yinlibo\MRMPFormer\model\project_review\full_rerun_random3000_20260916\random3000_channels\plots\test3_8\1436_chrom036_spirotetramat-enol-2_RED.png","D:\yinlibo\MRMPFormer\model\project_review\full_rerun_random3000_20260916\random3000_channels\RED_YELLOW_review\test3_8_1436_chrom036_spirotetramat-enol-2_RED.png"
"test3_3","fenarimol-2","378","2","1","0","2","RED","1439","plots\test3_3\1439_chrom378_fenarimol-2_RED.png","test3_3_1439_chrom378_fenarimol-2_RED.png","D:\yinlibo\MRMPFormer\model\project_review\full_rerun_random3000_20260916\random3000_channels\plots\test3_3\1439_chrom378_fenarimol-2_RED.png","D:\yinlibo\MRMPFormer\model\project_review\full_rerun_random3000_20260916\random3000_channels\RED_YELLOW_review\test3_3_1439_chrom378_fenarimol-2_RED.png"
"test3_35","paclobutrazol-1","315","2","1","0","1","RED","1447","plots\test3_35\1447_chrom315_paclobutrazol-1_RED.png","test3_35_1447_chrom315_paclobutrazol-1_RED.png","D:\yinlibo\MRMPFormer\model\project_review\full_rerun_random3000_20260916\random3000_channels\plots\test3_35\1447_chrom315_paclobutrazol-1_RED.png","D:\yinlibo\MRMPFormer\model\project_review\full_rerun_random3000_20260916\random3000_channels\RED_YELLOW_review\test3_35_1447_chrom315_paclobutrazol-1_RED.png"
"test3_6","uniconazole-1","411","2","1","0","1","RED","1449","plots\test3_6\1449_chrom411_uniconazole-1_RED.png","test3_6_1449_chrom411_uniconazole-1_RED.png","D:\yinlibo\MRMPFormer\model\project_review\full_rerun_random3000_20260916\random3000_channels\plots\test3_6\1449_chrom411_uniconazole-1_RED.png","D:\yinlibo\MRMPFormer\model\project_review\full_rerun_random3000_20260916\random3000_channels\RED_YELLOW_review\test3_6_1449_chrom411_uniconazole-1_RED.png"
"test3_4","isocarbophos-2","212","1","1","0","1","YELLOW","1452","plots\test3_4\1452_chrom212_isocarbophos-2_YELLOW.png","test3_4_1452_chrom212_isocarbophos-2_YELLOW.png","D:\yinlibo\MRMPFormer\model\project_review\full_rerun_random3000_20260916\random3000_channels\plots\test3_4\1452_chrom212_isocarbophos-2_YELLOW.png","D:\yinlibo\MRMPFormer\model\project_review\full_rerun_random3000_20260916\random3000_channels\RED_YELLOW_review\test3_4_1452_chrom212_isocarbophos-2_YELLOW.png"
"test3_11","bitertanol-2","526","1","0","0","1","RED","1458","plots\test3_11\1458_chrom526_bitertanol-2_RED.png","test3_11_1458_chrom526_bitertanol-2_RED.png","D:\yinlibo\MRMPFormer\model\project_review\full_rerun_random3000_20260916\random3000_channels\plots\test3_11\1458_chrom526_bitertanol-2_RED.png","D:\yinlibo\MRMPFormer\model\project_review\full_rerun_random3000_20260916\random3000_channels\RED_YELLOW_review\test3_11_1458_chrom526_bitertanol-2_RED.png"
"test3_3","imidacloprid-2","40","2","1","0","1","RED","1466","plots\test3_3\1466_chrom040_imidacloprid-2_RED.png","test3_3_1466_chrom040_imidacloprid-2_RED.png","D:\yinlibo\MRMPFormer\model\project_review\full_rerun_random3000_20260916\random3000_channels\plots\test3_3\1466_chrom040_imidacloprid-2_RED.png","D:\yinlibo\MRMPFormer\model\project_review\full_rerun_random3000_20260916\random3000_channels\RED_YELLOW_review\test3_3_1466_chrom040_imidacloprid-2_RED.png"
"test3_20","isoproturon-2","204","2","1","0","2","RED","1482","plots\test3_20\1482_chrom204_isoproturon-2_RED.png","test3_20_1482_chrom204_isoproturon-2_RED.png","D:\yinlibo\MRMPFormer\model\project_review\full_rerun_random3000_20260916\random3000_channels\plots\test3_20\1482_chrom204_isoproturon-2_RED.png","D:\yinlibo\MRMPFormer\model\project_review\full_rerun_random3000_20260916\random3000_channels\RED_YELLOW_review\test3_20_1482_chrom204_isoproturon-2_RED.png"
"test3_14","methamidophos-1","1","2","1","0","1","RED","1489","plots\test3_14\1489_chrom001_methamidophos-1_RED.png","test3_14_1489_chrom001_methamidophos-1_RED.png","D:\yinlibo\MRMPFormer\model\project_review\full_rerun_random3000_20260916\random3000_channels\plots\test3_14\1489_chrom001_methamidophos-1_RED.png","D:\yinlibo\MRMPFormer\model\project_review\full_rerun_random3000_20260916\random3000_channels\RED_YELLOW_review\test3_14_1489_chrom001_methamidophos-1_RED.png"
"test3_10","fenpropathrin-2","672","3","1","0","3","RED","1501","plots\test3_10\1501_chrom672_fenpropathrin-2_RED.png","test3_10_1501_chrom672_fenpropathrin-2_RED.png","D:\yinlibo\MRMPFormer\model\project_review\full_rerun_random3000_20260916\random3000_channels\plots\test3_10\1501_chrom672_fenpropathrin-2_RED.png","D:\yinlibo\MRMPFormer\model\project_review\full_rerun_random3000_20260916\random3000_channels\RED_YELLOW_review\test3_10_1501_chrom672_fenpropathrin-2_RED.png"
"test3_4","procymidone-2","342","2","1","0","1","RED","1502","plots\test3_4\1502_chrom342_procymidone-2_RED.png","test3_4_1502_chrom342_procymidone-2_RED.png","D:\yinlibo\MRMPFormer\model\project_review\full_rerun_random3000_20260916\random3000_channels\plots\test3_4\1502_chrom342_procymidone-2_RED.png","D:\yinlibo\MRMPFormer\model\project_review\full_rerun_random3000_20260916\random3000_channels\RED_YELLOW_review\test3_4_1502_chrom342_procymidone-2_RED.png"
"test3_8","phosphamidon-2","104","2","1","0","1","RED","1505","plots\test3_8\1505_chrom104_phosphamidon-2_RED.png","test3_8_1505_chrom104_phosphamidon-2_RED.png","D:\yinlibo\MRMPFormer\model\project_review\full_rerun_random3000_20260916\random3000_channels\plots\test3_8\1505_chrom104_phosphamidon-2_RED.png","D:\yinlibo\MRMPFormer\model\project_review\full_rerun_random3000_20260916\random3000_channels\RED_YELLOW_review\test3_8_1505_chrom104_phosphamidon-2_RED.png"
"test3_15","procymidone-2","342","2","1","0","1","RED","1532","plots\test3_15\1532_chrom342_procymidone-2_RED.png","test3_15_1532_chrom342_procymidone-2_RED.png","D:\yinlibo\MRMPFormer\model\project_review\full_rerun_random3000_20260916\random3000_channels\plots\test3_15\1532_chrom342_procymidone-2_RED.png","D:\yinlibo\MRMPFormer\model\project_review\full_rerun_random3000_20260916\random3000_channels\RED_YELLOW_review\test3_15_1532_chrom342_procymidone-2_RED.png"
"test3_7","tralkoxydim-1","651","3","1","0","3","RED","1541","plots\test3_7\1541_chrom651_tralkoxydim-1_RED.png","test3_7_1541_chrom651_tralkoxydim-1_RED.png","D:\yinlibo\MRMPFormer\model\project_review\full_rerun_random3000_20260916\random3000_channels\plots\test3_7\1541_chrom651_tralkoxydim-1_RED.png","D:\yinlibo\MRMPFormer\model\project_review\full_rerun_random3000_20260916\random3000_channels\RED_YELLOW_review\test3_7_1541_chrom651_tralkoxydim-1_RED.png"
"test3_41","Diclobutrazol-2","450","3","1","0","2","RED","1545","plots\test3_41\1545_chrom450_Diclobutrazol-2_RED.png","test3_41_1545_chrom450_Diclobutrazol-2_RED.png","D:\yinlibo\MRMPFormer\model\project_review\full_rerun_random3000_20260916\random3000_channels\plots\test3_41\1545_chrom450_Diclobutrazol-2_RED.png","D:\yinlibo\MRMPFormer\model\project_review\full_rerun_random3000_20260916\random3000_channels\RED_YELLOW_review\test3_41_1545_chrom450_Diclobutrazol-2_RED.png"
"test3_6","chromafenozide-1","407","2","1","0","1","RED","1554","plots\test3_6\1554_chrom407_chromafenozide-1_RED.png","test3_6_1554_chrom407_chromafenozide-1_RED.png","D:\yinlibo\MRMPFormer\model\project_review\full_rerun_random3000_20260916\random3000_channels\plots\test3_6\1554_chrom407_chromafenozide-1_RED.png","D:\yinlibo\MRMPFormer\model\project_review\full_rerun_random3000_20260916\random3000_channels\RED_YELLOW_review\test3_6_1554_chrom407_chromafenozide-1_RED.png"
"test3_22","dimethomorph-2","318","2","1","0","1","RED","1555","plots\test3_22\1555_chrom318_dimethomorph-2_RED.png","test3_22_1555_chrom318_dimethomorph-2_RED.png","D:\yinlibo\MRMPFormer\model\project_review\full_rerun_random3000_20260916\random3000_channels\plots\test3_22\1555_chrom318_dimethomorph-2_RED.png","D:\yinlibo\MRMPFormer\model\project_review\full_rerun_random3000_20260916\random3000_channels\RED_YELLOW_review\test3_22_1555_chrom318_dimethomorph-2_RED.png"
"test3_11","phorate sulfone-2","192","3","1","0","3","RED","1559","plots\test3_11\1559_chrom192_phorate sulfone-2_RED.png","test3_11_1559_chrom192_phorate sulfone-2_RED.png","D:\yinlibo\MRMPFormer\model\project_review\full_rerun_random3000_20260916\random3000_channels\plots\test3_11\1559_chrom192_phorate sulfone-2_RED.png","D:\yinlibo\MRMPFormer\model\project_review\full_rerun_random3000_20260916\random3000_channels\RED_YELLOW_review\test3_11_1559_chrom192_phorate sulfone-2_RED.png"
"test3_38","Diclobutrazol-2","450","3","1","0","2","RED","1561","plots\test3_38\1561_chrom450_Diclobutrazol-2_RED.png","test3_38_1561_chrom450_Diclobutrazol-2_RED.png","D:\yinlibo\MRMPFormer\model\project_review\full_rerun_random3000_20260916\random3000_channels\plots\test3_38\1561_chrom450_Diclobutrazol-2_RED.png","D:\yinlibo\MRMPFormer\model\project_review\full_rerun_random3000_20260916\random3000_channels\RED_YELLOW_review\test3_38_1561_chrom450_Diclobutrazol-2_RED.png"
"test3_13","isoproturon-2","204","4","1","0","4","RED","1562","plots\test3_13\1562_chrom204_isoproturon-2_RED.png","test3_13_1562_chrom204_isoproturon-2_RED.png","D:\yinlibo\MRMPFormer\model\project_review\full_rerun_random3000_20260916\random3000_channels\plots\test3_13\1562_chrom204_isoproturon-2_RED.png","D:\yinlibo\MRMPFormer\model\project_review\full_rerun_random3000_20260916\random3000_channels\RED_YELLOW_review\test3_13_1562_chrom204_isoproturon-2_RED.png"
"test3_4","EPN-1","545","3","1","1","2","RED","1564","plots\test3_4\1564_chrom545_EPN-1_RED.png","test3_4_1564_chrom545_EPN-1_RED.png","D:\yinlibo\MRMPFormer\model\project_review\full_rerun_random3000_20260916\random3000_channels\plots\test3_4\1564_chrom545_EPN-1_RED.png","D:\yinlibo\MRMPFormer\model\project_review\full_rerun_random3000_20260916\random3000_channels\RED_YELLOW_review\test3_4_1564_chrom545_EPN-1_RED.png"
"test3_34","triflusulfuron-methyl-1","353","1","1","0","1","YELLOW","1567","plots\test3_34\1567_chrom353_triflusulfuron-methyl-1_YELLOW.png","test3_34_1567_chrom353_triflusulfuron-methyl-1_YELLOW.png","D:\yinlibo\MRMPFormer\model\project_review\full_rerun_random3000_20260916\random3000_channels\plots\test3_34\1567_chrom353_triflusulfuron-methyl-1_YELLOW.png","D:\yinlibo\MRMPFormer\model\project_review\full_rerun_random3000_20260916\random3000_channels\RED_YELLOW_review\test3_34_1567_chrom353_triflusulfuron-methyl-1_YELLOW.png"
"test3_7","fenarimol-2","378","4","1","0","4","RED","1574","plots\test3_7\1574_chrom378_fenarimol-2_RED.png","test3_7_1574_chrom378_fenarimol-2_RED.png","D:\yinlibo\MRMPFormer\model\project_review\full_rerun_random3000_20260916\random3000_channels\plots\test3_7\1574_chrom378_fenarimol-2_RED.png","D:\yinlibo\MRMPFormer\model\project_review\full_rerun_random3000_20260916\random3000_channels\RED_YELLOW_review\test3_7_1574_chrom378_fenarimol-2_RED.png"
"test3_6","benazolin-ethyl-2","270","5","1","0","5","RED","1576","plots\test3_6\1576_chrom270_benazolin-ethyl-2_RED.png","test3_6_1576_chrom270_benazolin-ethyl-2_RED.png","D:\yinlibo\MRMPFormer\model\project_review\full_rerun_random3000_20260916\random3000_channels\plots\test3_6\1576_chrom270_benazolin-ethyl-2_RED.png","D:\yinlibo\MRMPFormer\model\project_review\full_rerun_random3000_20260916\random3000_channels\RED_YELLOW_review\test3_6_1576_chrom270_benazolin-ethyl-2_RED.png"
"test3_24","dimepiperate-2","544","3","1","0","3","RED","1581","plots\test3_24\1581_chrom544_dimepiperate-2_RED.png","test3_24_1581_chrom544_dimepiperate-2_RED.png","D:\yinlibo\MRMPFormer\model\project_review\full_rerun_random3000_20260916\random3000_channels\plots\test3_24\1581_chrom544_dimepiperate-2_RED.png","D:\yinlibo\MRMPFormer\model\project_review\full_rerun_random3000_20260916\random3000_channels\RED_YELLOW_review\test3_24_1581_chrom544_dimepiperate-2_RED.png"
"test3_16","imidaclothiz-2","46","2","1","0","1","RED","1583","plots\test3_16\1583_chrom046_imidaclothiz-2_RED.png","test3_16_1583_chrom046_imidaclothiz-2_RED.png","D:\yinlibo\MRMPFormer\model\project_review\full_rerun_random3000_20260916\random3000_channels\plots\test3_16\1583_chrom046_imidaclothiz-2_RED.png","D:\yinlibo\MRMPFormer\model\project_review\full_rerun_random3000_20260916\random3000_channels\RED_YELLOW_review\test3_16_1583_chrom046_imidaclothiz-2_RED.png"
"test3_19","sulfoxaflor-1","65","2","1","0","2","RED","1584","plots\test3_19\1584_chrom065_sulfoxaflor-1_RED.png","test3_19_1584_chrom065_sulfoxaflor-1_RED.png","D:\yinlibo\MRMPFormer\model\project_review\full_rerun_random3000_20260916\random3000_channels\plots\test3_19\1584_chrom065_sulfoxaflor-1_RED.png","D:\yinlibo\MRMPFormer\model\project_review\full_rerun_random3000_20260916\random3000_channels\RED_YELLOW_review\test3_19_1584_chrom065_sulfoxaflor-1_RED.png"
"test3_10","bromuconazole-1","349","2","1","0","2","RED","1585","plots\test3_10\1585_chrom349_bromuconazole-1_RED.png","test3_10_1585_chrom349_bromuconazole-1_RED.png","D:\yinlibo\MRMPFormer\model\project_review\full_rerun_random3000_20260916\random3000_channels\plots\test3_10\1585_chrom349_bromuconazole-1_RED.png","D:\yinlibo\MRMPFormer\model\project_review\full_rerun_random3000_20260916\random3000_channels\RED_YELLOW_review\test3_10_1585_chrom349_bromuconazole-1_RED.png"
"test3_13","imidacloprid-2","40","2","1","1","1","YELLOW","1593","plots\test3_13\1593_chrom040_imidacloprid-2_YELLOW.png","test3_13_1593_chrom040_imidacloprid-2_YELLOW.png","D:\yinlibo\MRMPFormer\model\project_review\full_rerun_random3000_20260916\random3000_channels\plots\test3_13\1593_chrom040_imidacloprid-2_YELLOW.png","D:\yinlibo\MRMPFormer\model\project_review\full_rerun_random3000_20260916\random3000_channels\RED_YELLOW_review\test3_13_1593_chrom040_imidacloprid-2_YELLOW.png"
"test3_8","Chloridazon-1","71","5","1","2","2","RED","1595","plots\test3_8\1595_chrom071_Chloridazon-1_RED.png","test3_8_1595_chrom071_Chloridazon-1_RED.png","D:\yinlibo\MRMPFormer\model\project_review\full_rerun_random3000_20260916\random3000_channels\plots\test3_8\1595_chrom071_Chloridazon-1_RED.png","D:\yinlibo\MRMPFormer\model\project_review\full_rerun_random3000_20260916\random3000_channels\RED_YELLOW_review\test3_8_1595_chrom071_Chloridazon-1_RED.png"
"test3_13","metolcarb-1","101","2","1","0","2","RED","1603","plots\test3_13\1603_chrom101_metolcarb-1_RED.png","test3_13_1603_chrom101_metolcarb-1_RED.png","D:\yinlibo\MRMPFormer\model\project_review\full_rerun_random3000_20260916\random3000_channels\plots\test3_13\1603_chrom101_metolcarb-1_RED.png","D:\yinlibo\MRMPFormer\model\project_review\full_rerun_random3000_20260916\random3000_channels\RED_YELLOW_review\test3_13_1603_chrom101_metolcarb-1_RED.png"
"test3_27","phenthoate-2","452","2","1","0","1","RED","1610","plots\test3_27\1610_chrom452_phenthoate-2_RED.png","test3_27_1610_chrom452_phenthoate-2_RED.png","D:\yinlibo\MRMPFormer\model\project_review\full_rerun_random3000_20260916\random3000_channels\plots\test3_27\1610_chrom452_phenthoate-2_RED.png","D:\yinlibo\MRMPFormer\model\project_review\full_rerun_random3000_20260916\random3000_channels\RED_YELLOW_review\test3_27_1610_chrom452_phenthoate-2_RED.png"
"test3_29","pyrisoxazole-1","303","2","1","0","1","RED","1618","plots\test3_29\1618_chrom303_pyrisoxazole-1_RED.png","test3_29_1618_chrom303_pyrisoxazole-1_RED.png","D:\yinlibo\MRMPFormer\model\project_review\full_rerun_random3000_20260916\random3000_channels\plots\test3_29\1618_chrom303_pyrisoxazole-1_RED.png","D:\yinlibo\MRMPFormer\model\project_review\full_rerun_random3000_20260916\random3000_channels\RED_YELLOW_review\test3_29_1618_chrom303_pyrisoxazole-1_RED.png"
"test3_17","simazine-2","138","2","1","0","1","RED","1622","plots\test3_17\1622_chrom138_simazine-2_RED.png","test3_17_1622_chrom138_simazine-2_RED.png","D:\yinlibo\MRMPFormer\model\project_review\full_rerun_random3000_20260916\random3000_channels\plots\test3_17\1622_chrom138_simazine-2_RED.png","D:\yinlibo\MRMPFormer\model\project_review\full_rerun_random3000_20260916\random3000_channels\RED_YELLOW_review\test3_17_1622_chrom138_simazine-2_RED.png"
"test3_31","ipconazole-2","564","2","1","0","1","RED","1628","plots\test3_31\1628_chrom564_ipconazole-2_RED.png","test3_31_1628_chrom564_ipconazole-2_RED.png","D:\yinlibo\MRMPFormer\model\project_review\full_rerun_random3000_20260916\random3000_channels\plots\test3_31\1628_chrom564_ipconazole-2_RED.png","D:\yinlibo\MRMPFormer\model\project_review\full_rerun_random3000_20260916\random3000_channels\RED_YELLOW_review\test3_31_1628_chrom564_ipconazole-2_RED.png"
"test3_20","mevinphos-1","79","3","1","0","2","RED","1632","plots\test3_20\1632_chrom079_mevinphos-1_RED.png","test3_20_1632_chrom079_mevinphos-1_RED.png","D:\yinlibo\MRMPFormer\model\project_review\full_rerun_random3000_20260916\random3000_channels\plots\test3_20\1632_chrom079_mevinphos-1_RED.png","D:\yinlibo\MRMPFormer\model\project_review\full_rerun_random3000_20260916\random3000_channels\RED_YELLOW_review\test3_20_1632_chrom079_mevinphos-1_RED.png"
"test3_12","aldicarb sulfoxide-2","12","1","1","0","1","YELLOW","1634","plots\test3_12\1634_chrom012_aldicarb sulfoxide-2_YELLOW.png","test3_12_1634_chrom012_aldicarb sulfoxide-2_YELLOW.png","D:\yinlibo\MRMPFormer\model\project_review\full_rerun_random3000_20260916\random3000_channels\plots\test3_12\1634_chrom012_aldicarb sulfoxide-2_YELLOW.png","D:\yinlibo\MRMPFormer\model\project_review\full_rerun_random3000_20260916\random3000_channels\RED_YELLOW_review\test3_12_1634_chrom012_aldicarb sulfoxide-2_YELLOW.png"
"test3_4","fensulfothion oxon-1","85","3","1","0","3","RED","1640","plots\test3_4\1640_chrom085_fensulfothion oxon-1_RED.png","test3_4_1640_chrom085_fensulfothion oxon-1_RED.png","D:\yinlibo\MRMPFormer\model\project_review\full_rerun_random3000_20260916\random3000_channels\plots\test3_4\1640_chrom085_fensulfothion oxon-1_RED.png","D:\yinlibo\MRMPFormer\model\project_review\full_rerun_random3000_20260916\random3000_channels\RED_YELLOW_review\test3_4_1640_chrom085_fensulfothion oxon-1_RED.png"
"test3_10","tolclofos-methyl-2","502","3","1","0","3","RED","1643","plots\test3_10\1643_chrom502_tolclofos-methyl-2_RED.png","test3_10_1643_chrom502_tolclofos-methyl-2_RED.png","D:\yinlibo\MRMPFormer\model\project_review\full_rerun_random3000_20260916\random3000_channels\plots\test3_10\1643_chrom502_tolclofos-methyl-2_RED.png","D:\yinlibo\MRMPFormer\model\project_review\full_rerun_random3000_20260916\random3000_channels\RED_YELLOW_review\test3_10_1643_chrom502_tolclofos-methyl-2_RED.png"
"test3_7","alachlor-2","382","3","1","0","3","RED","1644","plots\test3_7\1644_chrom382_alachlor-2_RED.png","test3_7_1644_chrom382_alachlor-2_RED.png","D:\yinlibo\MRMPFormer\model\project_review\full_rerun_random3000_20260916\random3000_channels\plots\test3_7\1644_chrom382_alachlor-2_RED.png","D:\yinlibo\MRMPFormer\model\project_review\full_rerun_random3000_20260916\random3000_channels\RED_YELLOW_review\test3_7_1644_chrom382_alachlor-2_RED.png"
"test3_7","florasulam-1","83","2","1","0","1","RED","1649","plots\test3_7\1649_chrom083_florasulam-1_RED.png","test3_7_1649_chrom083_florasulam-1_RED.png","D:\yinlibo\MRMPFormer\model\project_review\full_rerun_random3000_20260916\random3000_channels\plots\test3_7\1649_chrom083_florasulam-1_RED.png","D:\yinlibo\MRMPFormer\model\project_review\full_rerun_random3000_20260916\random3000_channels\RED_YELLOW_review\test3_7_1649_chrom083_florasulam-1_RED.png"
"test3_49","diflubenzuron-2","400","2","1","0","1","RED","1651","plots\test3_49\1651_chrom400_diflubenzuron-2_RED.png","test3_49_1651_chrom400_diflubenzuron-2_RED.png","D:\yinlibo\MRMPFormer\model\project_review\full_rerun_random3000_20260916\random3000_channels\plots\test3_49\1651_chrom400_diflubenzuron-2_RED.png","D:\yinlibo\MRMPFormer\model\project_review\full_rerun_random3000_20260916\random3000_channels\RED_YELLOW_review\test3_49_1651_chrom400_diflubenzuron-2_RED.png"
"test3_31","sulfoxaflor-1","65","2","1","0","1","RED","1663","plots\test3_31\1663_chrom065_sulfoxaflor-1_RED.png","test3_31_1663_chrom065_sulfoxaflor-1_RED.png","D:\yinlibo\MRMPFormer\model\project_review\full_rerun_random3000_20260916\random3000_channels\plots\test3_31\1663_chrom065_sulfoxaflor-1_RED.png","D:\yinlibo\MRMPFormer\model\project_review\full_rerun_random3000_20260916\random3000_channels\RED_YELLOW_review\test3_31_1663_chrom065_sulfoxaflor-1_RED.png"
"test3_19","terbufos sulfoxide-1","283","1","1","0","1","YELLOW","1668","plots\test3_19\1668_chrom283_terbufos sulfoxide-1_YELLOW.png","test3_19_1668_chrom283_terbufos sulfoxide-1_YELLOW.png","D:\yinlibo\MRMPFormer\model\project_review\full_rerun_random3000_20260916\random3000_channels\plots\test3_19\1668_chrom283_terbufos sulfoxide-1_YELLOW.png","D:\yinlibo\MRMPFormer\model\project_review\full_rerun_random3000_20260916\random3000_channels\RED_YELLOW_review\test3_19_1668_chrom283_terbufos sulfoxide-1_YELLOW.png"
"test3_14","propisochlor-1","397","1","1","0","1","YELLOW","1670","plots\test3_14\1670_chrom397_propisochlor-1_YELLOW.png","test3_14_1670_chrom397_propisochlor-1_YELLOW.png","D:\yinlibo\MRMPFormer\model\project_review\full_rerun_random3000_20260916\random3000_channels\plots\test3_14\1670_chrom397_propisochlor-1_YELLOW.png","D:\yinlibo\MRMPFormer\model\project_review\full_rerun_random3000_20260916\random3000_channels\RED_YELLOW_review\test3_14_1670_chrom397_propisochlor-1_YELLOW.png"
"test3_36","oxamyl-1","17","3","1","0","2","RED","1687","plots\test3_36\1687_chrom017_oxamyl-1_RED.png","test3_36_1687_chrom017_oxamyl-1_RED.png","D:\yinlibo\MRMPFormer\model\project_review\full_rerun_random3000_20260916\random3000_channels\plots\test3_36\1687_chrom017_oxamyl-1_RED.png","D:\yinlibo\MRMPFormer\model\project_review\full_rerun_random3000_20260916\random3000_channels\RED_YELLOW_review\test3_36_1687_chrom017_oxamyl-1_RED.png"
"test3_22","methoprene-1","693","2","1","0","1","RED","1696","plots\test3_22\1696_chrom693_methoprene-1_RED.png","test3_22_1696_chrom693_methoprene-1_RED.png","D:\yinlibo\MRMPFormer\model\project_review\full_rerun_random3000_20260916\random3000_channels\plots\test3_22\1696_chrom693_methoprene-1_RED.png","D:\yinlibo\MRMPFormer\model\project_review\full_rerun_random3000_20260916\random3000_channels\RED_YELLOW_review\test3_22_1696_chrom693_methoprene-1_RED.png"
"test3_7","pyriftalid-2","272","3","1","0","2","RED","1700","plots\test3_7\1700_chrom272_pyriftalid-2_RED.png","test3_7_1700_chrom272_pyriftalid-2_RED.png","D:\yinlibo\MRMPFormer\model\project_review\full_rerun_random3000_20260916\random3000_channels\plots\test3_7\1700_chrom272_pyriftalid-2_RED.png","D:\yinlibo\MRMPFormer\model\project_review\full_rerun_random3000_20260916\random3000_channels\RED_YELLOW_review\test3_7_1700_chrom272_pyriftalid-2_RED.png"
"test3_45","vamidothion-1","49","1","1","0","1","YELLOW","1703","plots\test3_45\1703_chrom049_vamidothion-1_YELLOW.png","test3_45_1703_chrom049_vamidothion-1_YELLOW.png","D:\yinlibo\MRMPFormer\model\project_review\full_rerun_random3000_20260916\random3000_channels\plots\test3_45\1703_chrom049_vamidothion-1_YELLOW.png","D:\yinlibo\MRMPFormer\model\project_review\full_rerun_random3000_20260916\random3000_channels\RED_YELLOW_review\test3_45_1703_chrom049_vamidothion-1_YELLOW.png"
"test3_43","tritosulfuron-1","199","4","1","0","4","RED","1714","plots\test3_43\1714_chrom199_tritosulfuron-1_RED.png","test3_43_1714_chrom199_tritosulfuron-1_RED.png","D:\yinlibo\MRMPFormer\model\project_review\full_rerun_random3000_20260916\random3000_channels\plots\test3_43\1714_chrom199_tritosulfuron-1_RED.png","D:\yinlibo\MRMPFormer\model\project_review\full_rerun_random3000_20260916\random3000_channels\RED_YELLOW_review\test3_43_1714_chrom199_tritosulfuron-1_RED.png"
"test3_30","Diclobutrazol-1","449","2","1","0","1","RED","1718","plots\test3_30\1718_chrom449_Diclobutrazol-1_RED.png","test3_30_1718_chrom449_Diclobutrazol-1_RED.png","D:\yinlibo\MRMPFormer\model\project_review\full_rerun_random3000_20260916\random3000_channels\plots\test3_30\1718_chrom449_Diclobutrazol-1_RED.png","D:\yinlibo\MRMPFormer\model\project_review\full_rerun_random3000_20260916\random3000_channels\RED_YELLOW_review\test3_30_1718_chrom449_Diclobutrazol-1_RED.png"
"test3_11","spirotetramat-mono-hydroxy-2","132","3","1","1","1","RED","1723","plots\test3_11\1723_chrom132_spirotetramat-mono-hydroxy-2_RED.png","test3_11_1723_chrom132_spirotetramat-mono-hydroxy-2_RED.png","D:\yinlibo\MRMPFormer\model\project_review\full_rerun_random3000_20260916\random3000_channels\plots\test3_11\1723_chrom132_spirotetramat-mono-hydroxy-2_RED.png","D:\yinlibo\MRMPFormer\model\project_review\full_rerun_random3000_20260916\random3000_channels\RED_YELLOW_review\test3_11_1723_chrom132_spirotetramat-mono-hydroxy-2_RED.png"
"test3_54","linuron-1","263","1","1","0","1","YELLOW","1734","plots\test3_54\1734_chrom263_linuron-1_YELLOW.png","test3_54_1734_chrom263_linuron-1_YELLOW.png","D:\yinlibo\MRMPFormer\model\project_review\full_rerun_random3000_20260916\random3000_channels\plots\test3_54\1734_chrom263_linuron-1_YELLOW.png","D:\yinlibo\MRMPFormer\model\project_review\full_rerun_random3000_20260916\random3000_channels\RED_YELLOW_review\test3_54_1734_chrom263_linuron-1_YELLOW.png"
"test3_5","benazolin-ethyl-1","269","3","1","0","2","RED","1737","plots\test3_5\1737_chrom269_benazolin-ethyl-1_RED.png","test3_5_1737_chrom269_benazolin-ethyl-1_RED.png","D:\yinlibo\MRMPFormer\model\project_review\full_rerun_random3000_20260916\random3000_channels\plots\test3_5\1737_chrom269_benazolin-ethyl-1_RED.png","D:\yinlibo\MRMPFormer\model\project_review\full_rerun_random3000_20260916\random3000_channels\RED_YELLOW_review\test3_5_1737_chrom269_benazolin-ethyl-1_RED.png"
"test3_30","sedaxane-1","345","2","1","0","1","RED","1739","plots\test3_30\1739_chrom345_sedaxane-1_RED.png","test3_30_1739_chrom345_sedaxane-1_RED.png","D:\yinlibo\MRMPFormer\model\project_review\full_rerun_random3000_20260916\random3000_channels\plots\test3_30\1739_chrom345_sedaxane-1_RED.png","D:\yinlibo\MRMPFormer\model\project_review\full_rerun_random3000_20260916\random3000_channels\RED_YELLOW_review\test3_30_1739_chrom345_sedaxane-1_RED.png"
"test3_39","propiconazole-1","491","1","1","0","1","YELLOW","1749","plots\test3_39\1749_chrom491_propiconazole-1_YELLOW.png","test3_39_1749_chrom491_propiconazole-1_YELLOW.png","D:\yinlibo\MRMPFormer\model\project_review\full_rerun_random3000_20260916\random3000_channels\plots\test3_39\1749_chrom491_propiconazole-1_YELLOW.png","D:\yinlibo\MRMPFormer\model\project_review\full_rerun_random3000_20260916\random3000_channels\RED_YELLOW_review\test3_39_1749_chrom491_propiconazole-1_YELLOW.png"
"test3_16","cyazofamid-2","402","4","1","0","4","RED","1756","plots\test3_16\1756_chrom402_cyazofamid-2_RED.png","test3_16_1756_chrom402_cyazofamid-2_RED.png","D:\yinlibo\MRMPFormer\model\project_review\full_rerun_random3000_20260916\random3000_channels\plots\test3_16\1756_chrom402_cyazofamid-2_RED.png","D:\yinlibo\MRMPFormer\model\project_review\full_rerun_random3000_20260916\random3000_channels\RED_YELLOW_review\test3_16_1756_chrom402_cyazofamid-2_RED.png"
"test3_9","clethodim sulfone-2","232","2","1","0","1","RED","1768","plots\test3_9\1768_chrom232_clethodim sulfone-2_RED.png","test3_9_1768_chrom232_clethodim sulfone-2_RED.png","D:\yinlibo\MRMPFormer\model\project_review\full_rerun_random3000_20260916\random3000_channels\plots\test3_9\1768_chrom232_clethodim sulfone-2_RED.png","D:\yinlibo\MRMPFormer\model\project_review\full_rerun_random3000_20260916\random3000_channels\RED_YELLOW_review\test3_9_1768_chrom232_clethodim sulfone-2_RED.png"
"test3_42","cyproconazole-2","410","2","1","0","2","RED","1771","plots\test3_42\1771_chrom410_cyproconazole-2_RED.png","test3_42_1771_chrom410_cyproconazole-2_RED.png","D:\yinlibo\MRMPFormer\model\project_review\full_rerun_random3000_20260916\random3000_channels\plots\test3_42\1771_chrom410_cyproconazole-2_RED.png","D:\yinlibo\MRMPFormer\model\project_review\full_rerun_random3000_20260916\random3000_channels\RED_YELLOW_review\test3_42_1771_chrom410_cyproconazole-2_RED.png"
"test3_17","oxamyl-2","18","1","1","0","1","YELLOW","1777","plots\test3_17\1777_chrom018_oxamyl-2_YELLOW.png","test3_17_1777_chrom018_oxamyl-2_YELLOW.png","D:\yinlibo\MRMPFormer\model\project_review\full_rerun_random3000_20260916\random3000_channels\plots\test3_17\1777_chrom018_oxamyl-2_YELLOW.png","D:\yinlibo\MRMPFormer\model\project_review\full_rerun_random3000_20260916\random3000_channels\RED_YELLOW_review\test3_17_1777_chrom018_oxamyl-2_YELLOW.png"
"test3_36","sedaxane-2","346","2","1","0","1","RED","1779","plots\test3_36\1779_chrom346_sedaxane-2_RED.png","test3_36_1779_chrom346_sedaxane-2_RED.png","D:\yinlibo\MRMPFormer\model\project_review\full_rerun_random3000_20260916\random3000_channels\plots\test3_36\1779_chrom346_sedaxane-2_RED.png","D:\yinlibo\MRMPFormer\model\project_review\full_rerun_random3000_20260916\random3000_channels\RED_YELLOW_review\test3_36_1779_chrom346_sedaxane-2_RED.png"
"test3_13","thiacloprid-2","76","1","1","0","1","YELLOW","1787","plots\test3_13\1787_chrom076_thiacloprid-2_YELLOW.png","test3_13_1787_chrom076_thiacloprid-2_YELLOW.png","D:\yinlibo\MRMPFormer\model\project_review\full_rerun_random3000_20260916\random3000_channels\plots\test3_13\1787_chrom076_thiacloprid-2_YELLOW.png","D:\yinlibo\MRMPFormer\model\project_review\full_rerun_random3000_20260916\random3000_channels\RED_YELLOW_review\test3_13_1787_chrom076_thiacloprid-2_YELLOW.png"
"test3_21","sethoxydim-2","608","3","1","1","2","RED","1789","plots\test3_21\1789_chrom608_sethoxydim-2_RED.png","test3_21_1789_chrom608_sethoxydim-2_RED.png","D:\yinlibo\MRMPFormer\model\project_review\full_rerun_random3000_20260916\random3000_channels\plots\test3_21\1789_chrom608_sethoxydim-2_RED.png","D:\yinlibo\MRMPFormer\model\project_review\full_rerun_random3000_20260916\random3000_channels\RED_YELLOW_review\test3_21_1789_chrom608_sethoxydim-2_RED.png"
"test3_23","dimethomorph-2","318","2","1","0","1","RED","1792","plots\test3_23\1792_chrom318_dimethomorph-2_RED.png","test3_23_1792_chrom318_dimethomorph-2_RED.png","D:\yinlibo\MRMPFormer\model\project_review\full_rerun_random3000_20260916\random3000_channels\plots\test3_23\1792_chrom318_dimethomorph-2_RED.png","D:\yinlibo\MRMPFormer\model\project_review\full_rerun_random3000_20260916\random3000_channels\RED_YELLOW_review\test3_23_1792_chrom318_dimethomorph-2_RED.png"
"test3_42","flubendiamide-2","504","2","1","0","1","RED","1794","plots\test3_42\1794_chrom504_flubendiamide-2_RED.png","test3_42_1794_chrom504_flubendiamide-2_RED.png","D:\yinlibo\MRMPFormer\model\project_review\full_rerun_random3000_20260916\random3000_channels\plots\test3_42\1794_chrom504_flubendiamide-2_RED.png","D:\yinlibo\MRMPFormer\model\project_review\full_rerun_random3000_20260916\random3000_channels\RED_YELLOW_review\test3_42_1794_chrom504_flubendiamide-2_RED.png"
"test3_8","fensulfothion oxon sulfone-2","90","2","1","0","1","RED","1798","plots\test3_8\1798_chrom090_fensulfothion oxon sulfone-2_RED.png","test3_8_1798_chrom090_fensulfothion oxon sulfone-2_RED.png","D:\yinlibo\MRMPFormer\model\project_review\full_rerun_random3000_20260916\random3000_channels\plots\test3_8\1798_chrom090_fensulfothion oxon sulfone-2_RED.png","D:\yinlibo\MRMPFormer\model\project_review\full_rerun_random3000_20260916\random3000_channels\RED_YELLOW_review\test3_8_1798_chrom090_fensulfothion oxon sulfone-2_RED.png"
"test3_8","procymidone-1","341","1","1","0","1","YELLOW","1807","plots\test3_8\1807_chrom341_procymidone-1_YELLOW.png","test3_8_1807_chrom341_procymidone-1_YELLOW.png","D:\yinlibo\MRMPFormer\model\project_review\full_rerun_random3000_20260916\random3000_channels\plots\test3_8\1807_chrom341_procymidone-1_YELLOW.png","D:\yinlibo\MRMPFormer\model\project_review\full_rerun_random3000_20260916\random3000_channels\RED_YELLOW_review\test3_8_1807_chrom341_procymidone-1_YELLOW.png"
"test3_10","isoxaflutole-2","220","2","1","0","1","RED","1808","plots\test3_10\1808_chrom220_isoxaflutole-2_RED.png","test3_10_1808_chrom220_isoxaflutole-2_RED.png","D:\yinlibo\MRMPFormer\model\project_review\full_rerun_random3000_20260916\random3000_channels\plots\test3_10\1808_chrom220_isoxaflutole-2_RED.png","D:\yinlibo\MRMPFormer\model\project_review\full_rerun_random3000_20260916\random3000_channels\RED_YELLOW_review\test3_10_1808_chrom220_isoxaflutole-2_RED.png"
"test3_14","chromafenozide-2","408","2","1","0","1","RED","1811","plots\test3_14\1811_chrom408_chromafenozide-2_RED.png","test3_14_1811_chrom408_chromafenozide-2_RED.png","D:\yinlibo\MRMPFormer\model\project_review\full_rerun_random3000_20260916\random3000_channels\plots\test3_14\1811_chrom408_chromafenozide-2_RED.png","D:\yinlibo\MRMPFormer\model\project_review\full_rerun_random3000_20260916\random3000_channels\RED_YELLOW_review\test3_14_1811_chrom408_chromafenozide-2_RED.png"
"test3_35","ipconazole-2","564","2","1","0","1","RED","1821","plots\test3_35\1821_chrom564_ipconazole-2_RED.png","test3_35_1821_chrom564_ipconazole-2_RED.png","D:\yinlibo\MRMPFormer\model\project_review\full_rerun_random3000_20260916\random3000_channels\plots\test3_35\1821_chrom564_ipconazole-2_RED.png","D:\yinlibo\MRMPFormer\model\project_review\full_rerun_random3000_20260916\random3000_channels\RED_YELLOW_review\test3_35_1821_chrom564_ipconazole-2_RED.png"
"test3_9","flutriafol-1","193","1","1","0","1","YELLOW","1822","plots\test3_9\1822_chrom193_flutriafol-1_YELLOW.png","test3_9_1822_chrom193_flutriafol-1_YELLOW.png","D:\yinlibo\MRMPFormer\model\project_review\full_rerun_random3000_20260916\random3000_channels\plots\test3_9\1822_chrom193_flutriafol-1_YELLOW.png","D:\yinlibo\MRMPFormer\model\project_review\full_rerun_random3000_20260916\random3000_channels\RED_YELLOW_review\test3_9_1822_chrom193_flutriafol-1_YELLOW.png"
"test3_10","spirotetramat-mono-hydroxy-1","131","1","1","0","1","YELLOW","1823","plots\test3_10\1823_chrom131_spirotetramat-mono-hydroxy-1_YELLOW.png","test3_10_1823_chrom131_spirotetramat-mono-hydroxy-1_YELLOW.png","D:\yinlibo\MRMPFormer\model\project_review\full_rerun_random3000_20260916\random3000_channels\plots\test3_10\1823_chrom131_spirotetramat-mono-hydroxy-1_YELLOW.png","D:\yinlibo\MRMPFormer\model\project_review\full_rerun_random3000_20260916\random3000_channels\RED_YELLOW_review\test3_10_1823_chrom131_spirotetramat-mono-hydroxy-1_YELLOW.png"
"test3_36","monocrotophos-2","30","2","1","0","1","RED","1830","plots\test3_36\1830_chrom030_monocrotophos-2_RED.png","test3_36_1830_chrom030_monocrotophos-2_RED.png","D:\yinlibo\MRMPFormer\model\project_review\full_rerun_random3000_20260916\random3000_channels\plots\test3_36\1830_chrom030_monocrotophos-2_RED.png","D:\yinlibo\MRMPFormer\model\project_review\full_rerun_random3000_20260916\random3000_channels\RED_YELLOW_review\test3_36_1830_chrom030_monocrotophos-2_RED.png"
"test3_25","uniconazole-1","411","2","1","0","1","RED","1835","plots\test3_25\1835_chrom411_uniconazole-1_RED.png","test3_25_1835_chrom411_uniconazole-1_RED.png","D:\yinlibo\MRMPFormer\model\project_review\full_rerun_random3000_20260916\random3000_channels\plots\test3_25\1835_chrom411_uniconazole-1_RED.png","D:\yinlibo\MRMPFormer\model\project_review\full_rerun_random3000_20260916\random3000_channels\RED_YELLOW_review\test3_25_1835_chrom411_uniconazole-1_RED.png"
"test3_3","triadimefon-1","343","1","1","0","1","YELLOW","1838","plots\test3_3\1838_chrom343_triadimefon-1_YELLOW.png","test3_3_1838_chrom343_triadimefon-1_YELLOW.png","D:\yinlibo\MRMPFormer\model\project_review\full_rerun_random3000_20260916\random3000_channels\plots\test3_3\1838_chrom343_triadimefon-1_YELLOW.png","D:\yinlibo\MRMPFormer\model\project_review\full_rerun_random3000_20260916\random3000_channels\RED_YELLOW_review\test3_3_1838_chrom343_triadimefon-1_YELLOW.png"
"test3_40","oxamyl-1","17","4","1","1","2","RED","1845","plots\test3_40\1845_chrom017_oxamyl-1_RED.png","test3_40_1845_chrom017_oxamyl-1_RED.png","D:\yinlibo\MRMPFormer\model\project_review\full_rerun_random3000_20260916\random3000_channels\plots\test3_40\1845_chrom017_oxamyl-1_RED.png","D:\yinlibo\MRMPFormer\model\project_review\full_rerun_random3000_20260916\random3000_channels\RED_YELLOW_review\test3_40_1845_chrom017_oxamyl-1_RED.png"
"test3_38","fenpropidin-1","227","1","1","0","1","YELLOW","1848","plots\test3_38\1848_chrom227_fenpropidin-1_YELLOW.png","test3_38_1848_chrom227_fenpropidin-1_YELLOW.png","D:\yinlibo\MRMPFormer\model\project_review\full_rerun_random3000_20260916\random3000_channels\plots\test3_38\1848_chrom227_fenpropidin-1_YELLOW.png","D:\yinlibo\MRMPFormer\model\project_review\full_rerun_random3000_20260916\random3000_channels\RED_YELLOW_review\test3_38_1848_chrom227_fenpropidin-1_YELLOW.png"
"test3_17","methomyl-1","5","3","1","1","1","RED","1861","plots\test3_17\1861_chrom005_methomyl-1_RED.png","test3_17_1861_chrom005_methomyl-1_RED.png","D:\yinlibo\MRMPFormer\model\project_review\full_rerun_random3000_20260916\random3000_channels\plots\test3_17\1861_chrom005_methomyl-1_RED.png","D:\yinlibo\MRMPFormer\model\project_review\full_rerun_random3000_20260916\random3000_channels\RED_YELLOW_review\test3_17_1861_chrom005_methomyl-1_RED.png"
"test3_45","aldicarb sulfoxide-2","12","2","1","0","1","RED","1863","plots\test3_45\1863_chrom012_aldicarb sulfoxide-2_RED.png","test3_45_1863_chrom012_aldicarb sulfoxide-2_RED.png","D:\yinlibo\MRMPFormer\model\project_review\full_rerun_random3000_20260916\random3000_channels\plots\test3_45\1863_chrom012_aldicarb sulfoxide-2_RED.png","D:\yinlibo\MRMPFormer\model\project_review\full_rerun_random3000_20260916\random3000_channels\RED_YELLOW_review\test3_45_1863_chrom012_aldicarb sulfoxide-2_RED.png"
"test3_5","sulfoxaflor-1","65","2","1","0","1","RED","1864","plots\test3_5\1864_chrom065_sulfoxaflor-1_RED.png","test3_5_1864_chrom065_sulfoxaflor-1_RED.png","D:\yinlibo\MRMPFormer\model\project_review\full_rerun_random3000_20260916\random3000_channels\plots\test3_5\1864_chrom065_sulfoxaflor-1_RED.png","D:\yinlibo\MRMPFormer\model\project_review\full_rerun_random3000_20260916\random3000_channels\RED_YELLOW_review\test3_5_1864_chrom065_sulfoxaflor-1_RED.png"
"test3_3","hexythiazox-2","650","2","1","0","2","RED","1882","plots\test3_3\1882_chrom650_hexythiazox-2_RED.png","test3_3_1882_chrom650_hexythiazox-2_RED.png","D:\yinlibo\MRMPFormer\model\project_review\full_rerun_random3000_20260916\random3000_channels\plots\test3_3\1882_chrom650_hexythiazox-2_RED.png","D:\yinlibo\MRMPFormer\model\project_review\full_rerun_random3000_20260916\random3000_channels\RED_YELLOW_review\test3_3_1882_chrom650_hexythiazox-2_RED.png"
"test3_14","butachlor-2","576","3","1","1","1","RED","1886","plots\test3_14\1886_chrom576_butachlor-2_RED.png","test3_14_1886_chrom576_butachlor-2_RED.png","D:\yinlibo\MRMPFormer\model\project_review\full_rerun_random3000_20260916\random3000_channels\plots\test3_14\1886_chrom576_butachlor-2_RED.png","D:\yinlibo\MRMPFormer\model\project_review\full_rerun_random3000_20260916\random3000_channels\RED_YELLOW_review\test3_14_1886_chrom576_butachlor-2_RED.png"
"test3_21","oxamyl oxime-2","10","1","1","0","1","YELLOW","1889","plots\test3_21\1889_chrom010_oxamyl oxime-2_YELLOW.png","test3_21_1889_chrom010_oxamyl oxime-2_YELLOW.png","D:\yinlibo\MRMPFormer\model\project_review\full_rerun_random3000_20260916\random3000_channels\plots\test3_21\1889_chrom010_oxamyl oxime-2_YELLOW.png","D:\yinlibo\MRMPFormer\model\project_review\full_rerun_random3000_20260916\random3000_channels\RED_YELLOW_review\test3_21_1889_chrom010_oxamyl oxime-2_YELLOW.png"
"test3_9","promecarb-2","262","3","1","0","2","RED","1890","plots\test3_9\1890_chrom262_promecarb-2_RED.png","test3_9_1890_chrom262_promecarb-2_RED.png","D:\yinlibo\MRMPFormer\model\project_review\full_rerun_random3000_20260916\random3000_channels\plots\test3_9\1890_chrom262_promecarb-2_RED.png","D:\yinlibo\MRMPFormer\model\project_review\full_rerun_random3000_20260916\random3000_channels\RED_YELLOW_review\test3_9_1890_chrom262_promecarb-2_RED.png"
"test3_15","spirodiclofen-1","683","3","1","0","2","RED","1898","plots\test3_15\1898_chrom683_spirodiclofen-1_RED.png","test3_15_1898_chrom683_spirodiclofen-1_RED.png","D:\yinlibo\MRMPFormer\model\project_review\full_rerun_random3000_20260916\random3000_channels\plots\test3_15\1898_chrom683_spirodiclofen-1_RED.png","D:\yinlibo\MRMPFormer\model\project_review\full_rerun_random3000_20260916\random3000_channels\RED_YELLOW_review\test3_15_1898_chrom683_spirodiclofen-1_RED.png"
"test3_23","demeton-S-sulfoxide-1","67","1","1","0","1","YELLOW","1901","plots\test3_23\1901_chrom067_demeton-S-sulfoxide-1_YELLOW.png","test3_23_1901_chrom067_demeton-S-sulfoxide-1_YELLOW.png","D:\yinlibo\MRMPFormer\model\project_review\full_rerun_random3000_20260916\random3000_channels\plots\test3_23\1901_chrom067_demeton-S-sulfoxide-1_YELLOW.png","D:\yinlibo\MRMPFormer\model\project_review\full_rerun_random3000_20260916\random3000_channels\RED_YELLOW_review\test3_23_1901_chrom067_demeton-S-sulfoxide-1_YELLOW.png"
"test3_31","phenthoate-2","452","2","1","0","1","RED","1914","plots\test3_31\1914_chrom452_phenthoate-2_RED.png","test3_31_1914_chrom452_phenthoate-2_RED.png","D:\yinlibo\MRMPFormer\model\project_review\full_rerun_random3000_20260916\random3000_channels\plots\test3_31\1914_chrom452_phenthoate-2_RED.png","D:\yinlibo\MRMPFormer\model\project_review\full_rerun_random3000_20260916\random3000_channels\RED_YELLOW_review\test3_31_1914_chrom452_phenthoate-2_RED.png"
"test3_15","methoxyfenozide-2","368","2","1","0","2","RED","1927","plots\test3_15\1927_chrom368_methoxyfenozide-2_RED.png","test3_15_1927_chrom368_methoxyfenozide-2_RED.png","D:\yinlibo\MRMPFormer\model\project_review\full_rerun_random3000_20260916\random3000_channels\plots\test3_15\1927_chrom368_methoxyfenozide-2_RED.png","D:\yinlibo\MRMPFormer\model\project_review\full_rerun_random3000_20260916\random3000_channels\RED_YELLOW_review\test3_15_1927_chrom368_methoxyfenozide-2_RED.png"
"test3_26","spirotetramat-enol-glucoside-1","37","5","1","0","4","RED","1928","plots\test3_26\1928_chrom037_spirotetramat-enol-glucoside-1_RED.png","test3_26_1928_chrom037_spirotetramat-enol-glucoside-1_RED.png","D:\yinlibo\MRMPFormer\model\project_review\full_rerun_random3000_20260916\random3000_channels\plots\test3_26\1928_chrom037_spirotetramat-enol-glucoside-1_RED.png","D:\yinlibo\MRMPFormer\model\project_review\full_rerun_random3000_20260916\random3000_channels\RED_YELLOW_review\test3_26_1928_chrom037_spirotetramat-enol-glucoside-1_RED.png"
"test3_15","terbufos sulfoxide-2","284","2","1","0","2","RED","1933","plots\test3_15\1933_chrom284_terbufos sulfoxide-2_RED.png","test3_15_1933_chrom284_terbufos sulfoxide-2_RED.png","D:\yinlibo\MRMPFormer\model\project_review\full_rerun_random3000_20260916\random3000_channels\plots\test3_15\1933_chrom284_terbufos sulfoxide-2_RED.png","D:\yinlibo\MRMPFormer\model\project_review\full_rerun_random3000_20260916\random3000_channels\RED_YELLOW_review\test3_15_1933_chrom284_terbufos sulfoxide-2_RED.png"
"test3_10","ipconazole-1","563","2","1","0","1","RED","1950","plots\test3_10\1950_chrom563_ipconazole-1_RED.png","test3_10_1950_chrom563_ipconazole-1_RED.png","D:\yinlibo\MRMPFormer\model\project_review\full_rerun_random3000_20260916\random3000_channels\plots\test3_10\1950_chrom563_ipconazole-1_RED.png","D:\yinlibo\MRMPFormer\model\project_review\full_rerun_random3000_20260916\random3000_channels\RED_YELLOW_review\test3_10_1950_chrom563_ipconazole-1_RED.png"
"test3_17","uniconazole-2","412","2","1","0","1","RED","1964","plots\test3_17\1964_chrom412_uniconazole-2_RED.png","test3_17_1964_chrom412_uniconazole-2_RED.png","D:\yinlibo\MRMPFormer\model\project_review\full_rerun_random3000_20260916\random3000_channels\plots\test3_17\1964_chrom412_uniconazole-2_RED.png","D:\yinlibo\MRMPFormer\model\project_review\full_rerun_random3000_20260916\random3000_channels\RED_YELLOW_review\test3_17_1964_chrom412_uniconazole-2_RED.png"
"test3_6","triflusulfuron-methyl-2","354","5","1","0","4","RED","1965","plots\test3_6\1965_chrom354_triflusulfuron-methyl-2_RED.png","test3_6_1965_chrom354_triflusulfuron-methyl-2_RED.png","D:\yinlibo\MRMPFormer\model\project_review\full_rerun_random3000_20260916\random3000_channels\plots\test3_6\1965_chrom354_triflusulfuron-methyl-2_RED.png","D:\yinlibo\MRMPFormer\model\project_review\full_rerun_random3000_20260916\random3000_channels\RED_YELLOW_review\test3_6_1965_chrom354_triflusulfuron-methyl-2_RED.png"
"test3_19","tau-fluvalinate-2","692","4","1","0","3","RED","1966","plots\test3_19\1966_chrom692_tau-fluvalinate-2_RED.png","test3_19_1966_chrom692_tau-fluvalinate-2_RED.png","D:\yinlibo\MRMPFormer\model\project_review\full_rerun_random3000_20260916\random3000_channels\plots\test3_19\1966_chrom692_tau-fluvalinate-2_RED.png","D:\yinlibo\MRMPFormer\model\project_review\full_rerun_random3000_20260916\random3000_channels\RED_YELLOW_review\test3_19_1966_chrom692_tau-fluvalinate-2_RED.png"
"test3_32","ethofumesate-1","281","1","1","0","1","YELLOW","1968","plots\test3_32\1968_chrom281_ethofumesate-1_YELLOW.png","test3_32_1968_chrom281_ethofumesate-1_YELLOW.png","D:\yinlibo\MRMPFormer\model\project_review\full_rerun_random3000_20260916\random3000_channels\plots\test3_32\1968_chrom281_ethofumesate-1_YELLOW.png","D:\yinlibo\MRMPFormer\model\project_review\full_rerun_random3000_20260916\random3000_channels\RED_YELLOW_review\test3_32_1968_chrom281_ethofumesate-1_YELLOW.png"
"test3_4","fensulfothion sulfone-2","234","1","1","0","1","YELLOW","1972","plots\test3_4\1972_chrom234_fensulfothion sulfone-2_YELLOW.png","test3_4_1972_chrom234_fensulfothion sulfone-2_YELLOW.png","D:\yinlibo\MRMPFormer\model\project_review\full_rerun_random3000_20260916\random3000_channels\plots\test3_4\1972_chrom234_fensulfothion sulfone-2_YELLOW.png","D:\yinlibo\MRMPFormer\model\project_review\full_rerun_random3000_20260916\random3000_channels\RED_YELLOW_review\test3_4_1972_chrom234_fensulfothion sulfone-2_YELLOW.png"
"test3_14","iprodione-2","394","2","1","0","2","RED","1974","plots\test3_14\1974_chrom394_iprodione-2_RED.png","test3_14_1974_chrom394_iprodione-2_RED.png","D:\yinlibo\MRMPFormer\model\project_review\full_rerun_random3000_20260916\random3000_channels\plots\test3_14\1974_chrom394_iprodione-2_RED.png","D:\yinlibo\MRMPFormer\model\project_review\full_rerun_random3000_20260916\random3000_channels\RED_YELLOW_review\test3_14_1974_chrom394_iprodione-2_RED.png"
"test3_23","phorate-1","495","4","1","2","1","RED","1979","plots\test3_23\1979_chrom495_phorate-1_RED.png","test3_23_1979_chrom495_phorate-1_RED.png","D:\yinlibo\MRMPFormer\model\project_review\full_rerun_random3000_20260916\random3000_channels\plots\test3_23\1979_chrom495_phorate-1_RED.png","D:\yinlibo\MRMPFormer\model\project_review\full_rerun_random3000_20260916\random3000_channels\RED_YELLOW_review\test3_23_1979_chrom495_phorate-1_RED.png"
"test3_35","dimethomorph-2","318","2","1","0","1","RED","1983","plots\test3_35\1983_chrom318_dimethomorph-2_RED.png","test3_35_1983_chrom318_dimethomorph-2_RED.png","D:\yinlibo\MRMPFormer\model\project_review\full_rerun_random3000_20260916\random3000_channels\plots\test3_35\1983_chrom318_dimethomorph-2_RED.png","D:\yinlibo\MRMPFormer\model\project_review\full_rerun_random3000_20260916\random3000_channels\RED_YELLOW_review\test3_35_1983_chrom318_dimethomorph-2_RED.png"
"test3_21","promecarb-1","261","2","1","0","1","RED","1986","plots\test3_21\1986_chrom261_promecarb-1_RED.png","test3_21_1986_chrom261_promecarb-1_RED.png","D:\yinlibo\MRMPFormer\model\project_review\full_rerun_random3000_20260916\random3000_channels\plots\test3_21\1986_chrom261_promecarb-1_RED.png","D:\yinlibo\MRMPFormer\model\project_review\full_rerun_random3000_20260916\random3000_channels\RED_YELLOW_review\test3_21_1986_chrom261_promecarb-1_RED.png"
"test3_25","simazine-2","138","2","1","0","1","RED","1995","plots\test3_25\1995_chrom138_simazine-2_RED.png","test3_25_1995_chrom138_simazine-2_RED.png","D:\yinlibo\MRMPFormer\model\project_review\full_rerun_random3000_20260916\random3000_channels\plots\test3_25\1995_chrom138_simazine-2_RED.png","D:\yinlibo\MRMPFormer\model\project_review\full_rerun_random3000_20260916\random3000_channels\RED_YELLOW_review\test3_25_1995_chrom138_simazine-2_RED.png"
"test3_46","dimethomorph-1","317","2","1","0","1","RED","2001","plots\test3_46\2001_chrom317_dimethomorph-1_RED.png","test3_46_2001_chrom317_dimethomorph-1_RED.png","D:\yinlibo\MRMPFormer\model\project_review\full_rerun_random3000_20260916\random3000_channels\plots\test3_46\2001_chrom317_dimethomorph-1_RED.png","D:\yinlibo\MRMPFormer\model\project_review\full_rerun_random3000_20260916\random3000_channels\RED_YELLOW_review\test3_46_2001_chrom317_dimethomorph-1_RED.png"
"test3_7","spirotetramat-enol-2","36","2","1","0","2","RED","2002","plots\test3_7\2002_chrom036_spirotetramat-enol-2_RED.png","test3_7_2002_chrom036_spirotetramat-enol-2_RED.png","D:\yinlibo\MRMPFormer\model\project_review\full_rerun_random3000_20260916\random3000_channels\plots\test3_7\2002_chrom036_spirotetramat-enol-2_RED.png","D:\yinlibo\MRMPFormer\model\project_review\full_rerun_random3000_20260916\random3000_channels\RED_YELLOW_review\test3_7_2002_chrom036_spirotetramat-enol-2_RED.png"
"test3_11","fenamiphos sulfoxide-1","151","3","1","1","1","RED","2003","plots\test3_11\2003_chrom151_fenamiphos sulfoxide-1_RED.png","test3_11_2003_chrom151_fenamiphos sulfoxide-1_RED.png","D:\yinlibo\MRMPFormer\model\project_review\full_rerun_random3000_20260916\random3000_channels\plots\test3_11\2003_chrom151_fenamiphos sulfoxide-1_RED.png","D:\yinlibo\MRMPFormer\model\project_review\full_rerun_random3000_20260916\random3000_channels\RED_YELLOW_review\test3_11_2003_chrom151_fenamiphos sulfoxide-1_RED.png"
"test3_9","oxadiargyl-1","515","3","1","0","2","RED","2009","plots\test3_9\2009_chrom515_oxadiargyl-1_RED.png","test3_9_2009_chrom515_oxadiargyl-1_RED.png","D:\yinlibo\MRMPFormer\model\project_review\full_rerun_random3000_20260916\random3000_channels\plots\test3_9\2009_chrom515_oxadiargyl-1_RED.png","D:\yinlibo\MRMPFormer\model\project_review\full_rerun_random3000_20260916\random3000_channels\RED_YELLOW_review\test3_9_2009_chrom515_oxadiargyl-1_RED.png"
"test3_52","ipconazole-2","564","2","1","0","1","RED","2010","plots\test3_52\2010_chrom564_ipconazole-2_RED.png","test3_52_2010_chrom564_ipconazole-2_RED.png","D:\yinlibo\MRMPFormer\model\project_review\full_rerun_random3000_20260916\random3000_channels\plots\test3_52\2010_chrom564_ipconazole-2_RED.png","D:\yinlibo\MRMPFormer\model\project_review\full_rerun_random3000_20260916\random3000_channels\RED_YELLOW_review\test3_52_2010_chrom564_ipconazole-2_RED.png"
"test3_56","tau-fluvalinate-2","692","2","1","0","1","RED","2017","plots\test3_56\2017_chrom692_tau-fluvalinate-2_RED.png","test3_56_2017_chrom692_tau-fluvalinate-2_RED.png","D:\yinlibo\MRMPFormer\model\project_review\full_rerun_random3000_20260916\random3000_channels\plots\test3_56\2017_chrom692_tau-fluvalinate-2_RED.png","D:\yinlibo\MRMPFormer\model\project_review\full_rerun_random3000_20260916\random3000_channels\RED_YELLOW_review\test3_56_2017_chrom692_tau-fluvalinate-2_RED.png"
"test3_36","pyraoxystrobin-1","541","2","1","0","1","RED","2021","plots\test3_36\2021_chrom541_pyraoxystrobin-1_RED.png","test3_36_2021_chrom541_pyraoxystrobin-1_RED.png","D:\yinlibo\MRMPFormer\model\project_review\full_rerun_random3000_20260916\random3000_channels\plots\test3_36\2021_chrom541_pyraoxystrobin-1_RED.png","D:\yinlibo\MRMPFormer\model\project_review\full_rerun_random3000_20260916\random3000_channels\RED_YELLOW_review\test3_36_2021_chrom541_pyraoxystrobin-1_RED.png"
"test3_6","clethodim sulfoxide-1","237","2","1","0","1","RED","2033","plots\test3_6\2033_chrom237_clethodim sulfoxide-1_RED.png","test3_6_2033_chrom237_clethodim sulfoxide-1_RED.png","D:\yinlibo\MRMPFormer\model\project_review\full_rerun_random3000_20260916\random3000_channels\plots\test3_6\2033_chrom237_clethodim sulfoxide-1_RED.png","D:\yinlibo\MRMPFormer\model\project_review\full_rerun_random3000_20260916\random3000_channels\RED_YELLOW_review\test3_6_2033_chrom237_clethodim sulfoxide-1_RED.png"
"test3_23","cyproconazole-2","410","2","1","0","1","RED","2038","plots\test3_23\2038_chrom410_cyproconazole-2_RED.png","test3_23_2038_chrom410_cyproconazole-2_RED.png","D:\yinlibo\MRMPFormer\model\project_review\full_rerun_random3000_20260916\random3000_channels\plots\test3_23\2038_chrom410_cyproconazole-2_RED.png","D:\yinlibo\MRMPFormer\model\project_review\full_rerun_random3000_20260916\random3000_channels\RED_YELLOW_review\test3_23_2038_chrom410_cyproconazole-2_RED.png"
"test3_17","trichlorfon-2","60","2","1","0","1","RED","2039","plots\test3_17\2039_chrom060_trichlorfon-2_RED.png","test3_17_2039_chrom060_trichlorfon-2_RED.png","D:\yinlibo\MRMPFormer\model\project_review\full_rerun_random3000_20260916\random3000_channels\plots\test3_17\2039_chrom060_trichlorfon-2_RED.png","D:\yinlibo\MRMPFormer\model\project_review\full_rerun_random3000_20260916\random3000_channels\RED_YELLOW_review\test3_17_2039_chrom060_trichlorfon-2_RED.png"
"test3_6","phosalone-1","519","2","1","0","1","RED","2042","plots\test3_6\2042_chrom519_phosalone-1_RED.png","test3_6_2042_chrom519_phosalone-1_RED.png","D:\yinlibo\MRMPFormer\model\project_review\full_rerun_random3000_20260916\random3000_channels\plots\test3_6\2042_chrom519_phosalone-1_RED.png","D:\yinlibo\MRMPFormer\model\project_review\full_rerun_random3000_20260916\random3000_channels\RED_YELLOW_review\test3_6_2042_chrom519_phosalone-1_RED.png"
"test3_8","propiconazole-2","492","2","1","0","2","RED","2048","plots\test3_8\2048_chrom492_propiconazole-2_RED.png","test3_8_2048_chrom492_propiconazole-2_RED.png","D:\yinlibo\MRMPFormer\model\project_review\full_rerun_random3000_20260916\random3000_channels\plots\test3_8\2048_chrom492_propiconazole-2_RED.png","D:\yinlibo\MRMPFormer\model\project_review\full_rerun_random3000_20260916\random3000_channels\RED_YELLOW_review\test3_8_2048_chrom492_propiconazole-2_RED.png"
"test3_48","ipconazole-1","563","2","1","0","1","RED","2054","plots\test3_48\2054_chrom563_ipconazole-1_RED.png","test3_48_2054_chrom563_ipconazole-1_RED.png","D:\yinlibo\MRMPFormer\model\project_review\full_rerun_random3000_20260916\random3000_channels\plots\test3_48\2054_chrom563_ipconazole-1_RED.png","D:\yinlibo\MRMPFormer\model\project_review\full_rerun_random3000_20260916\random3000_channels\RED_YELLOW_review\test3_48_2054_chrom563_ipconazole-1_RED.png"
"test3_45","methamidophos-2","2","1","1","0","1","YELLOW","2055","plots\test3_45\2055_chrom002_methamidophos-2_YELLOW.png","test3_45_2055_chrom002_methamidophos-2_YELLOW.png","D:\yinlibo\MRMPFormer\model\project_review\full_rerun_random3000_20260916\random3000_channels\plots\test3_45\2055_chrom002_methamidophos-2_YELLOW.png","D:\yinlibo\MRMPFormer\model\project_review\full_rerun_random3000_20260916\random3000_channels\RED_YELLOW_review\test3_45_2055_chrom002_methamidophos-2_YELLOW.png"
"test3_10","tebufenozide-2","464","3","1","0","2","RED","2064","plots\test3_10\2064_chrom464_tebufenozide-2_RED.png","test3_10_2064_chrom464_tebufenozide-2_RED.png","D:\yinlibo\MRMPFormer\model\project_review\full_rerun_random3000_20260916\random3000_channels\plots\test3_10\2064_chrom464_tebufenozide-2_RED.png","D:\yinlibo\MRMPFormer\model\project_review\full_rerun_random3000_20260916\random3000_channels\RED_YELLOW_review\test3_10_2064_chrom464_tebufenozide-2_RED.png"
"test3_14","pyraoxystrobin-2","542","2","1","0","1","RED","2066","plots\test3_14\2066_chrom542_pyraoxystrobin-2_RED.png","test3_14_2066_chrom542_pyraoxystrobin-2_RED.png","D:\yinlibo\MRMPFormer\model\project_review\full_rerun_random3000_20260916\random3000_channels\plots\test3_14\2066_chrom542_pyraoxystrobin-2_RED.png","D:\yinlibo\MRMPFormer\model\project_review\full_rerun_random3000_20260916\random3000_channels\RED_YELLOW_review\test3_14_2066_chrom542_pyraoxystrobin-2_RED.png"
"test3_4","terbufos sulfoxide-1","283","2","1","0","1","RED","2067","plots\test3_4\2067_chrom283_terbufos sulfoxide-1_RED.png","test3_4_2067_chrom283_terbufos sulfoxide-1_RED.png","D:\yinlibo\MRMPFormer\model\project_review\full_rerun_random3000_20260916\random3000_channels\plots\test3_4\2067_chrom283_terbufos sulfoxide-1_RED.png","D:\yinlibo\MRMPFormer\model\project_review\full_rerun_random3000_20260916\random3000_channels\RED_YELLOW_review\test3_4_2067_chrom283_terbufos sulfoxide-1_RED.png"
"test3_14","metconazole-1","505","2","1","0","1","RED","2070","plots\test3_14\2070_chrom505_metconazole-1_RED.png","test3_14_2070_chrom505_metconazole-1_RED.png","D:\yinlibo\MRMPFormer\model\project_review\full_rerun_random3000_20260916\random3000_channels\plots\test3_14\2070_chrom505_metconazole-1_RED.png","D:\yinlibo\MRMPFormer\model\project_review\full_rerun_random3000_20260916\random3000_channels\RED_YELLOW_review\test3_14_2070_chrom505_metconazole-1_RED.png"
"test3_41","phenthoate-1","451","2","1","0","1","RED","2071","plots\test3_41\2071_chrom451_phenthoate-1_RED.png","test3_41_2071_chrom451_phenthoate-1_RED.png","D:\yinlibo\MRMPFormer\model\project_review\full_rerun_random3000_20260916\random3000_channels\plots\test3_41\2071_chrom451_phenthoate-1_RED.png","D:\yinlibo\MRMPFormer\model\project_review\full_rerun_random3000_20260916\random3000_channels\RED_YELLOW_review\test3_41_2071_chrom451_phenthoate-1_RED.png"
"test3_45","bifenox-2","536","4","1","1","2","RED","2085","plots\test3_45\2085_chrom536_bifenox-2_RED.png","test3_45_2085_chrom536_bifenox-2_RED.png","D:\yinlibo\MRMPFormer\model\project_review\full_rerun_random3000_20260916\random3000_channels\plots\test3_45\2085_chrom536_bifenox-2_RED.png","D:\yinlibo\MRMPFormer\model\project_review\full_rerun_random3000_20260916\random3000_channels\RED_YELLOW_review\test3_45_2085_chrom536_bifenox-2_RED.png"
"test3_12","3-hydroxy carbofuran-1","51","1","1","0","1","YELLOW","2088","plots\test3_12\2088_chrom051_3-hydroxy carbofuran-1_YELLOW.png","test3_12_2088_chrom051_3-hydroxy carbofuran-1_YELLOW.png","D:\yinlibo\MRMPFormer\model\project_review\full_rerun_random3000_20260916\random3000_channels\plots\test3_12\2088_chrom051_3-hydroxy carbofuran-1_YELLOW.png","D:\yinlibo\MRMPFormer\model\project_review\full_rerun_random3000_20260916\random3000_channels\RED_YELLOW_review\test3_12_2088_chrom051_3-hydroxy carbofuran-1_YELLOW.png"
"test3_16","oxydemeton-methyl-2","20","5","1","1","4","RED","2093","plots\test3_16\2093_chrom020_oxydemeton-methyl-2_RED.png","test3_16_2093_chrom020_oxydemeton-methyl-2_RED.png","D:\yinlibo\MRMPFormer\model\project_review\full_rerun_random3000_20260916\random3000_channels\plots\test3_16\2093_chrom020_oxydemeton-methyl-2_RED.png","D:\yinlibo\MRMPFormer\model\project_review\full_rerun_random3000_20260916\random3000_channels\RED_YELLOW_review\test3_16_2093_chrom020_oxydemeton-methyl-2_RED.png"
"test3_25","Diclobutrazol-1","449","2","1","0","1","RED","2096","plots\test3_25\2096_chrom449_Diclobutrazol-1_RED.png","test3_25_2096_chrom449_Diclobutrazol-1_RED.png","D:\yinlibo\MRMPFormer\model\project_review\full_rerun_random3000_20260916\random3000_channels\plots\test3_25\2096_chrom449_Diclobutrazol-1_RED.png","D:\yinlibo\MRMPFormer\model\project_review\full_rerun_random3000_20260916\random3000_channels\RED_YELLOW_review\test3_25_2096_chrom449_Diclobutrazol-1_RED.png"
"test3_4","oxyfluorfen-1","603","2","1","0","1","RED","2107","plots\test3_4\2107_chrom603_oxyfluorfen-1_RED.png","test3_4_2107_chrom603_oxyfluorfen-1_RED.png","D:\yinlibo\MRMPFormer\model\project_review\full_rerun_random3000_20260916\random3000_channels\plots\test3_4\2107_chrom603_oxyfluorfen-1_RED.png","D:\yinlibo\MRMPFormer\model\project_review\full_rerun_random3000_20260916\random3000_channels\RED_YELLOW_review\test3_4_2107_chrom603_oxyfluorfen-1_RED.png"
"test3_22","fenthion sulfone-2","166","2","1","0","1","RED","2108","plots\test3_22\2108_chrom166_fenthion sulfone-2_RED.png","test3_22_2108_chrom166_fenthion sulfone-2_RED.png","D:\yinlibo\MRMPFormer\model\project_review\full_rerun_random3000_20260916\random3000_channels\plots\test3_22\2108_chrom166_fenthion sulfone-2_RED.png","D:\yinlibo\MRMPFormer\model\project_review\full_rerun_random3000_20260916\random3000_channels\RED_YELLOW_review\test3_22_2108_chrom166_fenthion sulfone-2_RED.png"
"test3_10","promecarb-1","261","3","1","0","3","RED","2109","plots\test3_10\2109_chrom261_promecarb-1_RED.png","test3_10_2109_chrom261_promecarb-1_RED.png","D:\yinlibo\MRMPFormer\model\project_review\full_rerun_random3000_20260916\random3000_channels\plots\test3_10\2109_chrom261_promecarb-1_RED.png","D:\yinlibo\MRMPFormer\model\project_review\full_rerun_random3000_20260916\random3000_channels\RED_YELLOW_review\test3_10_2109_chrom261_promecarb-1_RED.png"
"test3_19","pyrethrins I-2","678","2","1","0","1","RED","2110","plots\test3_19\2110_chrom678_pyrethrins I-2_RED.png","test3_19_2110_chrom678_pyrethrins I-2_RED.png","D:\yinlibo\MRMPFormer\model\project_review\full_rerun_random3000_20260916\random3000_channels\plots\test3_19\2110_chrom678_pyrethrins I-2_RED.png","D:\yinlibo\MRMPFormer\model\project_review\full_rerun_random3000_20260916\random3000_channels\RED_YELLOW_review\test3_19_2110_chrom678_pyrethrins I-2_RED.png"
"test3_31","Diclobutrazol-1","449","2","1","0","1","RED","2112","plots\test3_31\2112_chrom449_Diclobutrazol-1_RED.png","test3_31_2112_chrom449_Diclobutrazol-1_RED.png","D:\yinlibo\MRMPFormer\model\project_review\full_rerun_random3000_20260916\random3000_channels\plots\test3_31\2112_chrom449_Diclobutrazol-1_RED.png","D:\yinlibo\MRMPFormer\model\project_review\full_rerun_random3000_20260916\random3000_channels\RED_YELLOW_review\test3_31_2112_chrom449_Diclobutrazol-1_RED.png"
"test3_8","bitertanol-1","525","3","1","0","3","RED","2118","plots\test3_8\2118_chrom525_bitertanol-1_RED.png","test3_8_2118_chrom525_bitertanol-1_RED.png","D:\yinlibo\MRMPFormer\model\project_review\full_rerun_random3000_20260916\random3000_channels\plots\test3_8\2118_chrom525_bitertanol-1_RED.png","D:\yinlibo\MRMPFormer\model\project_review\full_rerun_random3000_20260916\random3000_channels\RED_YELLOW_review\test3_8_2118_chrom525_bitertanol-1_RED.png"
"test3_23","iprodione-2","394","2","1","0","1","RED","2120","plots\test3_23\2120_chrom394_iprodione-2_RED.png","test3_23_2120_chrom394_iprodione-2_RED.png","D:\yinlibo\MRMPFormer\model\project_review\full_rerun_random3000_20260916\random3000_channels\plots\test3_23\2120_chrom394_iprodione-2_RED.png","D:\yinlibo\MRMPFormer\model\project_review\full_rerun_random3000_20260916\random3000_channels\RED_YELLOW_review\test3_23_2120_chrom394_iprodione-2_RED.png"
"test3_16","bitertanol-1","525","3","1","0","2","RED","2124","plots\test3_16\2124_chrom525_bitertanol-1_RED.png","test3_16_2124_chrom525_bitertanol-1_RED.png","D:\yinlibo\MRMPFormer\model\project_review\full_rerun_random3000_20260916\random3000_channels\plots\test3_16\2124_chrom525_bitertanol-1_RED.png","D:\yinlibo\MRMPFormer\model\project_review\full_rerun_random3000_20260916\random3000_channels\RED_YELLOW_review\test3_16_2124_chrom525_bitertanol-1_RED.png"
"test3_12","silthiofam-1","447","1","1","0","1","YELLOW","2130","plots\test3_12\2130_chrom447_silthiofam-1_YELLOW.png","test3_12_2130_chrom447_silthiofam-1_YELLOW.png","D:\yinlibo\MRMPFormer\model\project_review\full_rerun_random3000_20260916\random3000_channels\plots\test3_12\2130_chrom447_silthiofam-1_YELLOW.png","D:\yinlibo\MRMPFormer\model\project_review\full_rerun_random3000_20260916\random3000_channels\RED_YELLOW_review\test3_12_2130_chrom447_silthiofam-1_YELLOW.png"
"test3_8","tebufenozide-1","463","2","1","0","2","RED","2131","plots\test3_8\2131_chrom463_tebufenozide-1_RED.png","test3_8_2131_chrom463_tebufenozide-1_RED.png","D:\yinlibo\MRMPFormer\model\project_review\full_rerun_random3000_20260916\random3000_channels\plots\test3_8\2131_chrom463_tebufenozide-1_RED.png","D:\yinlibo\MRMPFormer\model\project_review\full_rerun_random3000_20260916\random3000_channels\RED_YELLOW_review\test3_8_2131_chrom463_tebufenozide-1_RED.png"
"test3_14","cyazofamid-2","402","2","1","0","2","RED","2136","plots\test3_14\2136_chrom402_cyazofamid-2_RED.png","test3_14_2136_chrom402_cyazofamid-2_RED.png","D:\yinlibo\MRMPFormer\model\project_review\full_rerun_random3000_20260916\random3000_channels\plots\test3_14\2136_chrom402_cyazofamid-2_RED.png","D:\yinlibo\MRMPFormer\model\project_review\full_rerun_random3000_20260916\random3000_channels\RED_YELLOW_review\test3_14_2136_chrom402_cyazofamid-2_RED.png"
"test3_9","fenpropathrin-1","671","5","1","0","5","RED","2137","plots\test3_9\2137_chrom671_fenpropathrin-1_RED.png","test3_9_2137_chrom671_fenpropathrin-1_RED.png","D:\yinlibo\MRMPFormer\model\project_review\full_rerun_random3000_20260916\random3000_channels\plots\test3_9\2137_chrom671_fenpropathrin-1_RED.png","D:\yinlibo\MRMPFormer\model\project_review\full_rerun_random3000_20260916\random3000_channels\RED_YELLOW_review\test3_9_2137_chrom671_fenpropathrin-1_RED.png"
"test3_52","diflubenzuron-1","399","2","1","0","1","RED","2139","plots\test3_52\2139_chrom399_diflubenzuron-1_RED.png","test3_52_2139_chrom399_diflubenzuron-1_RED.png","D:\yinlibo\MRMPFormer\model\project_review\full_rerun_random3000_20260916\random3000_channels\plots\test3_52\2139_chrom399_diflubenzuron-1_RED.png","D:\yinlibo\MRMPFormer\model\project_review\full_rerun_random3000_20260916\random3000_channels\RED_YELLOW_review\test3_52_2139_chrom399_diflubenzuron-1_RED.png"
"test3_21","propisochlor-2","398","2","1","0","1","RED","2142","plots\test3_21\2142_chrom398_propisochlor-2_RED.png","test3_21_2142_chrom398_propisochlor-2_RED.png","D:\yinlibo\MRMPFormer\model\project_review\full_rerun_random3000_20260916\random3000_channels\plots\test3_21\2142_chrom398_propisochlor-2_RED.png","D:\yinlibo\MRMPFormer\model\project_review\full_rerun_random3000_20260916\random3000_channels\RED_YELLOW_review\test3_21_2142_chrom398_propisochlor-2_RED.png"
"test3_36","cyprodinil-2","420","2","1","0","1","RED","2143","plots\test3_36\2143_chrom420_cyprodinil-2_RED.png","test3_36_2143_chrom420_cyprodinil-2_RED.png","D:\yinlibo\MRMPFormer\model\project_review\full_rerun_random3000_20260916\random3000_channels\plots\test3_36\2143_chrom420_cyprodinil-2_RED.png","D:\yinlibo\MRMPFormer\model\project_review\full_rerun_random3000_20260916\random3000_channels\RED_YELLOW_review\test3_36_2143_chrom420_cyprodinil-2_RED.png"
"test3_38","methoprene-2","694","2","1","0","1","RED","2148","plots\test3_38\2148_chrom694_methoprene-2_RED.png","test3_38_2148_chrom694_methoprene-2_RED.png","D:\yinlibo\MRMPFormer\model\project_review\full_rerun_random3000_20260916\random3000_channels\plots\test3_38\2148_chrom694_methoprene-2_RED.png","D:\yinlibo\MRMPFormer\model\project_review\full_rerun_random3000_20260916\random3000_channels\RED_YELLOW_review\test3_38_2148_chrom694_methoprene-2_RED.png"
"test3_27","amisulbrom-2","568","2","1","0","1","RED","2150","plots\test3_27\2150_chrom568_amisulbrom-2_RED.png","test3_27_2150_chrom568_amisulbrom-2_RED.png","D:\yinlibo\MRMPFormer\model\project_review\full_rerun_random3000_20260916\random3000_channels\plots\test3_27\2150_chrom568_amisulbrom-2_RED.png","D:\yinlibo\MRMPFormer\model\project_review\full_rerun_random3000_20260916\random3000_channels\RED_YELLOW_review\test3_27_2150_chrom568_amisulbrom-2_RED.png"
"test3_11","terbufos sulfoxide-2","284","2","1","0","2","RED","2161","plots\test3_11\2161_chrom284_terbufos sulfoxide-2_RED.png","test3_11_2161_chrom284_terbufos sulfoxide-2_RED.png","D:\yinlibo\MRMPFormer\model\project_review\full_rerun_random3000_20260916\random3000_channels\plots\test3_11\2161_chrom284_terbufos sulfoxide-2_RED.png","D:\yinlibo\MRMPFormer\model\project_review\full_rerun_random3000_20260916\random3000_channels\RED_YELLOW_review\test3_11_2161_chrom284_terbufos sulfoxide-2_RED.png"
"test3_10","propiconazole-1","491","2","1","0","2","RED","2167","plots\test3_10\2167_chrom491_propiconazole-1_RED.png","test3_10_2167_chrom491_propiconazole-1_RED.png","D:\yinlibo\MRMPFormer\model\project_review\full_rerun_random3000_20260916\random3000_channels\plots\test3_10\2167_chrom491_propiconazole-1_RED.png","D:\yinlibo\MRMPFormer\model\project_review\full_rerun_random3000_20260916\random3000_channels\RED_YELLOW_review\test3_10_2167_chrom491_propiconazole-1_RED.png"
"test3_18","iprobenfos-2","470","2","1","1","1","YELLOW","2175","plots\test3_18\2175_chrom470_iprobenfos-2_YELLOW.png","test3_18_2175_chrom470_iprobenfos-2_YELLOW.png","D:\yinlibo\MRMPFormer\model\project_review\full_rerun_random3000_20260916\random3000_channels\plots\test3_18\2175_chrom470_iprobenfos-2_YELLOW.png","D:\yinlibo\MRMPFormer\model\project_review\full_rerun_random3000_20260916\random3000_channels\RED_YELLOW_review\test3_18_2175_chrom470_iprobenfos-2_YELLOW.png"
"test3_9","disulfoton sulfone-2","188","5","1","2","3","RED","2189","plots\test3_9\2189_chrom188_disulfoton sulfone-2_RED.png","test3_9_2189_chrom188_disulfoton sulfone-2_RED.png","D:\yinlibo\MRMPFormer\model\project_review\full_rerun_random3000_20260916\random3000_channels\plots\test3_9\2189_chrom188_disulfoton sulfone-2_RED.png","D:\yinlibo\MRMPFormer\model\project_review\full_rerun_random3000_20260916\random3000_channels\RED_YELLOW_review\test3_9_2189_chrom188_disulfoton sulfone-2_RED.png"
"test3_8","etofenprox-2","696","2","1","0","2","RED","2196","plots\test3_8\2196_chrom696_etofenprox-2_RED.png","test3_8_2196_chrom696_etofenprox-2_RED.png","D:\yinlibo\MRMPFormer\model\project_review\full_rerun_random3000_20260916\random3000_channels\plots\test3_8\2196_chrom696_etofenprox-2_RED.png","D:\yinlibo\MRMPFormer\model\project_review\full_rerun_random3000_20260916\random3000_channels\RED_YELLOW_review\test3_8_2196_chrom696_etofenprox-2_RED.png"
"test3_9","amisulbrom-2","568","3","1","0","3","RED","2205","plots\test3_9\2205_chrom568_amisulbrom-2_RED.png","test3_9_2205_chrom568_amisulbrom-2_RED.png","D:\yinlibo\MRMPFormer\model\project_review\full_rerun_random3000_20260916\random3000_channels\plots\test3_9\2205_chrom568_amisulbrom-2_RED.png","D:\yinlibo\MRMPFormer\model\project_review\full_rerun_random3000_20260916\random3000_channels\RED_YELLOW_review\test3_9_2205_chrom568_amisulbrom-2_RED.png"
"test3_19","phenthoate-2","452","2","1","0","1","RED","2208","plots\test3_19\2208_chrom452_phenthoate-2_RED.png","test3_19_2208_chrom452_phenthoate-2_RED.png","D:\yinlibo\MRMPFormer\model\project_review\full_rerun_random3000_20260916\random3000_channels\plots\test3_19\2208_chrom452_phenthoate-2_RED.png","D:\yinlibo\MRMPFormer\model\project_review\full_rerun_random3000_20260916\random3000_channels\RED_YELLOW_review\test3_19_2208_chrom452_phenthoate-2_RED.png"
"test3_56","omethoate-1","7","1","1","0","1","YELLOW","2211","plots\test3_56\2211_chrom007_omethoate-1_YELLOW.png","test3_56_2211_chrom007_omethoate-1_YELLOW.png","D:\yinlibo\MRMPFormer\model\project_review\full_rerun_random3000_20260916\random3000_channels\plots\test3_56\2211_chrom007_omethoate-1_YELLOW.png","D:\yinlibo\MRMPFormer\model\project_review\full_rerun_random3000_20260916\random3000_channels\RED_YELLOW_review\test3_56_2211_chrom007_omethoate-1_YELLOW.png"
"test3_5","fenamiphos sulfoxide-1","151","2","1","0","2","RED","2214","plots\test3_5\2214_chrom151_fenamiphos sulfoxide-1_RED.png","test3_5_2214_chrom151_fenamiphos sulfoxide-1_RED.png","D:\yinlibo\MRMPFormer\model\project_review\full_rerun_random3000_20260916\random3000_channels\plots\test3_5\2214_chrom151_fenamiphos sulfoxide-1_RED.png","D:\yinlibo\MRMPFormer\model\project_review\full_rerun_random3000_20260916\random3000_channels\RED_YELLOW_review\test3_5_2214_chrom151_fenamiphos sulfoxide-1_RED.png"
"test3_21","propiconazole-1","491","1","1","0","1","YELLOW","2216","plots\test3_21\2216_chrom491_propiconazole-1_YELLOW.png","test3_21_2216_chrom491_propiconazole-1_YELLOW.png","D:\yinlibo\MRMPFormer\model\project_review\full_rerun_random3000_20260916\random3000_channels\plots\test3_21\2216_chrom491_propiconazole-1_YELLOW.png","D:\yinlibo\MRMPFormer\model\project_review\full_rerun_random3000_20260916\random3000_channels\RED_YELLOW_review\test3_21_2216_chrom491_propiconazole-1_YELLOW.png"
"test3_3","methiocarb sulfoxide-2","48","2","1","0","1","RED","2223","plots\test3_3\2223_chrom048_methiocarb sulfoxide-2_RED.png","test3_3_2223_chrom048_methiocarb sulfoxide-2_RED.png","D:\yinlibo\MRMPFormer\model\project_review\full_rerun_random3000_20260916\random3000_channels\plots\test3_3\2223_chrom048_methiocarb sulfoxide-2_RED.png","D:\yinlibo\MRMPFormer\model\project_review\full_rerun_random3000_20260916\random3000_channels\RED_YELLOW_review\test3_3_2223_chrom048_methiocarb sulfoxide-2_RED.png"
"test3_18","triadimenol-2","348","1","1","0","1","YELLOW","2226","plots\test3_18\2226_chrom348_triadimenol-2_YELLOW.png","test3_18_2226_chrom348_triadimenol-2_YELLOW.png","D:\yinlibo\MRMPFormer\model\project_review\full_rerun_random3000_20260916\random3000_channels\plots\test3_18\2226_chrom348_triadimenol-2_YELLOW.png","D:\yinlibo\MRMPFormer\model\project_review\full_rerun_random3000_20260916\random3000_channels\RED_YELLOW_review\test3_18_2226_chrom348_triadimenol-2_YELLOW.png"
"test3_12","thiophanate-methyl-2","120","2","1","0","1","RED","2229","plots\test3_12\2229_chrom120_thiophanate-methyl-2_RED.png","test3_12_2229_chrom120_thiophanate-methyl-2_RED.png","D:\yinlibo\MRMPFormer\model\project_review\full_rerun_random3000_20260916\random3000_channels\plots\test3_12\2229_chrom120_thiophanate-methyl-2_RED.png","D:\yinlibo\MRMPFormer\model\project_review\full_rerun_random3000_20260916\random3000_channels\RED_YELLOW_review\test3_12_2229_chrom120_thiophanate-methyl-2_RED.png"
"test3_12","sedaxane-1","345","2","1","0","1","RED","2230","plots\test3_12\2230_chrom345_sedaxane-1_RED.png","test3_12_2230_chrom345_sedaxane-1_RED.png","D:\yinlibo\MRMPFormer\model\project_review\full_rerun_random3000_20260916\random3000_channels\plots\test3_12\2230_chrom345_sedaxane-1_RED.png","D:\yinlibo\MRMPFormer\model\project_review\full_rerun_random3000_20260916\random3000_channels\RED_YELLOW_review\test3_12_2230_chrom345_sedaxane-1_RED.png"
"test3_46","tritosulfuron-2","200","3","1","0","3","RED","2231","plots\test3_46\2231_chrom200_tritosulfuron-2_RED.png","test3_46_2231_chrom200_tritosulfuron-2_RED.png","D:\yinlibo\MRMPFormer\model\project_review\full_rerun_random3000_20260916\random3000_channels\plots\test3_46\2231_chrom200_tritosulfuron-2_RED.png","D:\yinlibo\MRMPFormer\model\project_review\full_rerun_random3000_20260916\random3000_channels\RED_YELLOW_review\test3_46_2231_chrom200_tritosulfuron-2_RED.png"
"test3_46","clethodim-1","571","1","1","0","1","YELLOW","2233","plots\test3_46\2233_chrom571_clethodim-1_YELLOW.png","test3_46_2233_chrom571_clethodim-1_YELLOW.png","D:\yinlibo\MRMPFormer\model\project_review\full_rerun_random3000_20260916\random3000_channels\plots\test3_46\2233_chrom571_clethodim-1_YELLOW.png","D:\yinlibo\MRMPFormer\model\project_review\full_rerun_random3000_20260916\random3000_channels\RED_YELLOW_review\test3_46_2233_chrom571_clethodim-1_YELLOW.png"
"test3_52","propyrisulfuron-1","359","1","1","0","1","YELLOW","2237","plots\test3_52\2237_chrom359_propyrisulfuron-1_YELLOW.png","test3_52_2237_chrom359_propyrisulfuron-1_YELLOW.png","D:\yinlibo\MRMPFormer\model\project_review\full_rerun_random3000_20260916\random3000_channels\plots\test3_52\2237_chrom359_propyrisulfuron-1_YELLOW.png","D:\yinlibo\MRMPFormer\model\project_review\full_rerun_random3000_20260916\random3000_channels\RED_YELLOW_review\test3_52_2237_chrom359_propyrisulfuron-1_YELLOW.png"
"test3_5","linuron-1","263","2","1","0","2","RED","2238","plots\test3_5\2238_chrom263_linuron-1_RED.png","test3_5_2238_chrom263_linuron-1_RED.png","D:\yinlibo\MRMPFormer\model\project_review\full_rerun_random3000_20260916\random3000_channels\plots\test3_5\2238_chrom263_linuron-1_RED.png","D:\yinlibo\MRMPFormer\model\project_review\full_rerun_random3000_20260916\random3000_channels\RED_YELLOW_review\test3_5_2238_chrom263_linuron-1_RED.png"
"test3_29","tralkoxydim-1","651","1","1","0","1","RED","2245","plots\test3_29\2245_chrom651_tralkoxydim-1_RED.png","test3_29_2245_chrom651_tralkoxydim-1_RED.png","D:\yinlibo\MRMPFormer\model\project_review\full_rerun_random3000_20260916\random3000_channels\plots\test3_29\2245_chrom651_tralkoxydim-1_RED.png","D:\yinlibo\MRMPFormer\model\project_review\full_rerun_random3000_20260916\random3000_channels\RED_YELLOW_review\test3_29_2245_chrom651_tralkoxydim-1_RED.png"
"test3_4","ethiprole-1","299","2","1","0","2","RED","2249","plots\test3_4\2249_chrom299_ethiprole-1_RED.png","test3_4_2249_chrom299_ethiprole-1_RED.png","D:\yinlibo\MRMPFormer\model\project_review\full_rerun_random3000_20260916\random3000_channels\plots\test3_4\2249_chrom299_ethiprole-1_RED.png","D:\yinlibo\MRMPFormer\model\project_review\full_rerun_random3000_20260916\random3000_channels\RED_YELLOW_review\test3_4_2249_chrom299_ethiprole-1_RED.png"
"test3_40","terbufos sulfone-2","278","2","1","0","1","RED","2252","plots\test3_40\2252_chrom278_terbufos sulfone-2_RED.png","test3_40_2252_chrom278_terbufos sulfone-2_RED.png","D:\yinlibo\MRMPFormer\model\project_review\full_rerun_random3000_20260916\random3000_channels\plots\test3_40\2252_chrom278_terbufos sulfone-2_RED.png","D:\yinlibo\MRMPFormer\model\project_review\full_rerun_random3000_20260916\random3000_channels\RED_YELLOW_review\test3_40_2252_chrom278_terbufos sulfone-2_RED.png"
"test3_5","cyprodinil-1","419","1","1","0","1","YELLOW","2258","plots\test3_5\2258_chrom419_cyprodinil-1_YELLOW.png","test3_5_2258_chrom419_cyprodinil-1_YELLOW.png","D:\yinlibo\MRMPFormer\model\project_review\full_rerun_random3000_20260916\random3000_channels\plots\test3_5\2258_chrom419_cyprodinil-1_YELLOW.png","D:\yinlibo\MRMPFormer\model\project_review\full_rerun_random3000_20260916\random3000_channels\RED_YELLOW_review\test3_5_2258_chrom419_cyprodinil-1_YELLOW.png"
"test3_15","mevinphos-1","79","2","1","0","1","RED","2267","plots\test3_15\2267_chrom079_mevinphos-1_RED.png","test3_15_2267_chrom079_mevinphos-1_RED.png","D:\yinlibo\MRMPFormer\model\project_review\full_rerun_random3000_20260916\random3000_channels\plots\test3_15\2267_chrom079_mevinphos-1_RED.png","D:\yinlibo\MRMPFormer\model\project_review\full_rerun_random3000_20260916\random3000_channels\RED_YELLOW_review\test3_15_2267_chrom079_mevinphos-1_RED.png"
"test3_36","bifenthrin-1","699","3","1","0","2","RED","2270","plots\test3_36\2270_chrom699_bifenthrin-1_RED.png","test3_36_2270_chrom699_bifenthrin-1_RED.png","D:\yinlibo\MRMPFormer\model\project_review\full_rerun_random3000_20260916\random3000_channels\plots\test3_36\2270_chrom699_bifenthrin-1_RED.png","D:\yinlibo\MRMPFormer\model\project_review\full_rerun_random3000_20260916\random3000_channels\RED_YELLOW_review\test3_36_2270_chrom699_bifenthrin-1_RED.png"
"test3_25","isoproturon-2","204","1","1","0","1","YELLOW","2271","plots\test3_25\2271_chrom204_isoproturon-2_YELLOW.png","test3_25_2271_chrom204_isoproturon-2_YELLOW.png","D:\yinlibo\MRMPFormer\model\project_review\full_rerun_random3000_20260916\random3000_channels\plots\test3_25\2271_chrom204_isoproturon-2_YELLOW.png","D:\yinlibo\MRMPFormer\model\project_review\full_rerun_random3000_20260916\random3000_channels\RED_YELLOW_review\test3_25_2271_chrom204_isoproturon-2_YELLOW.png"
"test3_15","isoproturon-2","204","2","1","0","1","RED","2276","plots\test3_15\2276_chrom204_isoproturon-2_RED.png","test3_15_2276_chrom204_isoproturon-2_RED.png","D:\yinlibo\MRMPFormer\model\project_review\full_rerun_random3000_20260916\random3000_channels\plots\test3_15\2276_chrom204_isoproturon-2_RED.png","D:\yinlibo\MRMPFormer\model\project_review\full_rerun_random3000_20260916\random3000_channels\RED_YELLOW_review\test3_15_2276_chrom204_isoproturon-2_RED.png"
"test3_6","tetraconazole-2","386","4","1","0","4","RED","2279","plots\test3_6\2279_chrom386_tetraconazole-2_RED.png","test3_6_2279_chrom386_tetraconazole-2_RED.png","D:\yinlibo\MRMPFormer\model\project_review\full_rerun_random3000_20260916\random3000_channels\plots\test3_6\2279_chrom386_tetraconazole-2_RED.png","D:\yinlibo\MRMPFormer\model\project_review\full_rerun_random3000_20260916\random3000_channels\RED_YELLOW_review\test3_6_2279_chrom386_tetraconazole-2_RED.png"
"test3_17","pyrethrins II-2","586","3","1","0","2","RED","2280","plots\test3_17\2280_chrom586_pyrethrins II-2_RED.png","test3_17_2280_chrom586_pyrethrins II-2_RED.png","D:\yinlibo\MRMPFormer\model\project_review\full_rerun_random3000_20260916\random3000_channels\plots\test3_17\2280_chrom586_pyrethrins II-2_RED.png","D:\yinlibo\MRMPFormer\model\project_review\full_rerun_random3000_20260916\random3000_channels\RED_YELLOW_review\test3_17_2280_chrom586_pyrethrins II-2_RED.png"
"test3_7","fenobucarb-2","260","1","1","0","1","RED","2283","plots\test3_7\2283_chrom260_fenobucarb-2_RED.png","test3_7_2283_chrom260_fenobucarb-2_RED.png","D:\yinlibo\MRMPFormer\model\project_review\full_rerun_random3000_20260916\random3000_channels\plots\test3_7\2283_chrom260_fenobucarb-2_RED.png","D:\yinlibo\MRMPFormer\model\project_review\full_rerun_random3000_20260916\random3000_channels\RED_YELLOW_review\test3_7_2283_chrom260_fenobucarb-2_RED.png"
"test3_8","methoxyfenozide-2","368","2","1","0","2","RED","2284","plots\test3_8\2284_chrom368_methoxyfenozide-2_RED.png","test3_8_2284_chrom368_methoxyfenozide-2_RED.png","D:\yinlibo\MRMPFormer\model\project_review\full_rerun_random3000_20260916\random3000_channels\plots\test3_8\2284_chrom368_methoxyfenozide-2_RED.png","D:\yinlibo\MRMPFormer\model\project_review\full_rerun_random3000_20260916\random3000_channels\RED_YELLOW_review\test3_8_2284_chrom368_methoxyfenozide-2_RED.png"
"test3_53","simetryn-1","177","1","1","0","1","YELLOW","2288","plots\test3_53\2288_chrom177_simetryn-1_YELLOW.png","test3_53_2288_chrom177_simetryn-1_YELLOW.png","D:\yinlibo\MRMPFormer\model\project_review\full_rerun_random3000_20260916\random3000_channels\plots\test3_53\2288_chrom177_simetryn-1_YELLOW.png","D:\yinlibo\MRMPFormer\model\project_review\full_rerun_random3000_20260916\random3000_channels\RED_YELLOW_review\test3_53_2288_chrom177_simetryn-1_YELLOW.png"
"test3_11","flumetralin-1","663","3","1","0","2","RED","2301","plots\test3_11\2301_chrom663_flumetralin-1_RED.png","test3_11_2301_chrom663_flumetralin-1_RED.png","D:\yinlibo\MRMPFormer\model\project_review\full_rerun_random3000_20260916\random3000_channels\plots\test3_11\2301_chrom663_flumetralin-1_RED.png","D:\yinlibo\MRMPFormer\model\project_review\full_rerun_random3000_20260916\random3000_channels\RED_YELLOW_review\test3_11_2301_chrom663_flumetralin-1_RED.png"
"test3_39","bromuconazole-2","350","2","1","0","1","RED","2305","plots\test3_39\2305_chrom350_bromuconazole-2_RED.png","test3_39_2305_chrom350_bromuconazole-2_RED.png","D:\yinlibo\MRMPFormer\model\project_review\full_rerun_random3000_20260916\random3000_channels\plots\test3_39\2305_chrom350_bromuconazole-2_RED.png","D:\yinlibo\MRMPFormer\model\project_review\full_rerun_random3000_20260916\random3000_channels\RED_YELLOW_review\test3_39_2305_chrom350_bromuconazole-2_RED.png"
"test3_50","methoxyfenozide-2","368","1","1","0","1","YELLOW","2309","plots\test3_50\2309_chrom368_methoxyfenozide-2_YELLOW.png","test3_50_2309_chrom368_methoxyfenozide-2_YELLOW.png","D:\yinlibo\MRMPFormer\model\project_review\full_rerun_random3000_20260916\random3000_channels\plots\test3_50\2309_chrom368_methoxyfenozide-2_YELLOW.png","D:\yinlibo\MRMPFormer\model\project_review\full_rerun_random3000_20260916\random3000_channels\RED_YELLOW_review\test3_50_2309_chrom368_methoxyfenozide-2_YELLOW.png"
"test3_19","terbufos sulfoxide-2","284","3","1","1","1","RED","2318","plots\test3_19\2318_chrom284_terbufos sulfoxide-2_RED.png","test3_19_2318_chrom284_terbufos sulfoxide-2_RED.png","D:\yinlibo\MRMPFormer\model\project_review\full_rerun_random3000_20260916\random3000_channels\plots\test3_19\2318_chrom284_terbufos sulfoxide-2_RED.png","D:\yinlibo\MRMPFormer\model\project_review\full_rerun_random3000_20260916\random3000_channels\RED_YELLOW_review\test3_19_2318_chrom284_terbufos sulfoxide-2_RED.png"
"test3_11","demeton-S-methyl-sulfone-2","22","3","1","0","3","RED","2321","plots\test3_11\2321_chrom022_demeton-S-methyl-sulfone-2_RED.png","test3_11_2321_chrom022_demeton-S-methyl-sulfone-2_RED.png","D:\yinlibo\MRMPFormer\model\project_review\full_rerun_random3000_20260916\random3000_channels\plots\test3_11\2321_chrom022_demeton-S-methyl-sulfone-2_RED.png","D:\yinlibo\MRMPFormer\model\project_review\full_rerun_random3000_20260916\random3000_channels\RED_YELLOW_review\test3_11_2321_chrom022_demeton-S-methyl-sulfone-2_RED.png"
"test3_8","tau-fluvalinate-2","692","4","1","0","4","RED","2323","plots\test3_8\2323_chrom692_tau-fluvalinate-2_RED.png","test3_8_2323_chrom692_tau-fluvalinate-2_RED.png","D:\yinlibo\MRMPFormer\model\project_review\full_rerun_random3000_20260916\random3000_channels\plots\test3_8\2323_chrom692_tau-fluvalinate-2_RED.png","D:\yinlibo\MRMPFormer\model\project_review\full_rerun_random3000_20260916\random3000_channels\RED_YELLOW_review\test3_8_2323_chrom692_tau-fluvalinate-2_RED.png"
"test3_39","chlorpyrifos-methyl-2","518","2","1","0","1","RED","2324","plots\test3_39\2324_chrom518_chlorpyrifos-methyl-2_RED.png","test3_39_2324_chrom518_chlorpyrifos-methyl-2_RED.png","D:\yinlibo\MRMPFormer\model\project_review\full_rerun_random3000_20260916\random3000_channels\plots\test3_39\2324_chrom518_chlorpyrifos-methyl-2_RED.png","D:\yinlibo\MRMPFormer\model\project_review\full_rerun_random3000_20260916\random3000_channels\RED_YELLOW_review\test3_39_2324_chrom518_chlorpyrifos-methyl-2_RED.png"
"test3_16","uniconazole-1","411","2","1","0","1","RED","2338","plots\test3_16\2338_chrom411_uniconazole-1_RED.png","test3_16_2338_chrom411_uniconazole-1_RED.png","D:\yinlibo\MRMPFormer\model\project_review\full_rerun_random3000_20260916\random3000_channels\plots\test3_16\2338_chrom411_uniconazole-1_RED.png","D:\yinlibo\MRMPFormer\model\project_review\full_rerun_random3000_20260916\random3000_channels\RED_YELLOW_review\test3_16_2338_chrom411_uniconazole-1_RED.png"
"test3_5","spirotetramat-mono-hydroxy-1","131","3","1","2","1","YELLOW","2348","plots\test3_5\2348_chrom131_spirotetramat-mono-hydroxy-1_YELLOW.png","test3_5_2348_chrom131_spirotetramat-mono-hydroxy-1_YELLOW.png","D:\yinlibo\MRMPFormer\model\project_review\full_rerun_random3000_20260916\random3000_channels\plots\test3_5\2348_chrom131_spirotetramat-mono-hydroxy-1_YELLOW.png","D:\yinlibo\MRMPFormer\model\project_review\full_rerun_random3000_20260916\random3000_channels\RED_YELLOW_review\test3_5_2348_chrom131_spirotetramat-mono-hydroxy-1_YELLOW.png"
"test3_20","phenthoate-2","452","2","1","0","1","RED","2349","plots\test3_20\2349_chrom452_phenthoate-2_RED.png","test3_20_2349_chrom452_phenthoate-2_RED.png","D:\yinlibo\MRMPFormer\model\project_review\full_rerun_random3000_20260916\random3000_channels\plots\test3_20\2349_chrom452_phenthoate-2_RED.png","D:\yinlibo\MRMPFormer\model\project_review\full_rerun_random3000_20260916\random3000_channels\RED_YELLOW_review\test3_20_2349_chrom452_phenthoate-2_RED.png"
"test3_15","metconazole-1","505","2","1","0","1","RED","2357","plots\test3_15\2357_chrom505_metconazole-1_RED.png","test3_15_2357_chrom505_metconazole-1_RED.png","D:\yinlibo\MRMPFormer\model\project_review\full_rerun_random3000_20260916\random3000_channels\plots\test3_15\2357_chrom505_metconazole-1_RED.png","D:\yinlibo\MRMPFormer\model\project_review\full_rerun_random3000_20260916\random3000_channels\RED_YELLOW_review\test3_15_2357_chrom505_metconazole-1_RED.png"
"test3_20","terbufos-2","596","4","1","0","4","RED","2369","plots\test3_20\2369_chrom596_terbufos-2_RED.png","test3_20_2369_chrom596_terbufos-2_RED.png","D:\yinlibo\MRMPFormer\model\project_review\full_rerun_random3000_20260916\random3000_channels\plots\test3_20\2369_chrom596_terbufos-2_RED.png","D:\yinlibo\MRMPFormer\model\project_review\full_rerun_random3000_20260916\random3000_channels\RED_YELLOW_review\test3_20_2369_chrom596_terbufos-2_RED.png"
"test3_45","methacrifos-2","190","2","1","0","1","RED","2374","plots\test3_45\2374_chrom190_methacrifos-2_RED.png","test3_45_2374_chrom190_methacrifos-2_RED.png","D:\yinlibo\MRMPFormer\model\project_review\full_rerun_random3000_20260916\random3000_channels\plots\test3_45\2374_chrom190_methacrifos-2_RED.png","D:\yinlibo\MRMPFormer\model\project_review\full_rerun_random3000_20260916\random3000_channels\RED_YELLOW_review\test3_45_2374_chrom190_methacrifos-2_RED.png"
"test3_11","fluoroglycofen-ethyl-2","582","3","1","0","3","RED","2376","plots\test3_11\2376_chrom582_fluoroglycofen-ethyl-2_RED.png","test3_11_2376_chrom582_fluoroglycofen-ethyl-2_RED.png","D:\yinlibo\MRMPFormer\model\project_review\full_rerun_random3000_20260916\random3000_channels\plots\test3_11\2376_chrom582_fluoroglycofen-ethyl-2_RED.png","D:\yinlibo\MRMPFormer\model\project_review\full_rerun_random3000_20260916\random3000_channels\RED_YELLOW_review\test3_11_2376_chrom582_fluoroglycofen-ethyl-2_RED.png"
"test3_18","procymidone-2","342","1","1","0","1","YELLOW","2377","plots\test3_18\2377_chrom342_procymidone-2_YELLOW.png","test3_18_2377_chrom342_procymidone-2_YELLOW.png","D:\yinlibo\MRMPFormer\model\project_review\full_rerun_random3000_20260916\random3000_channels\plots\test3_18\2377_chrom342_procymidone-2_YELLOW.png","D:\yinlibo\MRMPFormer\model\project_review\full_rerun_random3000_20260916\random3000_channels\RED_YELLOW_review\test3_18_2377_chrom342_procymidone-2_YELLOW.png"
"test3_46","profenofos-2","580","2","1","0","1","RED","2380","plots\test3_46\2380_chrom580_profenofos-2_RED.png","test3_46_2380_chrom580_profenofos-2_RED.png","D:\yinlibo\MRMPFormer\model\project_review\full_rerun_random3000_20260916\random3000_channels\plots\test3_46\2380_chrom580_profenofos-2_RED.png","D:\yinlibo\MRMPFormer\model\project_review\full_rerun_random3000_20260916\random3000_channels\RED_YELLOW_review\test3_46_2380_chrom580_profenofos-2_RED.png"
"test3_50","paclobutrazol-1","315","2","1","0","1","RED","2381","plots\test3_50\2381_chrom315_paclobutrazol-1_RED.png","test3_50_2381_chrom315_paclobutrazol-1_RED.png","D:\yinlibo\MRMPFormer\model\project_review\full_rerun_random3000_20260916\random3000_channels\plots\test3_50\2381_chrom315_paclobutrazol-1_RED.png","D:\yinlibo\MRMPFormer\model\project_review\full_rerun_random3000_20260916\random3000_channels\RED_YELLOW_review\test3_50_2381_chrom315_paclobutrazol-1_RED.png"
"test3_4","propanil-2","266","2","1","0","2","RED","2390","plots\test3_4\2390_chrom266_propanil-2_RED.png","test3_4_2390_chrom266_propanil-2_RED.png","D:\yinlibo\MRMPFormer\model\project_review\full_rerun_random3000_20260916\random3000_channels\plots\test3_4\2390_chrom266_propanil-2_RED.png","D:\yinlibo\MRMPFormer\model\project_review\full_rerun_random3000_20260916\random3000_channels\RED_YELLOW_review\test3_4_2390_chrom266_propanil-2_RED.png"
"test3_13","carbendazim-1","55","3","1","0","2","RED","2391","plots\test3_13\2391_chrom055_carbendazim-1_RED.png","test3_13_2391_chrom055_carbendazim-1_RED.png","D:\yinlibo\MRMPFormer\model\project_review\full_rerun_random3000_20260916\random3000_channels\plots\test3_13\2391_chrom055_carbendazim-1_RED.png","D:\yinlibo\MRMPFormer\model\project_review\full_rerun_random3000_20260916\random3000_channels\RED_YELLOW_review\test3_13_2391_chrom055_carbendazim-1_RED.png"
"test3_53","dimethomorph-1","317","2","1","0","1","RED","2395","plots\test3_53\2395_chrom317_dimethomorph-1_RED.png","test3_53_2395_chrom317_dimethomorph-1_RED.png","D:\yinlibo\MRMPFormer\model\project_review\full_rerun_random3000_20260916\random3000_channels\plots\test3_53\2395_chrom317_dimethomorph-1_RED.png","D:\yinlibo\MRMPFormer\model\project_review\full_rerun_random3000_20260916\random3000_channels\RED_YELLOW_review\test3_53_2395_chrom317_dimethomorph-1_RED.png"
"test3_12","oxadixyl-2","100","3","1","0","2","RED","2409","plots\test3_12\2409_chrom100_oxadixyl-2_RED.png","test3_12_2409_chrom100_oxadixyl-2_RED.png","D:\yinlibo\MRMPFormer\model\project_review\full_rerun_random3000_20260916\random3000_channels\plots\test3_12\2409_chrom100_oxadixyl-2_RED.png","D:\yinlibo\MRMPFormer\model\project_review\full_rerun_random3000_20260916\random3000_channels\RED_YELLOW_review\test3_12_2409_chrom100_oxadixyl-2_RED.png"
"test3_6","ethoprophos-1","389","2","1","0","2","RED","2411","plots\test3_6\2411_chrom389_ethoprophos-1_RED.png","test3_6_2411_chrom389_ethoprophos-1_RED.png","D:\yinlibo\MRMPFormer\model\project_review\full_rerun_random3000_20260916\random3000_channels\plots\test3_6\2411_chrom389_ethoprophos-1_RED.png","D:\yinlibo\MRMPFormer\model\project_review\full_rerun_random3000_20260916\random3000_channels\RED_YELLOW_review\test3_6_2411_chrom389_ethoprophos-1_RED.png"
"test3_28","methidathion-2","236","3","1","1","1","RED","2419","plots\test3_28\2419_chrom236_methidathion-2_RED.png","test3_28_2419_chrom236_methidathion-2_RED.png","D:\yinlibo\MRMPFormer\model\project_review\full_rerun_random3000_20260916\random3000_channels\plots\test3_28\2419_chrom236_methidathion-2_RED.png","D:\yinlibo\MRMPFormer\model\project_review\full_rerun_random3000_20260916\random3000_channels\RED_YELLOW_review\test3_28_2419_chrom236_methidathion-2_RED.png"
"test3_12","phosphamidon-1","103","1","1","0","1","YELLOW","2422","plots\test3_12\2422_chrom103_phosphamidon-1_YELLOW.png","test3_12_2422_chrom103_phosphamidon-1_YELLOW.png","D:\yinlibo\MRMPFormer\model\project_review\full_rerun_random3000_20260916\random3000_channels\plots\test3_12\2422_chrom103_phosphamidon-1_YELLOW.png","D:\yinlibo\MRMPFormer\model\project_review\full_rerun_random3000_20260916\random3000_channels\RED_YELLOW_review\test3_12_2422_chrom103_phosphamidon-1_YELLOW.png"
"test3_45","pyrisoxazole-2","304","2","1","0","1","RED","2423","plots\test3_45\2423_chrom304_pyrisoxazole-2_RED.png","test3_45_2423_chrom304_pyrisoxazole-2_RED.png","D:\yinlibo\MRMPFormer\model\project_review\full_rerun_random3000_20260916\random3000_channels\plots\test3_45\2423_chrom304_pyrisoxazole-2_RED.png","D:\yinlibo\MRMPFormer\model\project_review\full_rerun_random3000_20260916\random3000_channels\RED_YELLOW_review\test3_45_2423_chrom304_pyrisoxazole-2_RED.png"
"test3_4","chlorpyrifos-2","636","3","1","1","1","RED","2427","plots\test3_4\2427_chrom636_chlorpyrifos-2_RED.png","test3_4_2427_chrom636_chlorpyrifos-2_RED.png","D:\yinlibo\MRMPFormer\model\project_review\full_rerun_random3000_20260916\random3000_channels\plots\test3_4\2427_chrom636_chlorpyrifos-2_RED.png","D:\yinlibo\MRMPFormer\model\project_review\full_rerun_random3000_20260916\random3000_channels\RED_YELLOW_review\test3_4_2427_chrom636_chlorpyrifos-2_RED.png"
"test3_11","zoxamide-2","480","4","1","0","3","RED","2428","plots\test3_11\2428_chrom480_zoxamide-2_RED.png","test3_11_2428_chrom480_zoxamide-2_RED.png","D:\yinlibo\MRMPFormer\model\project_review\full_rerun_random3000_20260916\random3000_channels\plots\test3_11\2428_chrom480_zoxamide-2_RED.png","D:\yinlibo\MRMPFormer\model\project_review\full_rerun_random3000_20260916\random3000_channels\RED_YELLOW_review\test3_11_2428_chrom480_zoxamide-2_RED.png"
"test3_11","lactofen-2","634","3","1","0","3","RED","2450","plots\test3_11\2450_chrom634_lactofen-2_RED.png","test3_11_2450_chrom634_lactofen-2_RED.png","D:\yinlibo\MRMPFormer\model\project_review\full_rerun_random3000_20260916\random3000_channels\plots\test3_11\2450_chrom634_lactofen-2_RED.png","D:\yinlibo\MRMPFormer\model\project_review\full_rerun_random3000_20260916\random3000_channels\RED_YELLOW_review\test3_11_2450_chrom634_lactofen-2_RED.png"
"test3_8","furathiocarb-2","622","2","1","0","1","RED","2456","plots\test3_8\2456_chrom622_furathiocarb-2_RED.png","test3_8_2456_chrom622_furathiocarb-2_RED.png","D:\yinlibo\MRMPFormer\model\project_review\full_rerun_random3000_20260916\random3000_channels\plots\test3_8\2456_chrom622_furathiocarb-2_RED.png","D:\yinlibo\MRMPFormer\model\project_review\full_rerun_random3000_20260916\random3000_channels\RED_YELLOW_review\test3_8_2456_chrom622_furathiocarb-2_RED.png"
"test3_28","uniconazole-1","411","2","1","0","1","RED","2458","plots\test3_28\2458_chrom411_uniconazole-1_RED.png","test3_28_2458_chrom411_uniconazole-1_RED.png","D:\yinlibo\MRMPFormer\model\project_review\full_rerun_random3000_20260916\random3000_channels\plots\test3_28\2458_chrom411_uniconazole-1_RED.png","D:\yinlibo\MRMPFormer\model\project_review\full_rerun_random3000_20260916\random3000_channels\RED_YELLOW_review\test3_28_2458_chrom411_uniconazole-1_RED.png"
"test3_7","diethofencarb-2","286","3","1","0","3","RED","2469","plots\test3_7\2469_chrom286_diethofencarb-2_RED.png","test3_7_2469_chrom286_diethofencarb-2_RED.png","D:\yinlibo\MRMPFormer\model\project_review\full_rerun_random3000_20260916\random3000_channels\plots\test3_7\2469_chrom286_diethofencarb-2_RED.png","D:\yinlibo\MRMPFormer\model\project_review\full_rerun_random3000_20260916\random3000_channels\RED_YELLOW_review\test3_7_2469_chrom286_diethofencarb-2_RED.png"
"test3_17","isoxaflutole-2","220","3","1","1","1","RED","2472","plots\test3_17\2472_chrom220_isoxaflutole-2_RED.png","test3_17_2472_chrom220_isoxaflutole-2_RED.png","D:\yinlibo\MRMPFormer\model\project_review\full_rerun_random3000_20260916\random3000_channels\plots\test3_17\2472_chrom220_isoxaflutole-2_RED.png","D:\yinlibo\MRMPFormer\model\project_review\full_rerun_random3000_20260916\random3000_channels\RED_YELLOW_review\test3_17_2472_chrom220_isoxaflutole-2_RED.png"
"test3_40","iprodione-2","394","2","1","0","1","RED","2483","plots\test3_40\2483_chrom394_iprodione-2_RED.png","test3_40_2483_chrom394_iprodione-2_RED.png","D:\yinlibo\MRMPFormer\model\project_review\full_rerun_random3000_20260916\random3000_channels\plots\test3_40\2483_chrom394_iprodione-2_RED.png","D:\yinlibo\MRMPFormer\model\project_review\full_rerun_random3000_20260916\random3000_channels\RED_YELLOW_review\test3_40_2483_chrom394_iprodione-2_RED.png"
"test3_14","triflumuron-2","524","2","1","0","1","RED","2490","plots\test3_14\2490_chrom524_triflumuron-2_RED.png","test3_14_2490_chrom524_triflumuron-2_RED.png","D:\yinlibo\MRMPFormer\model\project_review\full_rerun_random3000_20260916\random3000_channels\plots\test3_14\2490_chrom524_triflumuron-2_RED.png","D:\yinlibo\MRMPFormer\model\project_review\full_rerun_random3000_20260916\random3000_channels\RED_YELLOW_review\test3_14_2490_chrom524_triflumuron-2_RED.png"
"test3_21","phosmet-2","256","2","1","0","1","RED","2491","plots\test3_21\2491_chrom256_phosmet-2_RED.png","test3_21_2491_chrom256_phosmet-2_RED.png","D:\yinlibo\MRMPFormer\model\project_review\full_rerun_random3000_20260916\random3000_channels\plots\test3_21\2491_chrom256_phosmet-2_RED.png","D:\yinlibo\MRMPFormer\model\project_review\full_rerun_random3000_20260916\random3000_channels\RED_YELLOW_review\test3_21_2491_chrom256_phosmet-2_RED.png"
"test3_13","bifenthrin-2","700","6","1","1","5","RED","2502","plots\test3_13\2502_chrom700_bifenthrin-2_RED.png","test3_13_2502_chrom700_bifenthrin-2_RED.png","D:\yinlibo\MRMPFormer\model\project_review\full_rerun_random3000_20260916\random3000_channels\plots\test3_13\2502_chrom700_bifenthrin-2_RED.png","D:\yinlibo\MRMPFormer\model\project_review\full_rerun_random3000_20260916\random3000_channels\RED_YELLOW_review\test3_13_2502_chrom700_bifenthrin-2_RED.png"
"test3_38","methoxyfenozide-2","368","3","1","1","1","RED","2511","plots\test3_38\2511_chrom368_methoxyfenozide-2_RED.png","test3_38_2511_chrom368_methoxyfenozide-2_RED.png","D:\yinlibo\MRMPFormer\model\project_review\full_rerun_random3000_20260916\random3000_channels\plots\test3_38\2511_chrom368_methoxyfenozide-2_RED.png","D:\yinlibo\MRMPFormer\model\project_review\full_rerun_random3000_20260916\random3000_channels\RED_YELLOW_review\test3_38_2511_chrom368_methoxyfenozide-2_RED.png"
"test3_7","lactofen-1","633","5","1","1","3","RED","2534","plots\test3_7\2534_chrom633_lactofen-1_RED.png","test3_7_2534_chrom633_lactofen-1_RED.png","D:\yinlibo\MRMPFormer\model\project_review\full_rerun_random3000_20260916\random3000_channels\plots\test3_7\2534_chrom633_lactofen-1_RED.png","D:\yinlibo\MRMPFormer\model\project_review\full_rerun_random3000_20260916\random3000_channels\RED_YELLOW_review\test3_7_2534_chrom633_lactofen-1_RED.png"
"test3_16","cyproconazole-1","409","2","1","0","1","RED","2541","plots\test3_16\2541_chrom409_cyproconazole-1_RED.png","test3_16_2541_chrom409_cyproconazole-1_RED.png","D:\yinlibo\MRMPFormer\model\project_review\full_rerun_random3000_20260916\random3000_channels\plots\test3_16\2541_chrom409_cyproconazole-1_RED.png","D:\yinlibo\MRMPFormer\model\project_review\full_rerun_random3000_20260916\random3000_channels\RED_YELLOW_review\test3_16_2541_chrom409_cyproconazole-1_RED.png"
"test3_7","procymidone-1","341","1","1","0","1","YELLOW","2547","plots\test3_7\2547_chrom341_procymidone-1_YELLOW.png","test3_7_2547_chrom341_procymidone-1_YELLOW.png","D:\yinlibo\MRMPFormer\model\project_review\full_rerun_random3000_20260916\random3000_channels\plots\test3_7\2547_chrom341_procymidone-1_YELLOW.png","D:\yinlibo\MRMPFormer\model\project_review\full_rerun_random3000_20260916\random3000_channels\RED_YELLOW_review\test3_7_2547_chrom341_procymidone-1_YELLOW.png"
"test3_34","spinetoram J-1","599","1","1","0","1","YELLOW","2552","plots\test3_34\2552_chrom599_spinetoram J-1_YELLOW.png","test3_34_2552_chrom599_spinetoram J-1_YELLOW.png","D:\yinlibo\MRMPFormer\model\project_review\full_rerun_random3000_20260916\random3000_channels\plots\test3_34\2552_chrom599_spinetoram J-1_YELLOW.png","D:\yinlibo\MRMPFormer\model\project_review\full_rerun_random3000_20260916\random3000_channels\RED_YELLOW_review\test3_34_2552_chrom599_spinetoram J-1_YELLOW.png"
"test3_26","bromuconazole-2","350","2","1","0","2","RED","2563","plots\test3_26\2563_chrom350_bromuconazole-2_RED.png","test3_26_2563_chrom350_bromuconazole-2_RED.png","D:\yinlibo\MRMPFormer\model\project_review\full_rerun_random3000_20260916\random3000_channels\plots\test3_26\2563_chrom350_bromuconazole-2_RED.png","D:\yinlibo\MRMPFormer\model\project_review\full_rerun_random3000_20260916\random3000_channels\RED_YELLOW_review\test3_26_2563_chrom350_bromuconazole-2_RED.png"
"test3_33","diflubenzuron-1","399","2","1","0","2","RED","2566","plots\test3_33\2566_chrom399_diflubenzuron-1_RED.png","test3_33_2566_chrom399_diflubenzuron-1_RED.png","D:\yinlibo\MRMPFormer\model\project_review\full_rerun_random3000_20260916\random3000_channels\plots\test3_33\2566_chrom399_diflubenzuron-1_RED.png","D:\yinlibo\MRMPFormer\model\project_review\full_rerun_random3000_20260916\random3000_channels\RED_YELLOW_review\test3_33_2566_chrom399_diflubenzuron-1_RED.png"
"test3_7","sulfotep-2","474","1","1","0","1","YELLOW","2568","plots\test3_7\2568_chrom474_sulfotep-2_YELLOW.png","test3_7_2568_chrom474_sulfotep-2_YELLOW.png","D:\yinlibo\MRMPFormer\model\project_review\full_rerun_random3000_20260916\random3000_channels\plots\test3_7\2568_chrom474_sulfotep-2_YELLOW.png","D:\yinlibo\MRMPFormer\model\project_review\full_rerun_random3000_20260916\random3000_channels\RED_YELLOW_review\test3_7_2568_chrom474_sulfotep-2_YELLOW.png"
"test3_5","fenoxanil-1","421","3","1","0","3","RED","2570","plots\test3_5\2570_chrom421_fenoxanil-1_RED.png","test3_5_2570_chrom421_fenoxanil-1_RED.png","D:\yinlibo\MRMPFormer\model\project_review\full_rerun_random3000_20260916\random3000_channels\plots\test3_5\2570_chrom421_fenoxanil-1_RED.png","D:\yinlibo\MRMPFormer\model\project_review\full_rerun_random3000_20260916\random3000_channels\RED_YELLOW_review\test3_5_2570_chrom421_fenoxanil-1_RED.png"
"test3_8","paclobutrazol-2","316","2","1","0","2","RED","2577","plots\test3_8\2577_chrom316_paclobutrazol-2_RED.png","test3_8_2577_chrom316_paclobutrazol-2_RED.png","D:\yinlibo\MRMPFormer\model\project_review\full_rerun_random3000_20260916\random3000_channels\plots\test3_8\2577_chrom316_paclobutrazol-2_RED.png","D:\yinlibo\MRMPFormer\model\project_review\full_rerun_random3000_20260916\random3000_channels\RED_YELLOW_review\test3_8_2577_chrom316_paclobutrazol-2_RED.png"
"test3_14","oxadixyl-2","100","3","1","0","2","RED","2578","plots\test3_14\2578_chrom100_oxadixyl-2_RED.png","test3_14_2578_chrom100_oxadixyl-2_RED.png","D:\yinlibo\MRMPFormer\model\project_review\full_rerun_random3000_20260916\random3000_channels\plots\test3_14\2578_chrom100_oxadixyl-2_RED.png","D:\yinlibo\MRMPFormer\model\project_review\full_rerun_random3000_20260916\random3000_channels\RED_YELLOW_review\test3_14_2578_chrom100_oxadixyl-2_RED.png"
"test3_33","terbufos sulfone-2","278","3","1","1","1","RED","2582","plots\test3_33\2582_chrom278_terbufos sulfone-2_RED.png","test3_33_2582_chrom278_terbufos sulfone-2_RED.png","D:\yinlibo\MRMPFormer\model\project_review\full_rerun_random3000_20260916\random3000_channels\plots\test3_33\2582_chrom278_terbufos sulfone-2_RED.png","D:\yinlibo\MRMPFormer\model\project_review\full_rerun_random3000_20260916\random3000_channels\RED_YELLOW_review\test3_33_2582_chrom278_terbufos sulfone-2_RED.png"
"test3_21","methoprene-2","694","2","1","0","1","RED","2587","plots\test3_21\2587_chrom694_methoprene-2_RED.png","test3_21_2587_chrom694_methoprene-2_RED.png","D:\yinlibo\MRMPFormer\model\project_review\full_rerun_random3000_20260916\random3000_channels\plots\test3_21\2587_chrom694_methoprene-2_RED.png","D:\yinlibo\MRMPFormer\model\project_review\full_rerun_random3000_20260916\random3000_channels\RED_YELLOW_review\test3_21_2587_chrom694_methoprene-2_RED.png"
"test3_7","chlorpyrifos-methyl-1","517","1","1","0","1","YELLOW","2590","plots\test3_7\2590_chrom517_chlorpyrifos-methyl-1_YELLOW.png","test3_7_2590_chrom517_chlorpyrifos-methyl-1_YELLOW.png","D:\yinlibo\MRMPFormer\model\project_review\full_rerun_random3000_20260916\random3000_channels\plots\test3_7\2590_chrom517_chlorpyrifos-methyl-1_YELLOW.png","D:\yinlibo\MRMPFormer\model\project_review\full_rerun_random3000_20260916\random3000_channels\RED_YELLOW_review\test3_7_2590_chrom517_chlorpyrifos-methyl-1_YELLOW.png"
"test3_18","promecarb-1","261","2","1","0","1","RED","2600","plots\test3_18\2600_chrom261_promecarb-1_RED.png","test3_18_2600_chrom261_promecarb-1_RED.png","D:\yinlibo\MRMPFormer\model\project_review\full_rerun_random3000_20260916\random3000_channels\plots\test3_18\2600_chrom261_promecarb-1_RED.png","D:\yinlibo\MRMPFormer\model\project_review\full_rerun_random3000_20260916\random3000_channels\RED_YELLOW_review\test3_18_2600_chrom261_promecarb-1_RED.png"
"test3_5","benzoximate-1","531","2","1","0","1","RED","2606","plots\test3_5\2606_chrom531_benzoximate-1_RED.png","test3_5_2606_chrom531_benzoximate-1_RED.png","D:\yinlibo\MRMPFormer\model\project_review\full_rerun_random3000_20260916\random3000_channels\plots\test3_5\2606_chrom531_benzoximate-1_RED.png","D:\yinlibo\MRMPFormer\model\project_review\full_rerun_random3000_20260916\random3000_channels\RED_YELLOW_review\test3_5_2606_chrom531_benzoximate-1_RED.png"
"test3_21","methidathion-2","236","2","1","0","1","RED","2610","plots\test3_21\2610_chrom236_methidathion-2_RED.png","test3_21_2610_chrom236_methidathion-2_RED.png","D:\yinlibo\MRMPFormer\model\project_review\full_rerun_random3000_20260916\random3000_channels\plots\test3_21\2610_chrom236_methidathion-2_RED.png","D:\yinlibo\MRMPFormer\model\project_review\full_rerun_random3000_20260916\random3000_channels\RED_YELLOW_review\test3_21_2610_chrom236_methidathion-2_RED.png"
"test3_12","picoxystrobin-1","457","2","1","0","1","RED","2611","plots\test3_12\2611_chrom457_picoxystrobin-1_RED.png","test3_12_2611_chrom457_picoxystrobin-1_RED.png","D:\yinlibo\MRMPFormer\model\project_review\full_rerun_random3000_20260916\random3000_channels\plots\test3_12\2611_chrom457_picoxystrobin-1_RED.png","D:\yinlibo\MRMPFormer\model\project_review\full_rerun_random3000_20260916\random3000_channels\RED_YELLOW_review\test3_12_2611_chrom457_picoxystrobin-1_RED.png"
"test3_46","diflubenzuron-2","400","2","1","0","1","RED","2626","plots\test3_46\2626_chrom400_diflubenzuron-2_RED.png","test3_46_2626_chrom400_diflubenzuron-2_RED.png","D:\yinlibo\MRMPFormer\model\project_review\full_rerun_random3000_20260916\random3000_channels\plots\test3_46\2626_chrom400_diflubenzuron-2_RED.png","D:\yinlibo\MRMPFormer\model\project_review\full_rerun_random3000_20260916\random3000_channels\RED_YELLOW_review\test3_46_2626_chrom400_diflubenzuron-2_RED.png"
"test3_20","methoprene-2","694","3","1","0","2","RED","2630","plots\test3_20\2630_chrom694_methoprene-2_RED.png","test3_20_2630_chrom694_methoprene-2_RED.png","D:\yinlibo\MRMPFormer\model\project_review\full_rerun_random3000_20260916\random3000_channels\plots\test3_20\2630_chrom694_methoprene-2_RED.png","D:\yinlibo\MRMPFormer\model\project_review\full_rerun_random3000_20260916\random3000_channels\RED_YELLOW_review\test3_20_2630_chrom694_methoprene-2_RED.png"
"test3_33","triazophos-1","361","2","1","0","1","RED","2633","plots\test3_33\2633_chrom361_triazophos-1_RED.png","test3_33_2633_chrom361_triazophos-1_RED.png","D:\yinlibo\MRMPFormer\model\project_review\full_rerun_random3000_20260916\random3000_channels\plots\test3_33\2633_chrom361_triazophos-1_RED.png","D:\yinlibo\MRMPFormer\model\project_review\full_rerun_random3000_20260916\random3000_channels\RED_YELLOW_review\test3_33_2633_chrom361_triazophos-1_RED.png"
"test3_5","monocrotophos-2","30","3","1","2","1","YELLOW","2634","plots\test3_5\2634_chrom030_monocrotophos-2_YELLOW.png","test3_5_2634_chrom030_monocrotophos-2_YELLOW.png","D:\yinlibo\MRMPFormer\model\project_review\full_rerun_random3000_20260916\random3000_channels\plots\test3_5\2634_chrom030_monocrotophos-2_YELLOW.png","D:\yinlibo\MRMPFormer\model\project_review\full_rerun_random3000_20260916\random3000_channels\RED_YELLOW_review\test3_5_2634_chrom030_monocrotophos-2_YELLOW.png"
"test3_4","diniconazole-1","527","2","1","0","1","RED","2635","plots\test3_4\2635_chrom527_diniconazole-1_RED.png","test3_4_2635_chrom527_diniconazole-1_RED.png","D:\yinlibo\MRMPFormer\model\project_review\full_rerun_random3000_20260916\random3000_channels\plots\test3_4\2635_chrom527_diniconazole-1_RED.png","D:\yinlibo\MRMPFormer\model\project_review\full_rerun_random3000_20260916\random3000_channels\RED_YELLOW_review\test3_4_2635_chrom527_diniconazole-1_RED.png"
"test3_28","dichlorvos-2","116","2","1","1","1","YELLOW","2637","plots\test3_28\2637_chrom116_dichlorvos-2_YELLOW.png","test3_28_2637_chrom116_dichlorvos-2_YELLOW.png","D:\yinlibo\MRMPFormer\model\project_review\full_rerun_random3000_20260916\random3000_channels\plots\test3_28\2637_chrom116_dichlorvos-2_YELLOW.png","D:\yinlibo\MRMPFormer\model\project_review\full_rerun_random3000_20260916\random3000_channels\RED_YELLOW_review\test3_28_2637_chrom116_dichlorvos-2_YELLOW.png"
"test3_56","dimethomorph-2","318","2","1","0","1","RED","2652","plots\test3_56\2652_chrom318_dimethomorph-2_RED.png","test3_56_2652_chrom318_dimethomorph-2_RED.png","D:\yinlibo\MRMPFormer\model\project_review\full_rerun_random3000_20260916\random3000_channels\plots\test3_56\2652_chrom318_dimethomorph-2_RED.png","D:\yinlibo\MRMPFormer\model\project_review\full_rerun_random3000_20260916\random3000_channels\RED_YELLOW_review\test3_56_2652_chrom318_dimethomorph-2_RED.png"
"test3_28","cyproconazole-1","409","2","1","0","1","RED","2653","plots\test3_28\2653_chrom409_cyproconazole-1_RED.png","test3_28_2653_chrom409_cyproconazole-1_RED.png","D:\yinlibo\MRMPFormer\model\project_review\full_rerun_random3000_20260916\random3000_channels\plots\test3_28\2653_chrom409_cyproconazole-1_RED.png","D:\yinlibo\MRMPFormer\model\project_review\full_rerun_random3000_20260916\random3000_channels\RED_YELLOW_review\test3_28_2653_chrom409_cyproconazole-1_RED.png"
"test3_24","spirotetramat-enol-glucoside-2","38","3","1","1","2","RED","2655","plots\test3_24\2655_chrom038_spirotetramat-enol-glucoside-2_RED.png","test3_24_2655_chrom038_spirotetramat-enol-glucoside-2_RED.png","D:\yinlibo\MRMPFormer\model\project_review\full_rerun_random3000_20260916\random3000_channels\plots\test3_24\2655_chrom038_spirotetramat-enol-glucoside-2_RED.png","D:\yinlibo\MRMPFormer\model\project_review\full_rerun_random3000_20260916\random3000_channels\RED_YELLOW_review\test3_24_2655_chrom038_spirotetramat-enol-glucoside-2_RED.png"
"test3_12","tebuconazole-2","466","1","1","0","1","YELLOW","2656","plots\test3_12\2656_chrom466_tebuconazole-2_YELLOW.png","test3_12_2656_chrom466_tebuconazole-2_YELLOW.png","D:\yinlibo\MRMPFormer\model\project_review\full_rerun_random3000_20260916\random3000_channels\plots\test3_12\2656_chrom466_tebuconazole-2_YELLOW.png","D:\yinlibo\MRMPFormer\model\project_review\full_rerun_random3000_20260916\random3000_channels\RED_YELLOW_review\test3_12_2656_chrom466_tebuconazole-2_YELLOW.png"
"test3_6","propanil-1","265","2","1","0","1","RED","2661","plots\test3_6\2661_chrom265_propanil-1_RED.png","test3_6_2661_chrom265_propanil-1_RED.png","D:\yinlibo\MRMPFormer\model\project_review\full_rerun_random3000_20260916\random3000_channels\plots\test3_6\2661_chrom265_propanil-1_RED.png","D:\yinlibo\MRMPFormer\model\project_review\full_rerun_random3000_20260916\random3000_channels\RED_YELLOW_review\test3_6_2661_chrom265_propanil-1_RED.png"
"test3_16","dichlorvos-2","116","3","1","0","2","RED","2673","plots\test3_16\2673_chrom116_dichlorvos-2_RED.png","test3_16_2673_chrom116_dichlorvos-2_RED.png","D:\yinlibo\MRMPFormer\model\project_review\full_rerun_random3000_20260916\random3000_channels\plots\test3_16\2673_chrom116_dichlorvos-2_RED.png","D:\yinlibo\MRMPFormer\model\project_review\full_rerun_random3000_20260916\random3000_channels\RED_YELLOW_review\test3_16_2673_chrom116_dichlorvos-2_RED.png"
"test3_49","Diclobutrazol-1","449","2","1","0","1","RED","2676","plots\test3_49\2676_chrom449_Diclobutrazol-1_RED.png","test3_49_2676_chrom449_Diclobutrazol-1_RED.png","D:\yinlibo\MRMPFormer\model\project_review\full_rerun_random3000_20260916\random3000_channels\plots\test3_49\2676_chrom449_Diclobutrazol-1_RED.png","D:\yinlibo\MRMPFormer\model\project_review\full_rerun_random3000_20260916\random3000_channels\RED_YELLOW_review\test3_49_2676_chrom449_Diclobutrazol-1_RED.png"
"test3_7","kresoxim-methyl-1","443","4","1","0","4","RED","2681","plots\test3_7\2681_chrom443_kresoxim-methyl-1_RED.png","test3_7_2681_chrom443_kresoxim-methyl-1_RED.png","D:\yinlibo\MRMPFormer\model\project_review\full_rerun_random3000_20260916\random3000_channels\plots\test3_7\2681_chrom443_kresoxim-methyl-1_RED.png","D:\yinlibo\MRMPFormer\model\project_review\full_rerun_random3000_20260916\random3000_channels\RED_YELLOW_review\test3_7_2681_chrom443_kresoxim-methyl-1_RED.png"
"test3_40","cycloxydim-1","561","1","1","0","1","YELLOW","2683","plots\test3_40\2683_chrom561_cycloxydim-1_YELLOW.png","test3_40_2683_chrom561_cycloxydim-1_YELLOW.png","D:\yinlibo\MRMPFormer\model\project_review\full_rerun_random3000_20260916\random3000_channels\plots\test3_40\2683_chrom561_cycloxydim-1_YELLOW.png","D:\yinlibo\MRMPFormer\model\project_review\full_rerun_random3000_20260916\random3000_channels\RED_YELLOW_review\test3_40_2683_chrom561_cycloxydim-1_YELLOW.png"
"test3_46","metconazole-2","506","2","1","0","1","RED","2684","plots\test3_46\2684_chrom506_metconazole-2_RED.png","test3_46_2684_chrom506_metconazole-2_RED.png","D:\yinlibo\MRMPFormer\model\project_review\full_rerun_random3000_20260916\random3000_channels\plots\test3_46\2684_chrom506_metconazole-2_RED.png","D:\yinlibo\MRMPFormer\model\project_review\full_rerun_random3000_20260916\random3000_channels\RED_YELLOW_review\test3_46_2684_chrom506_metconazole-2_RED.png"
"test3_5","iprobenfos-2","470","2","1","0","1","RED","2687","plots\test3_5\2687_chrom470_iprobenfos-2_RED.png","test3_5_2687_chrom470_iprobenfos-2_RED.png","D:\yinlibo\MRMPFormer\model\project_review\full_rerun_random3000_20260916\random3000_channels\plots\test3_5\2687_chrom470_iprobenfos-2_RED.png","D:\yinlibo\MRMPFormer\model\project_review\full_rerun_random3000_20260916\random3000_channels\RED_YELLOW_review\test3_5_2687_chrom470_iprobenfos-2_RED.png"
"test3_22","tau-fluvalinate-2","692","2","1","1","1","YELLOW","2689","plots\test3_22\2689_chrom692_tau-fluvalinate-2_YELLOW.png","test3_22_2689_chrom692_tau-fluvalinate-2_YELLOW.png","D:\yinlibo\MRMPFormer\model\project_review\full_rerun_random3000_20260916\random3000_channels\plots\test3_22\2689_chrom692_tau-fluvalinate-2_YELLOW.png","D:\yinlibo\MRMPFormer\model\project_review\full_rerun_random3000_20260916\random3000_channels\RED_YELLOW_review\test3_22_2689_chrom692_tau-fluvalinate-2_YELLOW.png"
"test3_8","dimethomorph-2","318","2","1","0","1","RED","2691","plots\test3_8\2691_chrom318_dimethomorph-2_RED.png","test3_8_2691_chrom318_dimethomorph-2_RED.png","D:\yinlibo\MRMPFormer\model\project_review\full_rerun_random3000_20260916\random3000_channels\plots\test3_8\2691_chrom318_dimethomorph-2_RED.png","D:\yinlibo\MRMPFormer\model\project_review\full_rerun_random3000_20260916\random3000_channels\RED_YELLOW_review\test3_8_2691_chrom318_dimethomorph-2_RED.png"
"test3_28","Diclobutrazol-1","449","2","1","0","1","RED","2700","plots\test3_28\2700_chrom449_Diclobutrazol-1_RED.png","test3_28_2700_chrom449_Diclobutrazol-1_RED.png","D:\yinlibo\MRMPFormer\model\project_review\full_rerun_random3000_20260916\random3000_channels\plots\test3_28\2700_chrom449_Diclobutrazol-1_RED.png","D:\yinlibo\MRMPFormer\model\project_review\full_rerun_random3000_20260916\random3000_channels\RED_YELLOW_review\test3_28_2700_chrom449_Diclobutrazol-1_RED.png"
"test3_4","pyribenzoxim-1","657","2","1","0","1","RED","2704","plots\test3_4\2704_chrom657_pyribenzoxim-1_RED.png","test3_4_2704_chrom657_pyribenzoxim-1_RED.png","D:\yinlibo\MRMPFormer\model\project_review\full_rerun_random3000_20260916\random3000_channels\plots\test3_4\2704_chrom657_pyribenzoxim-1_RED.png","D:\yinlibo\MRMPFormer\model\project_review\full_rerun_random3000_20260916\random3000_channels\RED_YELLOW_review\test3_4_2704_chrom657_pyribenzoxim-1_RED.png"
"test3_52","sulfoxaflor-2","66","1","1","0","1","YELLOW","2705","plots\test3_52\2705_chrom066_sulfoxaflor-2_YELLOW.png","test3_52_2705_chrom066_sulfoxaflor-2_YELLOW.png","D:\yinlibo\MRMPFormer\model\project_review\full_rerun_random3000_20260916\random3000_channels\plots\test3_52\2705_chrom066_sulfoxaflor-2_YELLOW.png","D:\yinlibo\MRMPFormer\model\project_review\full_rerun_random3000_20260916\random3000_channels\RED_YELLOW_review\test3_52_2705_chrom066_sulfoxaflor-2_YELLOW.png"
"test3_13","diflubenzuron-1","399","2","1","0","2","RED","2711","plots\test3_13\2711_chrom399_diflubenzuron-1_RED.png","test3_13_2711_chrom399_diflubenzuron-1_RED.png","D:\yinlibo\MRMPFormer\model\project_review\full_rerun_random3000_20260916\random3000_channels\plots\test3_13\2711_chrom399_diflubenzuron-1_RED.png","D:\yinlibo\MRMPFormer\model\project_review\full_rerun_random3000_20260916\random3000_channels\RED_YELLOW_review\test3_13_2711_chrom399_diflubenzuron-1_RED.png"
"test3_4","lactofen-2","634","5","1","0","5","RED","2713","plots\test3_4\2713_chrom634_lactofen-2_RED.png","test3_4_2713_chrom634_lactofen-2_RED.png","D:\yinlibo\MRMPFormer\model\project_review\full_rerun_random3000_20260916\random3000_channels\plots\test3_4\2713_chrom634_lactofen-2_RED.png","D:\yinlibo\MRMPFormer\model\project_review\full_rerun_random3000_20260916\random3000_channels\RED_YELLOW_review\test3_4_2713_chrom634_lactofen-2_RED.png"
"test3_16","phenthoate-1","451","2","1","0","1","RED","2715","plots\test3_16\2715_chrom451_phenthoate-1_RED.png","test3_16_2715_chrom451_phenthoate-1_RED.png","D:\yinlibo\MRMPFormer\model\project_review\full_rerun_random3000_20260916\random3000_channels\plots\test3_16\2715_chrom451_phenthoate-1_RED.png","D:\yinlibo\MRMPFormer\model\project_review\full_rerun_random3000_20260916\random3000_channels\RED_YELLOW_review\test3_16_2715_chrom451_phenthoate-1_RED.png"
"test3_15","fenpropathrin-1","671","2","1","0","1","RED","2716","plots\test3_15\2716_chrom671_fenpropathrin-1_RED.png","test3_15_2716_chrom671_fenpropathrin-1_RED.png","D:\yinlibo\MRMPFormer\model\project_review\full_rerun_random3000_20260916\random3000_channels\plots\test3_15\2716_chrom671_fenpropathrin-1_RED.png","D:\yinlibo\MRMPFormer\model\project_review\full_rerun_random3000_20260916\random3000_channels\RED_YELLOW_review\test3_15_2716_chrom671_fenpropathrin-1_RED.png"
"test3_6","metribuzin-1","133","1","1","0","1","YELLOW","2722","plots\test3_6\2722_chrom133_metribuzin-1_YELLOW.png","test3_6_2722_chrom133_metribuzin-1_YELLOW.png","D:\yinlibo\MRMPFormer\model\project_review\full_rerun_random3000_20260916\random3000_channels\plots\test3_6\2722_chrom133_metribuzin-1_YELLOW.png","D:\yinlibo\MRMPFormer\model\project_review\full_rerun_random3000_20260916\random3000_channels\RED_YELLOW_review\test3_6_2722_chrom133_metribuzin-1_YELLOW.png"
"test3_4","demeton-S-methyl-1","181","4","1","0","4","RED","2732","plots\test3_4\2732_chrom181_demeton-S-methyl-1_RED.png","test3_4_2732_chrom181_demeton-S-methyl-1_RED.png","D:\yinlibo\MRMPFormer\model\project_review\full_rerun_random3000_20260916\random3000_channels\plots\test3_4\2732_chrom181_demeton-S-methyl-1_RED.png","D:\yinlibo\MRMPFormer\model\project_review\full_rerun_random3000_20260916\random3000_channels\RED_YELLOW_review\test3_4_2732_chrom181_demeton-S-methyl-1_RED.png"
"test3_9","tebuconazole-2","466","3","1","0","2","RED","2733","plots\test3_9\2733_chrom466_tebuconazole-2_RED.png","test3_9_2733_chrom466_tebuconazole-2_RED.png","D:\yinlibo\MRMPFormer\model\project_review\full_rerun_random3000_20260916\random3000_channels\plots\test3_9\2733_chrom466_tebuconazole-2_RED.png","D:\yinlibo\MRMPFormer\model\project_review\full_rerun_random3000_20260916\random3000_channels\RED_YELLOW_review\test3_9_2733_chrom466_tebuconazole-2_RED.png"
"test3_8","propanil-2","266","4","1","0","3","RED","2736","plots\test3_8\2736_chrom266_propanil-2_RED.png","test3_8_2736_chrom266_propanil-2_RED.png","D:\yinlibo\MRMPFormer\model\project_review\full_rerun_random3000_20260916\random3000_channels\plots\test3_8\2736_chrom266_propanil-2_RED.png","D:\yinlibo\MRMPFormer\model\project_review\full_rerun_random3000_20260916\random3000_channels\RED_YELLOW_review\test3_8_2736_chrom266_propanil-2_RED.png"
"test3_53","uniconazole-1","411","2","1","0","1","RED","2738","plots\test3_53\2738_chrom411_uniconazole-1_RED.png","test3_53_2738_chrom411_uniconazole-1_RED.png","D:\yinlibo\MRMPFormer\model\project_review\full_rerun_random3000_20260916\random3000_channels\plots\test3_53\2738_chrom411_uniconazole-1_RED.png","D:\yinlibo\MRMPFormer\model\project_review\full_rerun_random3000_20260916\random3000_channels\RED_YELLOW_review\test3_53_2738_chrom411_uniconazole-1_RED.png"
"test3_12","molinate-2","314","2","1","0","2","RED","2739","plots\test3_12\2739_chrom314_molinate-2_RED.png","test3_12_2739_chrom314_molinate-2_RED.png","D:\yinlibo\MRMPFormer\model\project_review\full_rerun_random3000_20260916\random3000_channels\plots\test3_12\2739_chrom314_molinate-2_RED.png","D:\yinlibo\MRMPFormer\model\project_review\full_rerun_random3000_20260916\random3000_channels\RED_YELLOW_review\test3_12_2739_chrom314_molinate-2_RED.png"
"test3_7","clethodim-2","572","3","1","0","3","RED","2740","plots\test3_7\2740_chrom572_clethodim-2_RED.png","test3_7_2740_chrom572_clethodim-2_RED.png","D:\yinlibo\MRMPFormer\model\project_review\full_rerun_random3000_20260916\random3000_channels\plots\test3_7\2740_chrom572_clethodim-2_RED.png","D:\yinlibo\MRMPFormer\model\project_review\full_rerun_random3000_20260916\random3000_channels\RED_YELLOW_review\test3_7_2740_chrom572_clethodim-2_RED.png"
"test3_14","fenhexamid-2","366","2","1","0","1","RED","2742","plots\test3_14\2742_chrom366_fenhexamid-2_RED.png","test3_14_2742_chrom366_fenhexamid-2_RED.png","D:\yinlibo\MRMPFormer\model\project_review\full_rerun_random3000_20260916\random3000_channels\plots\test3_14\2742_chrom366_fenhexamid-2_RED.png","D:\yinlibo\MRMPFormer\model\project_review\full_rerun_random3000_20260916\random3000_channels\RED_YELLOW_review\test3_14_2742_chrom366_fenhexamid-2_RED.png"
"test3_53","phorate-2","496","2","1","0","1","RED","2768","plots\test3_53\2768_chrom496_phorate-2_RED.png","test3_53_2768_chrom496_phorate-2_RED.png","D:\yinlibo\MRMPFormer\model\project_review\full_rerun_random3000_20260916\random3000_channels\plots\test3_53\2768_chrom496_phorate-2_RED.png","D:\yinlibo\MRMPFormer\model\project_review\full_rerun_random3000_20260916\random3000_channels\RED_YELLOW_review\test3_53_2768_chrom496_phorate-2_RED.png"
"test3_22","metconazole-2","506","2","1","0","1","RED","2771","plots\test3_22\2771_chrom506_metconazole-2_RED.png","test3_22_2771_chrom506_metconazole-2_RED.png","D:\yinlibo\MRMPFormer\model\project_review\full_rerun_random3000_20260916\random3000_channels\plots\test3_22\2771_chrom506_metconazole-2_RED.png","D:\yinlibo\MRMPFormer\model\project_review\full_rerun_random3000_20260916\random3000_channels\RED_YELLOW_review\test3_22_2771_chrom506_metconazole-2_RED.png"
"test3_35","triazophos-1","361","2","1","0","1","RED","2778","plots\test3_35\2778_chrom361_triazophos-1_RED.png","test3_35_2778_chrom361_triazophos-1_RED.png","D:\yinlibo\MRMPFormer\model\project_review\full_rerun_random3000_20260916\random3000_channels\plots\test3_35\2778_chrom361_triazophos-1_RED.png","D:\yinlibo\MRMPFormer\model\project_review\full_rerun_random3000_20260916\random3000_channels\RED_YELLOW_review\test3_35_2778_chrom361_triazophos-1_RED.png"
"test3_23","terbufos-2","596","2","1","0","2","RED","2782","plots\test3_23\2782_chrom596_terbufos-2_RED.png","test3_23_2782_chrom596_terbufos-2_RED.png","D:\yinlibo\MRMPFormer\model\project_review\full_rerun_random3000_20260916\random3000_channels\plots\test3_23\2782_chrom596_terbufos-2_RED.png","D:\yinlibo\MRMPFormer\model\project_review\full_rerun_random3000_20260916\random3000_channels\RED_YELLOW_review\test3_23_2782_chrom596_terbufos-2_RED.png"
"test3_14","cymoxanil-1","77","4","1","0","3","RED","2785","plots\test3_14\2785_chrom077_cymoxanil-1_RED.png","test3_14_2785_chrom077_cymoxanil-1_RED.png","D:\yinlibo\MRMPFormer\model\project_review\full_rerun_random3000_20260916\random3000_channels\plots\test3_14\2785_chrom077_cymoxanil-1_RED.png","D:\yinlibo\MRMPFormer\model\project_review\full_rerun_random3000_20260916\random3000_channels\RED_YELLOW_review\test3_14_2785_chrom077_cymoxanil-1_RED.png"
"test3_9","metamitron-1","63","5","1","0","4","RED","2791","plots\test3_9\2791_chrom063_metamitron-1_RED.png","test3_9_2791_chrom063_metamitron-1_RED.png","D:\yinlibo\MRMPFormer\model\project_review\full_rerun_random3000_20260916\random3000_channels\plots\test3_9\2791_chrom063_metamitron-1_RED.png","D:\yinlibo\MRMPFormer\model\project_review\full_rerun_random3000_20260916\random3000_channels\RED_YELLOW_review\test3_9_2791_chrom063_metamitron-1_RED.png"
"test3_13","triticonazole-2","374","4","1","1","2","RED","2792","plots\test3_13\2792_chrom374_triticonazole-2_RED.png","test3_13_2792_chrom374_triticonazole-2_RED.png","D:\yinlibo\MRMPFormer\model\project_review\full_rerun_random3000_20260916\random3000_channels\plots\test3_13\2792_chrom374_triticonazole-2_RED.png","D:\yinlibo\MRMPFormer\model\project_review\full_rerun_random3000_20260916\random3000_channels\RED_YELLOW_review\test3_13_2792_chrom374_triticonazole-2_RED.png"
"test3_4","chlorantraniliprole-1","253","2","1","0","1","RED","2793","plots\test3_4\2793_chrom253_chlorantraniliprole-1_RED.png","test3_4_2793_chrom253_chlorantraniliprole-1_RED.png","D:\yinlibo\MRMPFormer\model\project_review\full_rerun_random3000_20260916\random3000_channels\plots\test3_4\2793_chrom253_chlorantraniliprole-1_RED.png","D:\yinlibo\MRMPFormer\model\project_review\full_rerun_random3000_20260916\random3000_channels\RED_YELLOW_review\test3_4_2793_chrom253_chlorantraniliprole-1_RED.png"
"test3_7","oxadixyl-2","100","1","0","0","1","RED","2794","plots\test3_7\2794_chrom100_oxadixyl-2_RED.png","test3_7_2794_chrom100_oxadixyl-2_RED.png","D:\yinlibo\MRMPFormer\model\project_review\full_rerun_random3000_20260916\random3000_channels\plots\test3_7\2794_chrom100_oxadixyl-2_RED.png","D:\yinlibo\MRMPFormer\model\project_review\full_rerun_random3000_20260916\random3000_channels\RED_YELLOW_review\test3_7_2794_chrom100_oxadixyl-2_RED.png"
"test3_52","pyrisoxazole-2","304","2","1","0","1","RED","2802","plots\test3_52\2802_chrom304_pyrisoxazole-2_RED.png","test3_52_2802_chrom304_pyrisoxazole-2_RED.png","D:\yinlibo\MRMPFormer\model\project_review\full_rerun_random3000_20260916\random3000_channels\plots\test3_52\2802_chrom304_pyrisoxazole-2_RED.png","D:\yinlibo\MRMPFormer\model\project_review\full_rerun_random3000_20260916\random3000_channels\RED_YELLOW_review\test3_52_2802_chrom304_pyrisoxazole-2_RED.png"
"test3_49","dimethomorph-2","318","2","1","0","1","RED","2810","plots\test3_49\2810_chrom318_dimethomorph-2_RED.png","test3_49_2810_chrom318_dimethomorph-2_RED.png","D:\yinlibo\MRMPFormer\model\project_review\full_rerun_random3000_20260916\random3000_channels\plots\test3_49\2810_chrom318_dimethomorph-2_RED.png","D:\yinlibo\MRMPFormer\model\project_review\full_rerun_random3000_20260916\random3000_channels\RED_YELLOW_review\test3_49_2810_chrom318_dimethomorph-2_RED.png"
"test3_15","diflubenzuron-1","399","2","1","0","1","RED","2812","plots\test3_15\2812_chrom399_diflubenzuron-1_RED.png","test3_15_2812_chrom399_diflubenzuron-1_RED.png","D:\yinlibo\MRMPFormer\model\project_review\full_rerun_random3000_20260916\random3000_channels\plots\test3_15\2812_chrom399_diflubenzuron-1_RED.png","D:\yinlibo\MRMPFormer\model\project_review\full_rerun_random3000_20260916\random3000_channels\RED_YELLOW_review\test3_15_2812_chrom399_diflubenzuron-1_RED.png"
"test3_7","tetraconazole-2","386","3","1","0","3","RED","2813","plots\test3_7\2813_chrom386_tetraconazole-2_RED.png","test3_7_2813_chrom386_tetraconazole-2_RED.png","D:\yinlibo\MRMPFormer\model\project_review\full_rerun_random3000_20260916\random3000_channels\plots\test3_7\2813_chrom386_tetraconazole-2_RED.png","D:\yinlibo\MRMPFormer\model\project_review\full_rerun_random3000_20260916\random3000_channels\RED_YELLOW_review\test3_7_2813_chrom386_tetraconazole-2_RED.png"
"test3_29","metconazole-1","505","2","1","0","1","RED","2819","plots\test3_29\2819_chrom505_metconazole-1_RED.png","test3_29_2819_chrom505_metconazole-1_RED.png","D:\yinlibo\MRMPFormer\model\project_review\full_rerun_random3000_20260916\random3000_channels\plots\test3_29\2819_chrom505_metconazole-1_RED.png","D:\yinlibo\MRMPFormer\model\project_review\full_rerun_random3000_20260916\random3000_channels\RED_YELLOW_review\test3_29_2819_chrom505_metconazole-1_RED.png"
"test3_30","chlorpyrifos-methyl-2","518","2","1","0","1","RED","2828","plots\test3_30\2828_chrom518_chlorpyrifos-methyl-2_RED.png","test3_30_2828_chrom518_chlorpyrifos-methyl-2_RED.png","D:\yinlibo\MRMPFormer\model\project_review\full_rerun_random3000_20260916\random3000_channels\plots\test3_30\2828_chrom518_chlorpyrifos-methyl-2_RED.png","D:\yinlibo\MRMPFormer\model\project_review\full_rerun_random3000_20260916\random3000_channels\RED_YELLOW_review\test3_30_2828_chrom518_chlorpyrifos-methyl-2_RED.png"
"test3_9","oxyfluorfen-2","604","2","1","0","1","RED","2832","plots\test3_9\2832_chrom604_oxyfluorfen-2_RED.png","test3_9_2832_chrom604_oxyfluorfen-2_RED.png","D:\yinlibo\MRMPFormer\model\project_review\full_rerun_random3000_20260916\random3000_channels\plots\test3_9\2832_chrom604_oxyfluorfen-2_RED.png","D:\yinlibo\MRMPFormer\model\project_review\full_rerun_random3000_20260916\random3000_channels\RED_YELLOW_review\test3_9_2832_chrom604_oxyfluorfen-2_RED.png"
"test3_11","trichlorfon-1","59","1","1","0","1","YELLOW","2834","plots\test3_11\2834_chrom059_trichlorfon-1_YELLOW.png","test3_11_2834_chrom059_trichlorfon-1_YELLOW.png","D:\yinlibo\MRMPFormer\model\project_review\full_rerun_random3000_20260916\random3000_channels\plots\test3_11\2834_chrom059_trichlorfon-1_YELLOW.png","D:\yinlibo\MRMPFormer\model\project_review\full_rerun_random3000_20260916\random3000_channels\RED_YELLOW_review\test3_11_2834_chrom059_trichlorfon-1_YELLOW.png"
"test3_28","diflubenzuron-2","400","2","1","0","1","RED","2836","plots\test3_28\2836_chrom400_diflubenzuron-2_RED.png","test3_28_2836_chrom400_diflubenzuron-2_RED.png","D:\yinlibo\MRMPFormer\model\project_review\full_rerun_random3000_20260916\random3000_channels\plots\test3_28\2836_chrom400_diflubenzuron-2_RED.png","D:\yinlibo\MRMPFormer\model\project_review\full_rerun_random3000_20260916\random3000_channels\RED_YELLOW_review\test3_28_2836_chrom400_diflubenzuron-2_RED.png"
"test3_11","tolclofos-methyl-2","502","2","1","0","1","RED","2839","plots\test3_11\2839_chrom502_tolclofos-methyl-2_RED.png","test3_11_2839_chrom502_tolclofos-methyl-2_RED.png","D:\yinlibo\MRMPFormer\model\project_review\full_rerun_random3000_20260916\random3000_channels\plots\test3_11\2839_chrom502_tolclofos-methyl-2_RED.png","D:\yinlibo\MRMPFormer\model\project_review\full_rerun_random3000_20260916\random3000_channels\RED_YELLOW_review\test3_11_2839_chrom502_tolclofos-methyl-2_RED.png"
"test3_30","methoprene-1","693","2","1","0","1","RED","2848","plots\test3_30\2848_chrom693_methoprene-1_RED.png","test3_30_2848_chrom693_methoprene-1_RED.png","D:\yinlibo\MRMPFormer\model\project_review\full_rerun_random3000_20260916\random3000_channels\plots\test3_30\2848_chrom693_methoprene-1_RED.png","D:\yinlibo\MRMPFormer\model\project_review\full_rerun_random3000_20260916\random3000_channels\RED_YELLOW_review\test3_30_2848_chrom693_methoprene-1_RED.png"
"test3_15","thifluzamide-1","413","2","1","0","1","RED","2854","plots\test3_15\2854_chrom413_thifluzamide-1_RED.png","test3_15_2854_chrom413_thifluzamide-1_RED.png","D:\yinlibo\MRMPFormer\model\project_review\full_rerun_random3000_20260916\random3000_channels\plots\test3_15\2854_chrom413_thifluzamide-1_RED.png","D:\yinlibo\MRMPFormer\model\project_review\full_rerun_random3000_20260916\random3000_channels\RED_YELLOW_review\test3_15_2854_chrom413_thifluzamide-1_RED.png"
"test3_6","butachlor-2","576","3","1","0","2","RED","2856","plots\test3_6\2856_chrom576_butachlor-2_RED.png","test3_6_2856_chrom576_butachlor-2_RED.png","D:\yinlibo\MRMPFormer\model\project_review\full_rerun_random3000_20260916\random3000_channels\plots\test3_6\2856_chrom576_butachlor-2_RED.png","D:\yinlibo\MRMPFormer\model\project_review\full_rerun_random3000_20260916\random3000_channels\RED_YELLOW_review\test3_6_2856_chrom576_butachlor-2_RED.png"
"test3_24","metconazole-2","506","2","1","0","1","RED","2864","plots\test3_24\2864_chrom506_metconazole-2_RED.png","test3_24_2864_chrom506_metconazole-2_RED.png","D:\yinlibo\MRMPFormer\model\project_review\full_rerun_random3000_20260916\random3000_channels\plots\test3_24\2864_chrom506_metconazole-2_RED.png","D:\yinlibo\MRMPFormer\model\project_review\full_rerun_random3000_20260916\random3000_channels\RED_YELLOW_review\test3_24_2864_chrom506_metconazole-2_RED.png"
"test3_26","demeton-S-methyl-1","181","4","1","1","3","RED","2872","plots\test3_26\2872_chrom181_demeton-S-methyl-1_RED.png","test3_26_2872_chrom181_demeton-S-methyl-1_RED.png","D:\yinlibo\MRMPFormer\model\project_review\full_rerun_random3000_20260916\random3000_channels\plots\test3_26\2872_chrom181_demeton-S-methyl-1_RED.png","D:\yinlibo\MRMPFormer\model\project_review\full_rerun_random3000_20260916\random3000_channels\RED_YELLOW_review\test3_26_2872_chrom181_demeton-S-methyl-1_RED.png"
"test3_18","spirodiclofen-2","684","3","1","0","2","RED","2878","plots\test3_18\2878_chrom684_spirodiclofen-2_RED.png","test3_18_2878_chrom684_spirodiclofen-2_RED.png","D:\yinlibo\MRMPFormer\model\project_review\full_rerun_random3000_20260916\random3000_channels\plots\test3_18\2878_chrom684_spirodiclofen-2_RED.png","D:\yinlibo\MRMPFormer\model\project_review\full_rerun_random3000_20260916\random3000_channels\RED_YELLOW_review\test3_18_2878_chrom684_spirodiclofen-2_RED.png"
"test3_6","acetamiprid-2","58","3","1","0","3","RED","2879","plots\test3_6\2879_chrom058_acetamiprid-2_RED.png","test3_6_2879_chrom058_acetamiprid-2_RED.png","D:\yinlibo\MRMPFormer\model\project_review\full_rerun_random3000_20260916\random3000_channels\plots\test3_6\2879_chrom058_acetamiprid-2_RED.png","D:\yinlibo\MRMPFormer\model\project_review\full_rerun_random3000_20260916\random3000_channels\RED_YELLOW_review\test3_6_2879_chrom058_acetamiprid-2_RED.png"
"test3_43","phosmet oxon-2","98","2","1","0","1","RED","2883","plots\test3_43\2883_chrom098_phosmet oxon-2_RED.png","test3_43_2883_chrom098_phosmet oxon-2_RED.png","D:\yinlibo\MRMPFormer\model\project_review\full_rerun_random3000_20260916\random3000_channels\plots\test3_43\2883_chrom098_phosmet oxon-2_RED.png","D:\yinlibo\MRMPFormer\model\project_review\full_rerun_random3000_20260916\random3000_channels\RED_YELLOW_review\test3_43_2883_chrom098_phosmet oxon-2_RED.png"
"test3_44","teflubenzuron-2","602","2","1","0","2","RED","2897","plots\test3_44\2897_chrom602_teflubenzuron-2_RED.png","test3_44_2897_chrom602_teflubenzuron-2_RED.png","D:\yinlibo\MRMPFormer\model\project_review\full_rerun_random3000_20260916\random3000_channels\plots\test3_44\2897_chrom602_teflubenzuron-2_RED.png","D:\yinlibo\MRMPFormer\model\project_review\full_rerun_random3000_20260916\random3000_channels\RED_YELLOW_review\test3_44_2897_chrom602_teflubenzuron-2_RED.png"
"test3_3","pyrethrins I-1","677","2","1","0","2","RED","2900","plots\test3_3\2900_chrom677_pyrethrins I-1_RED.png","test3_3_2900_chrom677_pyrethrins I-1_RED.png","D:\yinlibo\MRMPFormer\model\project_review\full_rerun_random3000_20260916\random3000_channels\plots\test3_3\2900_chrom677_pyrethrins I-1_RED.png","D:\yinlibo\MRMPFormer\model\project_review\full_rerun_random3000_20260916\random3000_channels\RED_YELLOW_review\test3_3_2900_chrom677_pyrethrins I-1_RED.png"
"test3_16","dimethomorph-1","317","2","1","0","1","RED","2912","plots\test3_16\2912_chrom317_dimethomorph-1_RED.png","test3_16_2912_chrom317_dimethomorph-1_RED.png","D:\yinlibo\MRMPFormer\model\project_review\full_rerun_random3000_20260916\random3000_channels\plots\test3_16\2912_chrom317_dimethomorph-1_RED.png","D:\yinlibo\MRMPFormer\model\project_review\full_rerun_random3000_20260916\random3000_channels\RED_YELLOW_review\test3_16_2912_chrom317_dimethomorph-1_RED.png"
"test3_18","ethofumesate-1","281","3","1","0","3","RED","2916","plots\test3_18\2916_chrom281_ethofumesate-1_RED.png","test3_18_2916_chrom281_ethofumesate-1_RED.png","D:\yinlibo\MRMPFormer\model\project_review\full_rerun_random3000_20260916\random3000_channels\plots\test3_18\2916_chrom281_ethofumesate-1_RED.png","D:\yinlibo\MRMPFormer\model\project_review\full_rerun_random3000_20260916\random3000_channels\RED_YELLOW_review\test3_18_2916_chrom281_ethofumesate-1_RED.png"
"test3_24","chlorpropham-2","312","2","1","0","2","RED","2918","plots\test3_24\2918_chrom312_chlorpropham-2_RED.png","test3_24_2918_chrom312_chlorpropham-2_RED.png","D:\yinlibo\MRMPFormer\model\project_review\full_rerun_random3000_20260916\random3000_channels\plots\test3_24\2918_chrom312_chlorpropham-2_RED.png","D:\yinlibo\MRMPFormer\model\project_review\full_rerun_random3000_20260916\random3000_channels\RED_YELLOW_review\test3_24_2918_chrom312_chlorpropham-2_RED.png"
"test3_23","methamidophos-2","2","4","1","0","4","RED","2924","plots\test3_23\2924_chrom002_methamidophos-2_RED.png","test3_23_2924_chrom002_methamidophos-2_RED.png","D:\yinlibo\MRMPFormer\model\project_review\full_rerun_random3000_20260916\random3000_channels\plots\test3_23\2924_chrom002_methamidophos-2_RED.png","D:\yinlibo\MRMPFormer\model\project_review\full_rerun_random3000_20260916\random3000_channels\RED_YELLOW_review\test3_23_2924_chrom002_methamidophos-2_RED.png"
"test3_34","cyproconazole-1","409","2","1","0","1","RED","2935","plots\test3_34\2935_chrom409_cyproconazole-1_RED.png","test3_34_2935_chrom409_cyproconazole-1_RED.png","D:\yinlibo\MRMPFormer\model\project_review\full_rerun_random3000_20260916\random3000_channels\plots\test3_34\2935_chrom409_cyproconazole-1_RED.png","D:\yinlibo\MRMPFormer\model\project_review\full_rerun_random3000_20260916\random3000_channels\RED_YELLOW_review\test3_34_2935_chrom409_cyproconazole-1_RED.png"
"test3_9","dichlorvos-2","116","2","0","0","2","RED","2938","plots\test3_9\2938_chrom116_dichlorvos-2_RED.png","test3_9_2938_chrom116_dichlorvos-2_RED.png","D:\yinlibo\MRMPFormer\model\project_review\full_rerun_random3000_20260916\random3000_channels\plots\test3_9\2938_chrom116_dichlorvos-2_RED.png","D:\yinlibo\MRMPFormer\model\project_review\full_rerun_random3000_20260916\random3000_channels\RED_YELLOW_review\test3_9_2938_chrom116_dichlorvos-2_RED.png"
"test3_18","ipconazole-2","564","2","1","0","1","RED","2940","plots\test3_18\2940_chrom564_ipconazole-2_RED.png","test3_18_2940_chrom564_ipconazole-2_RED.png","D:\yinlibo\MRMPFormer\model\project_review\full_rerun_random3000_20260916\random3000_channels\plots\test3_18\2940_chrom564_ipconazole-2_RED.png","D:\yinlibo\MRMPFormer\model\project_review\full_rerun_random3000_20260916\random3000_channels\RED_YELLOW_review\test3_18_2940_chrom564_ipconazole-2_RED.png"
"test3_11","cycloxydim-2","562","2","1","0","2","RED","2942","plots\test3_11\2942_chrom562_cycloxydim-2_RED.png","test3_11_2942_chrom562_cycloxydim-2_RED.png","D:\yinlibo\MRMPFormer\model\project_review\full_rerun_random3000_20260916\random3000_channels\plots\test3_11\2942_chrom562_cycloxydim-2_RED.png","D:\yinlibo\MRMPFormer\model\project_review\full_rerun_random3000_20260916\random3000_channels\RED_YELLOW_review\test3_11_2942_chrom562_cycloxydim-2_RED.png"
"test3_26","iodosulfuron-methyl-sodium-2","230","2","1","0","1","RED","2947","plots\test3_26\2947_chrom230_iodosulfuron-methyl-sodium-2_RED.png","test3_26_2947_chrom230_iodosulfuron-methyl-sodium-2_RED.png","D:\yinlibo\MRMPFormer\model\project_review\full_rerun_random3000_20260916\random3000_channels\plots\test3_26\2947_chrom230_iodosulfuron-methyl-sodium-2_RED.png","D:\yinlibo\MRMPFormer\model\project_review\full_rerun_random3000_20260916\random3000_channels\RED_YELLOW_review\test3_26_2947_chrom230_iodosulfuron-methyl-sodium-2_RED.png"
"test3_24","formothion-2","96","3","1","1","2","RED","2949","plots\test3_24\2949_chrom096_formothion-2_RED.png","test3_24_2949_chrom096_formothion-2_RED.png","D:\yinlibo\MRMPFormer\model\project_review\full_rerun_random3000_20260916\random3000_channels\plots\test3_24\2949_chrom096_formothion-2_RED.png","D:\yinlibo\MRMPFormer\model\project_review\full_rerun_random3000_20260916\random3000_channels\RED_YELLOW_review\test3_24_2949_chrom096_formothion-2_RED.png"
"test3_10","tau-fluvalinate-2","692","4","1","0","3","RED","2952","plots\test3_10\2952_chrom692_tau-fluvalinate-2_RED.png","test3_10_2952_chrom692_tau-fluvalinate-2_RED.png","D:\yinlibo\MRMPFormer\model\project_review\full_rerun_random3000_20260916\random3000_channels\plots\test3_10\2952_chrom692_tau-fluvalinate-2_RED.png","D:\yinlibo\MRMPFormer\model\project_review\full_rerun_random3000_20260916\random3000_channels\RED_YELLOW_review\test3_10_2952_chrom692_tau-fluvalinate-2_RED.png"
"test3_8","florasulam-1","83","2","1","0","1","RED","2960","plots\test3_8\2960_chrom083_florasulam-1_RED.png","test3_8_2960_chrom083_florasulam-1_RED.png","D:\yinlibo\MRMPFormer\model\project_review\full_rerun_random3000_20260916\random3000_channels\plots\test3_8\2960_chrom083_florasulam-1_RED.png","D:\yinlibo\MRMPFormer\model\project_review\full_rerun_random3000_20260916\random3000_channels\RED_YELLOW_review\test3_8_2960_chrom083_florasulam-1_RED.png"
"test3_19","bifenox-2","536","4","1","0","4","RED","2962","plots\test3_19\2962_chrom536_bifenox-2_RED.png","test3_19_2962_chrom536_bifenox-2_RED.png","D:\yinlibo\MRMPFormer\model\project_review\full_rerun_random3000_20260916\random3000_channels\plots\test3_19\2962_chrom536_bifenox-2_RED.png","D:\yinlibo\MRMPFormer\model\project_review\full_rerun_random3000_20260916\random3000_channels\RED_YELLOW_review\test3_19_2962_chrom536_bifenox-2_RED.png"
"test3_41","diflubenzuron-2","400","2","1","0","2","RED","2963","plots\test3_41\2963_chrom400_diflubenzuron-2_RED.png","test3_41_2963_chrom400_diflubenzuron-2_RED.png","D:\yinlibo\MRMPFormer\model\project_review\full_rerun_random3000_20260916\random3000_channels\plots\test3_41\2963_chrom400_diflubenzuron-2_RED.png","D:\yinlibo\MRMPFormer\model\project_review\full_rerun_random3000_20260916\random3000_channels\RED_YELLOW_review\test3_41_2963_chrom400_diflubenzuron-2_RED.png"
"test3_30","methoxyfenozide-2","368","3","1","0","2","RED","2967","plots\test3_30\2967_chrom368_methoxyfenozide-2_RED.png","test3_30_2967_chrom368_methoxyfenozide-2_RED.png","D:\yinlibo\MRMPFormer\model\project_review\full_rerun_random3000_20260916\random3000_channels\plots\test3_30\2967_chrom368_methoxyfenozide-2_RED.png","D:\yinlibo\MRMPFormer\model\project_review\full_rerun_random3000_20260916\random3000_channels\RED_YELLOW_review\test3_30_2967_chrom368_methoxyfenozide-2_RED.png"
"test3_38","cymoxanil-2","78","2","1","0","2","RED","2968","plots\test3_38\2968_chrom078_cymoxanil-2_RED.png","test3_38_2968_chrom078_cymoxanil-2_RED.png","D:\yinlibo\MRMPFormer\model\project_review\full_rerun_random3000_20260916\random3000_channels\plots\test3_38\2968_chrom078_cymoxanil-2_RED.png","D:\yinlibo\MRMPFormer\model\project_review\full_rerun_random3000_20260916\random3000_channels\RED_YELLOW_review\test3_38_2968_chrom078_cymoxanil-2_RED.png"
"test3_10","simazine-2","138","3","1","0","3","RED","2972","plots\test3_10\2972_chrom138_simazine-2_RED.png","test3_10_2972_chrom138_simazine-2_RED.png","D:\yinlibo\MRMPFormer\model\project_review\full_rerun_random3000_20260916\random3000_channels\plots\test3_10\2972_chrom138_simazine-2_RED.png","D:\yinlibo\MRMPFormer\model\project_review\full_rerun_random3000_20260916\random3000_channels\RED_YELLOW_review\test3_10_2972_chrom138_simazine-2_RED.png"
"test3_35","chlorpyrifos-methyl-2","518","2","1","0","1","RED","2976","plots\test3_35\2976_chrom518_chlorpyrifos-methyl-2_RED.png","test3_35_2976_chrom518_chlorpyrifos-methyl-2_RED.png","D:\yinlibo\MRMPFormer\model\project_review\full_rerun_random3000_20260916\random3000_channels\plots\test3_35\2976_chrom518_chlorpyrifos-methyl-2_RED.png","D:\yinlibo\MRMPFormer\model\project_review\full_rerun_random3000_20260916\random3000_channels\RED_YELLOW_review\test3_35_2976_chrom518_chlorpyrifos-methyl-2_RED.png"
"test3_4","methoxyfenozide-1","367","2","1","0","2","RED","2988","plots\test3_4\2988_chrom367_methoxyfenozide-1_RED.png","test3_4_2988_chrom367_methoxyfenozide-1_RED.png","D:\yinlibo\MRMPFormer\model\project_review\full_rerun_random3000_20260916\random3000_channels\plots\test3_4\2988_chrom367_methoxyfenozide-1_RED.png","D:\yinlibo\MRMPFormer\model\project_review\full_rerun_random3000_20260916\random3000_channels\RED_YELLOW_review\test3_4_2988_chrom367_methoxyfenozide-1_RED.png"
"test3_6","diflubenzuron-2","400","2","1","0","1","RED","2991","plots\test3_6\2991_chrom400_diflubenzuron-2_RED.png","test3_6_2991_chrom400_diflubenzuron-2_RED.png","D:\yinlibo\MRMPFormer\model\project_review\full_rerun_random3000_20260916\random3000_channels\plots\test3_6\2991_chrom400_diflubenzuron-2_RED.png","D:\yinlibo\MRMPFormer\model\project_review\full_rerun_random3000_20260916\random3000_channels\RED_YELLOW_review\test3_6_2991_chrom400_diflubenzuron-2_RED.png"
"test3_3","tebuconazole-2","466","1","1","0","1","YELLOW","2992","plots\test3_3\2992_chrom466_tebuconazole-2_YELLOW.png","test3_3_2992_chrom466_tebuconazole-2_YELLOW.png","D:\yinlibo\MRMPFormer\model\project_review\full_rerun_random3000_20260916\random3000_channels\plots\test3_3\2992_chrom466_tebuconazole-2_YELLOW.png","D:\yinlibo\MRMPFormer\model\project_review\full_rerun_random3000_20260916\random3000_channels\RED_YELLOW_review\test3_3_2992_chrom466_tebuconazole-2_YELLOW.png"
"test3_14","acetamiprid-2","58","2","1","0","1","RED","2994","plots\test3_14\2994_chrom058_acetamiprid-2_RED.png","test3_14_2994_chrom058_acetamiprid-2_RED.png","D:\yinlibo\MRMPFormer\model\project_review\full_rerun_random3000_20260916\random3000_channels\plots\test3_14\2994_chrom058_acetamiprid-2_RED.png","D:\yinlibo\MRMPFormer\model\project_review\full_rerun_random3000_20260916\random3000_channels\RED_YELLOW_review\test3_14_2994_chrom058_acetamiprid-2_RED.png"
"test3_6","formothion-1","95","1","1","0","1","YELLOW","2997","plots\test3_6\2997_chrom095_formothion-1_YELLOW.png","test3_6_2997_chrom095_formothion-1_YELLOW.png","D:\yinlibo\MRMPFormer\model\project_review\full_rerun_random3000_20260916\random3000_channels\plots\test3_6\2997_chrom095_formothion-1_YELLOW.png","D:\yinlibo\MRMPFormer\model\project_review\full_rerun_random3000_20260916\random3000_channels\RED_YELLOW_review\test3_6_2997_chrom095_formothion-1_YELLOW.png"
