sample_id,uid,ai_chrom_index,n_ai_peaks,n_trad_peaks,n_ignored_weak,n_review_required,channel_alert_level,random_order,plot_path
test3_6,cinosulfuron-1,107,1,1,0,0,GREEN,1,plots\test3_6\0001_chrom107_cinosulfuron-1_GREEN.png
test3_6,cyprodinil-2,420,1,1,0,0,GREEN,2,plots\test3_6\0002_chrom420_cyprodinil-2_GREEN.png
test3_28,pyriftalid-2,272,1,1,0,0,GREEN,3,plots\test3_28\0003_chrom272_pyriftalid-2_GREEN.png
test3_17,picoxystrobin-1,457,1,1,0,0,GREEN,4,plots\test3_17\0004_chrom457_picoxystrobin-1_GREEN.png
test3_17,metsulfuron-methyl-2,128,1,1,0,0,GREEN,5,plots\test3_17\0005_chrom128_metsulfuron-methyl-2_GREEN.png
test3_9,acetochlor-1,379,2,1,0,2,RED,6,plots\test3_9\0006_chrom379_acetochlor-1_RED.png
test3_54,pyraclostrobin-1,529,1,1,0,0,GREEN,7,plots\test3_54\0007_chrom529_pyraclostrobin-1_GREEN.png
test3_52,clomazone-2,246,1,1,0,0,GREEN,8,plots\test3_52\0008_chrom246_clomazone-2_GREEN.png
test3_9,acetamiprid-2,58,1,1,0,0,GREEN,9,plots\test3_9\0009_chrom058_acetamiprid-2_GREEN.png
test3_44,pyridalyl-1,701,1,1,0,0,GREEN,10,plots\test3_44\0010_chrom701_pyridalyl-1_GREEN.png
test3_8,napropamide-2,388,3,1,0,2,RED,11,plots\test3_8\0011_chrom388_napropamide-2_RED.png
test3_37,etrimfos-1,455,1,1,0,0,GREEN,12,plots\test3_37\0012_chrom455_etrimfos-1_GREEN.png
test3_56,mandipropamid-2,336,1,1,0,0,GREEN,13,plots\test3_56\0013_chrom336_mandipropamid-2_GREEN.png
test3_51,flumorph-1,243,1,1,0,0,GREEN,14,plots\test3_51\0014_chrom243_flumorph-1_GREEN.png
test3_40,simazine-1,137,1,1,0,0,GREEN,15,plots\test3_40\0015_chrom137_simazine-1_GREEN.png
test3_19,fenobucarb-2,260,2,1,0,1,RED,16,plots\test3_19\0016_chrom260_fenobucarb-2_RED.png
test3_38,flonicamid-2,24,1,1,0,0,GREEN,17,plots\test3_38\0017_chrom024_flonicamid-2_GREEN.png
test3_42,fenamiphos sulfoxide-2,152,1,1,0,0,GREEN,18,plots\test3_42\0018_chrom152_fenamiphos sulfoxide-2_GREEN.png
test3_25,fenamiphos sulfone-2,162,1,1,0,0,GREEN,19,plots\test3_25\0019_chrom162_fenamiphos sulfone-2_GREEN.png
test3_46,Fenoxycarb-2,426,1,1,0,0,GREEN,20,plots\test3_46\0020_chrom426_Fenoxycarb-2_GREEN.png
test3_26,thifluzamide-1,413,1,1,0,0,GREEN,21,plots\test3_26\0021_chrom413_thifluzamide-1_GREEN.png
test3_40,benzoximate-1,531,1,1,0,0,GREEN,22,plots\test3_40\0022_chrom531_benzoximate-1_GREEN.png
test3_43,3-hydroxy carbofuran-2,52,1,1,0,0,GREEN,23,plots\test3_43\0023_chrom052_3-hydroxy carbofuran-2_GREEN.png
test3_18,tolclofos-methyl-1,501,1,1,0,0,GREEN,24,plots\test3_18\0024_chrom501_tolclofos-methyl-1_GREEN.png
test3_24,aldicarb sulfoxide-1,11,1,1,0,1,YELLOW,25,plots\test3_24\0025_chrom011_aldicarb sulfoxide-1_YELLOW.png
test3_22,chlorfluazuron-1,679,1,1,0,0,GREEN,26,plots\test3_22\0026_chrom679_chlorfluazuron-1_GREEN.png
test3_12,phorate sulfone-1,191,3,1,0,2,RED,27,plots\test3_12\0027_chrom191_phorate sulfone-1_RED.png
test3_32,metazosulfuron-2,242,1,1,0,0,GREEN,28,plots\test3_32\0028_chrom242_metazosulfuron-2_GREEN.png
test3_47,carbaryl-1,157,1,1,0,0,GREEN,29,plots\test3_47\0029_chrom157_carbaryl-1_GREEN.png
test3_10,isofenphos-methyl-1,475,1,1,0,0,GREEN,30,plots\test3_10\0030_chrom475_isofenphos-methyl-1_GREEN.png
test3_21,bioresmethrin-2,690,1,1,0,0,GREEN,31,plots\test3_21\0031_chrom690_bioresmethrin-2_GREEN.png
test3_35,thiamethoxam-2,26,1,1,0,0,GREEN,32,plots\test3_35\0032_chrom026_thiamethoxam-2_GREEN.png
test3_32,oxadiargyl-1,515,1,1,0,0,GREEN,33,plots\test3_32\0033_chrom515_oxadiargyl-1_GREEN.png
test3_31,tribenuron-methyl-2,216,1,1,0,0,GREEN,34,plots\test3_31\0034_chrom216_tribenuron-methyl-2_GREEN.png
test3_4,fluopyram-1,371,1,1,0,0,GREEN,35,plots\test3_4\0035_chrom371_fluopyram-1_GREEN.png
test3_11,pyraclostrobin-1,529,1,1,0,0,GREEN,36,plots\test3_11\0036_chrom529_pyraclostrobin-1_GREEN.png
test3_32,coumoxystrobin-1,653,1,1,0,0,GREEN,37,plots\test3_32\0037_chrom653_coumoxystrobin-1_GREEN.png
test3_48,orthosulfamuron-1,225,1,1,0,0,GREEN,38,plots\test3_48\0038_chrom225_orthosulfamuron-1_GREEN.png
test3_21,coumaphos-1,511,1,1,0,0,GREEN,39,plots\test3_21\0039_chrom511_coumaphos-1_GREEN.png
test3_41,propachlor-1,209,1,1,0,0,GREEN,40,plots\test3_41\0040_chrom209_propachlor-1_GREEN.png
test3_22,carbofuran-2,136,1,1,0,0,GREEN,41,plots\test3_22\0041_chrom136_carbofuran-2_GREEN.png
test3_31,zoxamide-1,479,1,1,0,0,GREEN,42,plots\test3_31\0042_chrom479_zoxamide-1_GREEN.png
test3_37,azinphos-methyl-1,247,1,1,0,0,GREEN,43,plots\test3_37\0043_chrom247_azinphos-methyl-1_GREEN.png
test3_50,probenazole-2,112,1,1,0,0,GREEN,44,plots\test3_50\0044_chrom112_probenazole-2_GREEN.png
test3_28,pyraflufen-ethyl-2,500,1,1,0,0,GREEN,45,plots\test3_28\0045_chrom500_pyraflufen-ethyl-2_GREEN.png
test3_13,EPN-1,545,2,1,0,1,RED,46,plots\test3_13\0046_chrom545_EPN-1_RED.png
test3_34,flucetosulfuron-1,275,1,1,0,0,GREEN,47,plots\test3_34\0047_chrom275_flucetosulfuron-1_GREEN.png
test3_38,chlorsulfuron-2,144,1,1,0,0,GREEN,48,plots\test3_38\0048_chrom144_chlorsulfuron-2_GREEN.png
test3_32,diazinon-2,498,1,1,0,0,GREEN,49,plots\test3_32\0049_chrom498_diazinon-2_GREEN.png
test3_7,simazine-1,137,1,1,0,0,GREEN,50,plots\test3_7\0050_chrom137_simazine-1_GREEN.png
test3_47,phorate sulfoxide-2,184,1,1,0,0,GREEN,51,plots\test3_47\0051_chrom184_phorate sulfoxide-2_GREEN.png
test3_10,fluazifop-1,617,1,1,0,0,GREEN,52,plots\test3_10\0052_chrom617_fluazifop-1_GREEN.png
test3_24,pyridalyl-1,701,1,1,0,0,GREEN,53,plots\test3_24\0053_chrom701_pyridalyl-1_GREEN.png
test3_51,phorate sulfoxide-1,183,1,1,0,0,GREEN,54,plots\test3_51\0054_chrom183_phorate sulfoxide-1_GREEN.png
test3_11,prosulfocarb-2,560,1,1,0,0,GREEN,55,plots\test3_11\0055_chrom560_prosulfocarb-2_GREEN.png
test3_25,promecarb-2,262,1,1,0,0,GREEN,56,plots\test3_25\0056_chrom262_promecarb-2_GREEN.png
test3_18,cyazofamid-2,402,1,1,0,0,GREEN,57,plots\test3_18\0057_chrom402_cyazofamid-2_GREEN.png
test3_14,methoprene-1,693,1,1,0,0,GREEN,58,plots\test3_14\0058_chrom693_methoprene-1_GREEN.png
test3_41,spinosad A-2,556,1,1,0,0,GREEN,59,plots\test3_41\0059_chrom556_spinosad A-2_GREEN.png
test3_5,silthiofam-2,448,1,1,0,1,YELLOW,60,plots\test3_5\0060_chrom448_silthiofam-2_YELLOW.png
test3_32,halosulfuron-methyl-2,302,1,1,0,0,GREEN,61,plots\test3_32\0061_chrom302_halosulfuron-methyl-2_GREEN.png
test3_32,zoxamide-2,480,1,1,0,0,GREEN,62,plots\test3_32\0062_chrom480_zoxamide-2_GREEN.png
test3_5,cyproconazole-1,409,4,1,0,3,RED,63,plots\test3_5\0063_chrom409_cyproconazole-1_RED.png
test3_25,rotenone-1,433,1,1,0,0,GREEN,64,plots\test3_25\0064_chrom433_rotenone-1_GREEN.png
test3_48,ametryn-2,252,1,1,0,0,GREEN,65,plots\test3_48\0065_chrom252_ametryn-2_GREEN.png
test3_32,oxamyl-1,17,6,1,1,4,RED,66,plots\test3_32\0066_chrom017_oxamyl-1_RED.png
test3_50,pirimiphos-methyl-1,513,1,1,0,0,GREEN,67,plots\test3_50\0067_chrom513_pirimiphos-methyl-1_GREEN.png
test3_36,sulfentrazone-2,154,1,1,0,0,GREEN,68,plots\test3_36\0068_chrom154_sulfentrazone-2_GREEN.png
test3_26,boscalid-2,306,1,1,0,0,GREEN,69,plots\test3_26\0069_chrom306_boscalid-2_GREEN.png
test3_14,3-hydroxy carbofuran-1,51,1,1,0,0,GREEN,70,plots\test3_14\0070_chrom051_3-hydroxy carbofuran-1_GREEN.png
test3_14,sulfentrazone-2,154,3,1,0,2,RED,71,plots\test3_14\0071_chrom154_sulfentrazone-2_RED.png
test3_30,prometryn-2,338,1,1,0,0,GREEN,72,plots\test3_30\0072_chrom338_prometryn-2_GREEN.png
test3_33,clethodim sulfoxide-1,237,1,1,0,0,GREEN,73,plots\test3_33\0073_chrom237_clethodim sulfoxide-1_GREEN.png
test3_35,penthiopyrad-1,481,1,1,0,0,GREEN,74,plots\test3_35\0074_chrom481_penthiopyrad-1_GREEN.png
test3_41,tritosulfuron-1,199,2,1,0,2,RED,75,plots\test3_41\0075_chrom199_tritosulfuron-1_RED.png
test3_9,prosulfocarb-2,560,1,1,0,0,GREEN,76,plots\test3_9\0076_chrom560_prosulfocarb-2_GREEN.png
test3_8,carbendazim-1,55,3,1,0,3,RED,77,plots\test3_8\0077_chrom055_carbendazim-1_RED.png
test3_32,edifenphos-2,494,1,1,0,0,GREEN,78,plots\test3_32\0078_chrom494_edifenphos-2_GREEN.png
test3_30,fluazifop-2,618,1,1,0,0,GREEN,79,plots\test3_30\0079_chrom618_fluazifop-2_GREEN.png
test3_55,cycloxydim-1,561,1,1,0,0,GREEN,80,plots\test3_55\0080_chrom561_cycloxydim-1_GREEN.png
test3_22,benzoximate-2,532,1,1,0,0,GREEN,81,plots\test3_22\0081_chrom532_benzoximate-2_GREEN.png
test3_55,fonofos-2,462,1,1,0,0,GREEN,82,plots\test3_55\0082_chrom462_fonofos-2_GREEN.png
test3_11,spinetoram L-1,641,1,1,0,0,GREEN,83,plots\test3_11\0083_chrom641_spinetoram L-1_GREEN.png
test3_36,cycloxydim-1,561,1,1,0,0,GREEN,84,plots\test3_36\0084_chrom561_cycloxydim-1_GREEN.png
test3_22,metribuzin-2,134,1,1,0,1,YELLOW,85,plots\test3_22\0085_chrom134_metribuzin-2_YELLOW.png
test3_50,phosalone-1,519,1,1,0,0,GREEN,86,plots\test3_50\0086_chrom519_phosalone-1_GREEN.png
test3_3,isopyrazam-1,553,1,1,0,0,GREEN,87,plots\test3_3\0087_chrom553_isopyrazam-1_GREEN.png
test3_21,chlorpyrifos-methyl-1,517,1,1,0,0,GREEN,88,plots\test3_21\0088_chrom517_chlorpyrifos-methyl-1_GREEN.png
test3_14,mevinphos-2,80,2,1,0,1,RED,89,plots\test3_14\0089_chrom080_mevinphos-2_RED.png
test3_30,metaflumizone-2,648,1,1,0,0,GREEN,90,plots\test3_30\0090_chrom648_metaflumizone-2_GREEN.png
test3_26,hexaconazole-1,485,1,1,0,0,GREEN,91,plots\test3_26\0091_chrom485_hexaconazole-1_GREEN.png
test3_9,alachlor-1,381,2,1,0,2,RED,92,plots\test3_9\0092_chrom381_alachlor-1_RED.png
test3_27,triadimefon-1,343,1,1,0,0,GREEN,93,plots\test3_27\0093_chrom343_triadimefon-1_GREEN.png
test3_44,ethoxysulfuron-2,340,1,1,0,0,GREEN,94,plots\test3_44\0094_chrom340_ethoxysulfuron-2_GREEN.png
test3_52,atrazine-1,195,1,1,0,0,GREEN,95,plots\test3_52\0095_chrom195_atrazine-1_GREEN.png
test3_12,trifloxystrobin-2,570,2,1,0,1,RED,96,plots\test3_12\0096_chrom570_trifloxystrobin-2_RED.png
test3_44,dimoxystrobin-1,435,1,1,0,0,GREEN,97,plots\test3_44\0097_chrom435_dimoxystrobin-1_GREEN.png
test3_26,thifluzamide-2,414,1,1,0,0,GREEN,98,plots\test3_26\0098_chrom414_thifluzamide-2_GREEN.png
test3_31,prochloraz metabolite BTS44595-1,487,1,1,0,0,GREEN,99,plots\test3_31\0099_chrom487_prochloraz metabolite BTS44595-1_GREEN.png
test3_5,phorate sulfoxide-2,184,2,1,0,2,RED,100,plots\test3_5\0100_chrom184_phorate sulfoxide-2_RED.png
test3_50,cyantraniliprole-1,169,1,1,0,0,GREEN,101,plots\test3_50\0101_chrom169_cyantraniliprole-1_GREEN.png
test3_31,triallate-1,639,1,1,0,0,GREEN,102,plots\test3_31\0102_chrom639_triallate-1_GREEN.png
test3_26,pyridaphenthion-1,363,1,1,0,0,GREEN,103,plots\test3_26\0103_chrom363_pyridaphenthion-1_GREEN.png
test3_39,fenpyrazamine-1,369,1,1,0,0,GREEN,104,plots\test3_39\0104_chrom369_fenpyrazamine-1_GREEN.png
test3_18,triadimefon-1,343,1,1,0,0,GREEN,105,plots\test3_18\0105_chrom343_triadimefon-1_GREEN.png
test3_13,fenpropimorph-1,291,1,1,0,0,GREEN,106,plots\test3_13\0106_chrom291_fenpropimorph-1_GREEN.png
test3_24,bromuconazole-1,349,2,1,0,1,RED,107,plots\test3_24\0107_chrom349_bromuconazole-1_RED.png
test3_28,fenoxaprop-P-ethyl-1,591,1,1,0,0,GREEN,108,plots\test3_28\0108_chrom591_fenoxaprop-P-ethyl-1_GREEN.png
test3_22,oxamyl-1,17,7,1,0,6,RED,109,plots\test3_22\0109_chrom017_oxamyl-1_RED.png
test3_8,cyantraniliprole-1,169,1,1,0,0,GREEN,110,plots\test3_8\0110_chrom169_cyantraniliprole-1_GREEN.png
test3_35,imidacloprid-2,40,1,1,0,0,GREEN,111,plots\test3_35\0111_chrom040_imidacloprid-2_GREEN.png
test3_8,pencycuron-1,537,1,1,0,0,GREEN,112,plots\test3_8\0112_chrom537_pencycuron-1_GREEN.png
test3_49,quinalphos-1,439,1,1,0,0,GREEN,113,plots\test3_49\0113_chrom439_quinalphos-1_GREEN.png
test3_40,imidacloprid-1,39,1,1,0,0,GREEN,114,plots\test3_40\0114_chrom039_imidacloprid-1_GREEN.png
test3_38,prochloraz metabolite BTS44596-1,477,1,1,0,0,GREEN,115,plots\test3_38\0115_chrom477_prochloraz metabolite BTS44596-1_GREEN.png
test3_34,tebuconazole-1,465,2,1,1,0,GREEN,116,plots\test3_34\0116_chrom465_tebuconazole-1_GREEN.png
test3_40,ethoxysulfuron-2,340,1,1,0,0,GREEN,117,plots\test3_40\0117_chrom340_ethoxysulfuron-2_GREEN.png
test3_50,fenoxanil-2,422,1,1,0,0,GREEN,118,plots\test3_50\0118_chrom422_fenoxanil-2_GREEN.png
test3_21,fenamiphos sulfoxide-2,152,1,1,0,0,GREEN,119,plots\test3_21\0119_chrom152_fenamiphos sulfoxide-2_GREEN.png
test3_9,iodosulfuron-methyl-sodium-1,229,1,1,0,0,GREEN,120,plots\test3_9\0120_chrom229_iodosulfuron-methyl-sodium-1_GREEN.png
test3_6,bifenthrin-1,699,4,1,0,3,RED,121,plots\test3_6\0121_chrom699_bifenthrin-1_RED.png
test3_51,fenthion-2,454,1,1,0,0,GREEN,122,plots\test3_51\0122_chrom454_fenthion-2_GREEN.png
test3_3,fenobucarb-2,260,2,1,0,2,RED,123,plots\test3_3\0123_chrom260_fenobucarb-2_RED.png
test3_19,pyriproxyfen-2,628,1,1,0,0,GREEN,124,plots\test3_19\0124_chrom628_pyriproxyfen-2_GREEN.png
test3_3,disulfoton sulfoxide-1,179,2,1,0,1,RED,125,plots\test3_3\0125_chrom179_disulfoton sulfoxide-1_RED.png
test3_37,ethion-2,644,1,1,0,0,GREEN,126,plots\test3_37\0126_chrom644_ethion-2_GREEN.png
test3_23,phosfolan-2,88,1,1,0,0,GREEN,127,plots\test3_23\0127_chrom088_phosfolan-2_GREEN.png
test3_27,metalaxyl-1,223,1,1,0,0,GREEN,128,plots\test3_27\0128_chrom223_metalaxyl-1_GREEN.png
test3_38,fensulfothion oxon-1,85,1,1,0,0,GREEN,129,plots\test3_38\0129_chrom085_fensulfothion oxon-1_GREEN.png
test3_19,aldicarb sulfoxide-1,11,3,1,0,2,RED,130,plots\test3_19\0130_chrom011_aldicarb sulfoxide-1_RED.png
test3_6,dimepiperate-1,543,5,1,0,4,RED,131,plots\test3_6\0131_chrom543_dimepiperate-1_RED.png
test3_50,flufenacet-1,383,1,1,0,0,GREEN,132,plots\test3_50\0132_chrom383_flufenacet-1_GREEN.png
test3_39,buprofezin-2,620,1,1,0,0,GREEN,133,plots\test3_39\0133_chrom620_buprofezin-2_GREEN.png
test3_4,dicrotophos-1,33,1,1,0,0,GREEN,134,plots\test3_4\0134_chrom033_dicrotophos-1_GREEN.png
test3_6,bifenthrin-2,700,4,1,0,3,RED,135,plots\test3_6\0135_chrom700_bifenthrin-2_RED.png
test3_51,Chloridazon-2,72,1,1,0,0,GREEN,136,plots\test3_51\0136_chrom072_Chloridazon-2_GREEN.png
test3_14,trifloxystrobin-1,569,1,1,0,0,GREEN,137,plots\test3_14\0137_chrom569_trifloxystrobin-1_GREEN.png
test3_40,tebufenozide-1,463,2,1,0,1,RED,138,plots\test3_40\0138_chrom463_tebufenozide-1_RED.png
test3_41,Fenoxycarb-1,425,1,1,0,0,GREEN,139,plots\test3_41\0139_chrom425_Fenoxycarb-1_GREEN.png
test3_52,methoxyfenozide-1,367,1,1,0,0,GREEN,140,plots\test3_52\0140_chrom367_methoxyfenozide-1_GREEN.png
test3_54,metazosulfuron-1,241,1,1,0,0,GREEN,141,plots\test3_54\0141_chrom241_metazosulfuron-1_GREEN.png
test3_32,difenoconazole-2,550,1,1,0,0,GREEN,142,plots\test3_32\0142_chrom550_difenoconazole-2_GREEN.png
test3_35,chlorpyrifos-methyl-1,517,1,1,0,0,GREEN,143,plots\test3_35\0143_chrom517_chlorpyrifos-methyl-1_GREEN.png
test3_13,malathion-2,332,1,1,0,0,GREEN,144,plots\test3_13\0144_chrom332_malathion-2_GREEN.png
test3_3,flutriafol-2,194,2,1,0,1,RED,145,plots\test3_3\0145_chrom194_flutriafol-2_RED.png
test3_23,ametryn-1,251,1,1,0,0,GREEN,146,plots\test3_23\0146_chrom251_ametryn-1_GREEN.png
test3_17,spirotetramat-keto-hydroxy-2,240,2,1,1,0,GREEN,147,plots\test3_17\0147_chrom240_spirotetramat-keto-hydroxy-2_GREEN.png
test3_43,trichlorfon-1,59,1,1,0,0,GREEN,148,plots\test3_43\0148_chrom059_trichlorfon-1_GREEN.png
test3_41,procymidone-1,341,1,1,0,0,GREEN,149,plots\test3_41\0149_chrom341_procymidone-1_GREEN.png
test3_35,clethodim sulfone-1,231,1,1,0,1,YELLOW,150,plots\test3_35\0150_chrom231_clethodim sulfone-1_YELLOW.png
test3_54,tau-fluvalinate-2,692,2,1,0,1,RED,151,plots\test3_54\0151_chrom692_tau-fluvalinate-2_RED.png
test3_14,hexaflumuron-1,583,1,1,0,0,GREEN,152,plots\test3_14\0152_chrom583_hexaflumuron-1_GREEN.png
test3_12,iodosulfuron-methyl-sodium-1,229,1,1,0,0,GREEN,153,plots\test3_12\0153_chrom229_iodosulfuron-methyl-sodium-1_GREEN.png
test3_48,ethofumesate-1,281,1,1,0,0,GREEN,154,plots\test3_48\0154_chrom281_ethofumesate-1_GREEN.png
test3_47,pyrametostrobin-2,484,2,1,1,0,GREEN,155,plots\test3_47\0155_chrom484_pyrametostrobin-2_GREEN.png
test3_43,piperonyl butoxide-2,638,1,1,0,0,GREEN,156,plots\test3_43\0156_chrom638_piperonyl butoxide-2_GREEN.png
test3_47,clethodim sulfoxide-1,237,1,1,0,1,YELLOW,157,plots\test3_47\0157_chrom237_clethodim sulfoxide-1_YELLOW.png
test3_31,propyrisulfuron-1,359,1,1,0,0,GREEN,158,plots\test3_31\0158_chrom359_propyrisulfuron-1_GREEN.png
test3_3,pirimicarb-2,168,1,1,0,0,GREEN,159,plots\test3_3\0159_chrom168_pirimicarb-2_GREEN.png
test3_25,spinosad D-2,590,1,1,0,0,GREEN,160,plots\test3_25\0160_chrom590_spinosad D-2_GREEN.png
test3_55,spinosad A-2,556,1,1,0,1,YELLOW,161,plots\test3_55\0161_chrom556_spinosad A-2_YELLOW.png
test3_47,spirotetramat-1,403,1,1,0,0,GREEN,162,plots\test3_47\0162_chrom403_spirotetramat-1_GREEN.png
test3_8,dimepiperate-2,544,3,1,0,3,RED,163,plots\test3_8\0163_chrom544_dimepiperate-2_RED.png
test3_49,diflubenzuron-1,399,2,1,0,2,RED,164,plots\test3_49\0164_chrom399_diflubenzuron-1_RED.png
test3_46,phosphamidon-1,103,1,1,0,0,GREEN,165,plots\test3_46\0165_chrom103_phosphamidon-1_GREEN.png
test3_22,triflusulfuron-methyl-1,353,1,1,0,0,GREEN,166,plots\test3_22\0166_chrom353_triflusulfuron-methyl-1_GREEN.png
test3_53,thiophanate-methyl-1,119,1,1,0,0,GREEN,167,plots\test3_53\0167_chrom119_thiophanate-methyl-1_GREEN.png
test3_10,iprobenfos-1,469,1,1,0,0,GREEN,168,plots\test3_10\0168_chrom469_iprobenfos-1_GREEN.png
test3_21,fluthiacet-methyl-1,459,1,1,0,0,GREEN,169,plots\test3_21\0169_chrom459_fluthiacet-methyl-1_GREEN.png
test3_24,clothianidin-2,42,1,1,0,0,GREEN,170,plots\test3_24\0170_chrom042_clothianidin-2_GREEN.png
test3_21,pyrimethanil-1,257,1,1,0,0,GREEN,171,plots\test3_21\0171_chrom257_pyrimethanil-1_GREEN.png
test3_11,pirimiphos-methyl-1,513,1,1,0,0,GREEN,172,plots\test3_11\0172_chrom513_pirimiphos-methyl-1_GREEN.png
test3_32,iodosulfuron-methyl-sodium-2,230,1,1,0,0,GREEN,173,plots\test3_32\0173_chrom230_iodosulfuron-methyl-sodium-2_GREEN.png
test3_39,quizalofop-ethyl-2,594,1,1,0,0,GREEN,174,plots\test3_39\0174_chrom594_quizalofop-ethyl-2_GREEN.png
test3_13,saflufenacil-1,287,3,1,1,1,RED,175,plots\test3_13\0175_chrom287_saflufenacil-1_RED.png
test3_8,hexaconazole-1,485,1,1,0,0,GREEN,176,plots\test3_8\0176_chrom485_hexaconazole-1_GREEN.png
test3_41,Dimethenamid-P-2,294,1,1,0,0,GREEN,177,plots\test3_41\0177_chrom294_Dimethenamid-P-2_GREEN.png
test3_10,imidaclothiz-1,45,3,1,1,2,RED,178,plots\test3_10\0178_chrom045_imidaclothiz-1_RED.png
test3_24,chlordimeform-1,27,1,1,0,0,GREEN,179,plots\test3_24\0179_chrom027_chlordimeform-1_GREEN.png
test3_41,Proquinazid-1,675,1,1,0,0,GREEN,180,plots\test3_41\0180_chrom675_Proquinazid-1_GREEN.png
test3_51,pyrethrins I-1,677,1,1,0,0,GREEN,181,plots\test3_51\0181_chrom677_pyrethrins I-1_GREEN.png
test3_31,amisulbrom-2,568,2,1,1,0,GREEN,182,plots\test3_31\0182_chrom568_amisulbrom-2_GREEN.png
test3_9,pretilachlor-2,578,1,1,0,0,GREEN,183,plots\test3_9\0183_chrom578_pretilachlor-2_GREEN.png
test3_35,tebufenozide-2,464,1,1,0,0,GREEN,184,plots\test3_35\0184_chrom464_tebufenozide-2_GREEN.png
test3_34,phorate sulfoxide-1,183,1,1,0,0,GREEN,185,plots\test3_34\0185_chrom183_phorate sulfoxide-1_GREEN.png
test3_41,phosmet oxon-1,97,1,1,0,0,GREEN,186,plots\test3_41\0186_chrom097_phosmet oxon-1_GREEN.png
test3_10,chlorimuron-ethyl-2,326,1,1,0,0,GREEN,187,plots\test3_10\0187_chrom326_chlorimuron-ethyl-2_GREEN.png
test3_34,probenazole-2,112,1,1,0,0,GREEN,188,plots\test3_34\0188_chrom112_probenazole-2_GREEN.png
test3_43,aldicarb sulfoxide-2,12,2,1,0,1,RED,189,plots\test3_43\0189_chrom012_aldicarb sulfoxide-2_RED.png
test3_29,hexythiazox-1,649,1,1,0,0,GREEN,190,plots\test3_29\0190_chrom649_hexythiazox-1_GREEN.png
test3_49,hexaconazole-2,486,1,1,0,0,GREEN,191,plots\test3_49\0191_chrom486_hexaconazole-2_GREEN.png
test3_29,tricyclazole-1,91,1,1,0,0,GREEN,192,plots\test3_29\0192_chrom091_tricyclazole-1_GREEN.png
test3_56,flutolanil-2,324,1,1,0,0,GREEN,193,plots\test3_56\0193_chrom324_flutolanil-2_GREEN.png
test3_3,pyrisoxazole-2,304,2,1,0,1,RED,194,plots\test3_3\0194_chrom304_pyrisoxazole-2_RED.png
test3_9,fenamiphos-1,431,1,1,0,0,GREEN,195,plots\test3_9\0195_chrom431_fenamiphos-1_GREEN.png
test3_51,pyriproxyfen-2,628,1,1,0,0,GREEN,196,plots\test3_51\0196_chrom628_pyriproxyfen-2_GREEN.png
test3_22,fensulfothion sulfone-2,234,1,1,0,0,GREEN,197,plots\test3_22\0197_chrom234_fensulfothion sulfone-2_GREEN.png
test3_7,iprodione-2,394,2,1,0,2,RED,198,plots\test3_7\0198_chrom394_iprodione-2_RED.png
test3_56,spirotetramat-keto-hydroxy-2,240,1,1,0,0,GREEN,199,plots\test3_56\0199_chrom240_spirotetramat-keto-hydroxy-2_GREEN.png
test3_20,acetochlor-1,379,1,1,0,0,GREEN,200,plots\test3_20\0200_chrom379_acetochlor-1_GREEN.png
test3_32,oxydemeton-methyl-2,20,3,1,0,3,RED,201,plots\test3_32\0201_chrom020_oxydemeton-methyl-2_RED.png
test3_42,isoprocarb-2,186,1,1,0,0,GREEN,202,plots\test3_42\0202_chrom186_isoprocarb-2_GREEN.png
test3_20,sulfentrazone-2,154,2,1,1,0,GREEN,203,plots\test3_20\0203_chrom154_sulfentrazone-2_GREEN.png
test3_49,sulfoxaflor-2,66,1,1,0,0,GREEN,204,plots\test3_49\0204_chrom066_sulfoxaflor-2_GREEN.png
test3_53,mesosulfuron-methyl-2,202,1,1,0,0,GREEN,205,plots\test3_53\0205_chrom202_mesosulfuron-methyl-2_GREEN.png
test3_25,clethodim sulfoxide-2,238,1,1,0,0,GREEN,206,plots\test3_25\0206_chrom238_clethodim sulfoxide-2_GREEN.png
test3_27,propisochlor-2,398,1,1,0,0,GREEN,207,plots\test3_27\0207_chrom398_propisochlor-2_GREEN.png
test3_21,quizalofop-ethyl-2,594,1,1,0,0,GREEN,208,plots\test3_21\0208_chrom594_quizalofop-ethyl-2_GREEN.png
test3_37,dimepiperate-1,543,1,1,0,0,GREEN,209,plots\test3_37\0209_chrom543_dimepiperate-1_GREEN.png
test3_51,chlorantraniliprole-1,253,1,1,0,0,GREEN,210,plots\test3_51\0210_chrom253_chlorantraniliprole-1_GREEN.png
test3_39,disulfoton sulfoxide-2,180,1,1,0,0,GREEN,211,plots\test3_39\0211_chrom180_disulfoton sulfoxide-2_GREEN.png
test3_16,chlorantraniliprole-2,254,1,1,0,0,GREEN,212,plots\test3_16\0212_chrom254_chlorantraniliprole-2_GREEN.png
test3_25,probenazole-2,112,1,1,0,0,GREEN,213,plots\test3_25\0213_chrom112_probenazole-2_GREEN.png
test3_33,penconazole-2,446,1,1,0,0,GREEN,214,plots\test3_33\0214_chrom446_penconazole-2_GREEN.png
test3_8,diethyl aminoethyl hexanoate-1,53,1,1,0,0,GREEN,215,plots\test3_8\0215_chrom053_diethyl aminoethyl hexanoate-1_GREEN.png
test3_54,fenamiphos sulfoxide-2,152,1,1,0,0,GREEN,216,plots\test3_54\0216_chrom152_fenamiphos sulfoxide-2_GREEN.png
test3_4,pyrimorph-1,509,1,1,0,0,GREEN,217,plots\test3_4\0217_chrom509_pyrimorph-1_GREEN.png
test3_37,acetamiprid-2,58,1,1,0,0,GREEN,218,plots\test3_37\0218_chrom058_acetamiprid-2_GREEN.png
test3_32,pirimicarb-desmethyl-1,81,1,1,0,0,GREEN,219,plots\test3_32\0219_chrom081_pirimicarb-desmethyl-1_GREEN.png
test3_56,flumetralin-2,664,1,1,0,0,GREEN,220,plots\test3_56\0220_chrom664_flumetralin-2_GREEN.png
test3_37,chlorbenzuron-1,441,1,1,0,0,GREEN,221,plots\test3_37\0221_chrom441_chlorbenzuron-1_GREEN.png
test3_4,metolachlor-2,396,1,1,0,0,GREEN,222,plots\test3_4\0222_chrom396_metolachlor-2_GREEN.png
test3_3,heptenophos-2,222,1,1,0,0,GREEN,223,plots\test3_3\0223_chrom222_heptenophos-2_GREEN.png
test3_27,aldicarb sulfoxide-2,12,4,1,0,3,RED,224,plots\test3_27\0224_chrom012_aldicarb sulfoxide-2_RED.png
test3_25,metsulfuron-methyl-2,128,1,1,0,0,GREEN,225,plots\test3_25\0225_chrom128_metsulfuron-methyl-2_GREEN.png
test3_56,cyflufenamid-1,539,1,1,0,0,GREEN,226,plots\test3_56\0226_chrom539_cyflufenamid-1_GREEN.png
test3_49,flufenoxuron-2,668,1,1,0,0,GREEN,227,plots\test3_49\0227_chrom668_flufenoxuron-2_GREEN.png
test3_43,iodosulfuron-methyl-sodium-1,229,1,1,0,0,GREEN,228,plots\test3_43\0228_chrom229_iodosulfuron-methyl-sodium-1_GREEN.png
test3_40,phoxim-2,438,1,1,0,0,GREEN,229,plots\test3_40\0229_chrom438_phoxim-2_GREEN.png
test3_49,mevinphos-1,79,1,1,0,0,GREEN,230,plots\test3_49\0230_chrom079_mevinphos-1_GREEN.png
test3_30,formothion-2,96,3,1,2,0,GREEN,231,plots\test3_30\0231_chrom096_formothion-2_GREEN.png
test3_13,chlorbenzuron-2,442,2,1,1,1,YELLOW,232,plots\test3_13\0232_chrom442_chlorbenzuron-2_YELLOW.png
test3_45,chlorpyrifos-methyl-2,518,2,1,0,1,RED,233,plots\test3_45\0233_chrom518_chlorpyrifos-methyl-2_RED.png
test3_21,tebuconazole-2,466,1,1,0,0,GREEN,234,plots\test3_21\0234_chrom466_tebuconazole-2_GREEN.png
test3_38,phorate sulfone-1,191,2,1,1,0,GREEN,235,plots\test3_38\0235_chrom191_phorate sulfone-1_GREEN.png
test3_41,fenothiocarb-1,417,1,1,0,0,GREEN,236,plots\test3_41\0236_chrom417_fenothiocarb-1_GREEN.png
test3_46,propamocarb-2,4,1,1,0,0,GREEN,237,plots\test3_46\0237_chrom004_propamocarb-2_GREEN.png
test3_42,cadusafos-2,552,1,1,0,0,GREEN,238,plots\test3_42\0238_chrom552_cadusafos-2_GREEN.png
test3_44,probenazole-2,112,1,1,0,0,GREEN,239,plots\test3_44\0239_chrom112_probenazole-2_GREEN.png
test3_28,terbufos-1,595,1,1,0,0,GREEN,240,plots\test3_28\0240_chrom595_terbufos-1_GREEN.png
test3_12,saflufenacil-1,287,1,1,0,0,GREEN,241,plots\test3_12\0241_chrom287_saflufenacil-1_GREEN.png
test3_19,pyrimethanil-1,257,1,1,0,0,GREEN,242,plots\test3_19\0242_chrom257_pyrimethanil-1_GREEN.png
test3_52,propargite-1,665,1,1,0,0,GREEN,243,plots\test3_52\0243_chrom665_propargite-1_GREEN.png
test3_54,spirotetramat-keto-hydroxy-2,240,1,1,0,0,GREEN,244,plots\test3_54\0244_chrom240_spirotetramat-keto-hydroxy-2_GREEN.png
test3_48,fenothiocarb-1,417,1,1,0,0,GREEN,245,plots\test3_48\0245_chrom417_fenothiocarb-1_GREEN.png
test3_54,Dimethenamid-P-1,293,1,1,0,1,YELLOW,246,plots\test3_54\0246_chrom293_Dimethenamid-P-1_YELLOW.png
test3_40,methoprene-2,694,2,1,0,1,RED,247,plots\test3_40\0247_chrom694_methoprene-2_RED.png
test3_20,fluthiacet-methyl-2,460,1,1,0,0,GREEN,248,plots\test3_20\0248_chrom460_fluthiacet-methyl-2_GREEN.png
test3_18,spinetoram J-2,600,1,1,0,0,GREEN,249,plots\test3_18\0249_chrom600_spinetoram J-2_GREEN.png
test3_3,ipconazole-1,563,2,1,1,0,GREEN,250,plots\test3_3\0250_chrom563_ipconazole-1_GREEN.png
test3_39,boscalid-2,306,1,1,0,0,GREEN,251,plots\test3_39\0251_chrom306_boscalid-2_GREEN.png
test3_39,bendiocarb-2,126,1,1,0,0,GREEN,252,plots\test3_39\0252_chrom126_bendiocarb-2_GREEN.png
test3_12,ethirimol-2,146,1,1,0,0,GREEN,253,plots\test3_12\0253_chrom146_ethirimol-2_GREEN.png
test3_36,demeton-S-sulfone-1,73,1,1,0,0,GREEN,254,plots\test3_36\0254_chrom073_demeton-S-sulfone-1_GREEN.png
test3_11,linuron-1,263,1,1,0,0,GREEN,255,plots\test3_11\0255_chrom263_linuron-1_GREEN.png
test3_52,probenazole-2,112,1,1,0,0,GREEN,256,plots\test3_52\0256_chrom112_probenazole-2_GREEN.png
test3_30,orthosulfamuron-1,225,1,1,0,0,GREEN,257,plots\test3_30\0257_chrom225_orthosulfamuron-1_GREEN.png
test3_5,atrazine-2,196,1,1,0,0,GREEN,258,plots\test3_5\0258_chrom196_atrazine-2_GREEN.png
test3_25,fenhexamid-1,365,1,1,0,0,GREEN,259,plots\test3_25\0259_chrom365_fenhexamid-1_GREEN.png
test3_11,oxamyl oxime-1,9,1,1,0,0,GREEN,260,plots\test3_11\0260_chrom009_oxamyl oxime-1_GREEN.png
test3_49,lufenuron-1,659,1,1,0,0,GREEN,261,plots\test3_49\0261_chrom659_lufenuron-1_GREEN.png
test3_42,triazophos-2,362,1,1,0,0,GREEN,262,plots\test3_42\0262_chrom362_triazophos-2_GREEN.png
test3_20,trichlorfon-2,60,1,1,0,1,YELLOW,263,plots\test3_20\0263_chrom060_trichlorfon-2_YELLOW.png
test3_40,promecarb-1,261,2,1,0,1,RED,264,plots\test3_40\0264_chrom261_promecarb-1_RED.png
test3_46,cycloxydim-2,562,1,1,0,0,GREEN,265,plots\test3_46\0265_chrom562_cycloxydim-2_GREEN.png
test3_16,cyclosulfamuron-1,391,1,1,0,0,GREEN,266,plots\test3_16\0266_chrom391_cyclosulfamuron-1_GREEN.png
test3_24,cyprodinil-1,419,1,1,0,0,GREEN,267,plots\test3_24\0267_chrom419_cyprodinil-1_GREEN.png
test3_31,edifenphos-1,493,1,1,0,0,GREEN,268,plots\test3_31\0268_chrom493_edifenphos-1_GREEN.png
test3_6,fenhexamid-2,366,4,1,0,3,RED,269,plots\test3_6\0269_chrom366_fenhexamid-2_RED.png
test3_45,hexaconazole-1,485,1,1,0,0,GREEN,270,plots\test3_45\0270_chrom485_hexaconazole-1_GREEN.png
test3_28,tetraconazole-1,385,1,1,0,0,GREEN,271,plots\test3_28\0271_chrom385_tetraconazole-1_GREEN.png
test3_42,phosmet-1,255,1,1,0,0,GREEN,272,plots\test3_42\0272_chrom255_phosmet-1_GREEN.png
test3_6,amisulbrom-1,567,4,1,1,2,RED,273,plots\test3_6\0273_chrom567_amisulbrom-1_RED.png
test3_44,Picolinafen-2,630,1,1,0,0,GREEN,274,plots\test3_44\0274_chrom630_Picolinafen-2_GREEN.png
test3_7,phenthoate-1,451,2,1,0,1,RED,275,plots\test3_7\0275_chrom451_phenthoate-1_RED.png
test3_53,dicrotophos-2,34,1,1,0,0,GREEN,276,plots\test3_53\0276_chrom034_dicrotophos-2_GREEN.png
test3_47,chlorimuron-ethyl-2,326,1,1,0,0,GREEN,277,plots\test3_47\0277_chrom326_chlorimuron-ethyl-2_GREEN.png
test3_55,flurtamone-1,297,1,1,0,0,GREEN,278,plots\test3_55\0278_chrom297_flurtamone-1_GREEN.png
test3_39,imidacloprid-2,40,1,1,0,0,GREEN,279,plots\test3_39\0279_chrom040_imidacloprid-2_GREEN.png
test3_18,spinosad A-1,555,1,1,0,0,GREEN,280,plots\test3_18\0280_chrom555_spinosad A-1_GREEN.png
test3_51,imazalil-1,197,1,1,0,0,GREEN,281,plots\test3_51\0281_chrom197_imazalil-1_GREEN.png
test3_44,napropamide-2,388,1,1,0,0,GREEN,282,plots\test3_44\0282_chrom388_napropamide-2_GREEN.png
test3_46,fluopicolide-1,321,1,1,0,0,GREEN,283,plots\test3_46\0283_chrom321_fluopicolide-1_GREEN.png
test3_15,pretilachlor-1,577,1,1,0,0,GREEN,284,plots\test3_15\0284_chrom577_pretilachlor-1_GREEN.png
test3_29,metamifop-2,616,1,1,0,0,GREEN,285,plots\test3_29\0285_chrom616_metamifop-2_GREEN.png
test3_39,pyraclostrobin-2,530,1,1,0,0,GREEN,286,plots\test3_39\0286_chrom530_pyraclostrobin-2_GREEN.png
test3_5,clothianidin-2,42,1,1,0,0,GREEN,287,plots\test3_5\0287_chrom042_clothianidin-2_GREEN.png
test3_46,phorate sulfoxide-1,183,1,1,0,0,GREEN,288,plots\test3_46\0288_chrom183_phorate sulfoxide-1_GREEN.png
test3_50,disulfoton sulfoxide-1,179,1,1,0,0,GREEN,289,plots\test3_50\0289_chrom179_disulfoton sulfoxide-1_GREEN.png
test3_37,triflumizole metabolite FM-6-1-1,105,1,1,0,0,GREEN,290,plots\test3_37\0290_chrom105_triflumizole metabolite FM-6-1-1_GREEN.png
test3_56,tricyclazole-2,92,1,1,0,0,GREEN,291,plots\test3_56\0291_chrom092_tricyclazole-2_GREEN.png
test3_45,cyclosulfamuron-1,391,1,1,0,0,GREEN,292,plots\test3_45\0292_chrom391_cyclosulfamuron-1_GREEN.png
test3_37,cinosulfuron-2,108,1,1,0,0,GREEN,293,plots\test3_37\0293_chrom108_cinosulfuron-2_GREEN.png
test3_45,penthiopyrad-2,482,1,1,0,0,GREEN,294,plots\test3_45\0294_chrom482_penthiopyrad-2_GREEN.png
test3_34,spirotetramat-1,403,1,1,0,0,GREEN,295,plots\test3_34\0295_chrom403_spirotetramat-1_GREEN.png
test3_53,myclobutanil-1,333,1,1,0,0,GREEN,296,plots\test3_53\0296_chrom333_myclobutanil-1_GREEN.png
test3_30,metalaxyl-2,224,1,1,0,0,GREEN,297,plots\test3_30\0297_chrom224_metalaxyl-2_GREEN.png
test3_16,phosmet-2,256,3,1,0,2,RED,298,plots\test3_16\0298_chrom256_phosmet-2_RED.png
test3_20,mepronil-2,330,1,1,0,0,GREEN,299,plots\test3_20\0299_chrom330_mepronil-2_GREEN.png
test3_7,ethoxysulfuron-1,339,1,1,0,0,GREEN,300,plots\test3_7\0300_chrom339_ethoxysulfuron-1_GREEN.png
test3_50,flusilazole-2,430,1,1,0,0,GREEN,301,plots\test3_50\0301_chrom430_flusilazole-2_GREEN.png
test3_16,propyzamide-2,308,1,1,0,0,GREEN,302,plots\test3_16\0302_chrom308_propyzamide-2_GREEN.png
test3_22,nitenpyram-2,16,1,1,0,0,GREEN,303,plots\test3_22\0303_chrom016_nitenpyram-2_GREEN.png
test3_22,chlortoluron-1,175,1,1,0,0,GREEN,304,plots\test3_22\0304_chrom175_chlortoluron-1_GREEN.png
test3_5,fenthion sulfone-2,166,3,1,0,2,RED,305,plots\test3_5\0305_chrom166_fenthion sulfone-2_RED.png
test3_9,carbendazim-1,55,3,1,0,3,RED,306,plots\test3_9\0306_chrom055_carbendazim-1_RED.png
test3_14,thifluzamide-2,414,1,1,0,0,GREEN,307,plots\test3_14\0307_chrom414_thifluzamide-2_GREEN.png
test3_7,imazalil-2,198,2,1,1,0,GREEN,308,plots\test3_7\0308_chrom198_imazalil-2_GREEN.png
test3_20,oxamyl oxime-2,10,2,1,0,1,RED,309,plots\test3_20\0309_chrom010_oxamyl oxime-2_RED.png
test3_26,linuron-1,263,1,1,0,0,GREEN,310,plots\test3_26\0310_chrom263_linuron-1_GREEN.png
test3_24,tebuthiuron-1,155,1,1,0,0,GREEN,311,plots\test3_24\0311_chrom155_tebuthiuron-1_GREEN.png
test3_52,fluxapyroxad-1,319,1,1,0,0,GREEN,312,plots\test3_52\0312_chrom319_fluxapyroxad-1_GREEN.png
test3_52,myclobutanil-1,333,1,1,0,0,GREEN,313,plots\test3_52\0313_chrom333_myclobutanil-1_GREEN.png
test3_19,demeton-S-methyl-2,182,1,1,0,0,GREEN,314,plots\test3_19\0314_chrom182_demeton-S-methyl-2_GREEN.png
test3_15,clothianidin-2,42,1,1,0,0,GREEN,315,plots\test3_15\0315_chrom042_clothianidin-2_GREEN.png
test3_36,vamidothion-1,49,1,1,0,0,GREEN,316,plots\test3_36\0316_chrom049_vamidothion-1_GREEN.png
test3_23,carbendazim-2,56,3,1,0,3,RED,317,plots\test3_23\0317_chrom056_carbendazim-2_RED.png
test3_11,fenhexamid-2,366,3,1,0,3,RED,318,plots\test3_11\0318_chrom366_fenhexamid-2_RED.png
test3_29,phosalone-1,519,1,1,0,0,GREEN,319,plots\test3_29\0319_chrom519_phosalone-1_GREEN.png
test3_12,imidaclothiz-2,46,3,1,0,2,RED,320,plots\test3_12\0320_chrom046_imidaclothiz-2_RED.png
test3_7,fenothiocarb-2,418,3,1,1,1,RED,321,plots\test3_7\0321_chrom418_fenothiocarb-2_RED.png
test3_33,clothianidin-1,41,1,1,0,0,GREEN,322,plots\test3_33\0322_chrom041_clothianidin-1_GREEN.png
test3_18,mevinphos-2,80,1,1,0,1,YELLOW,323,plots\test3_18\0323_chrom080_mevinphos-2_YELLOW.png
test3_47,imibenconazole-2,614,1,1,0,0,GREEN,324,plots\test3_47\0324_chrom614_imibenconazole-2_GREEN.png
test3_41,novaluron-1,605,1,1,0,1,YELLOW,325,plots\test3_41\0325_chrom605_novaluron-1_YELLOW.png
test3_17,chlortoluron-2,176,1,1,0,0,GREEN,326,plots\test3_17\0326_chrom176_chlortoluron-2_GREEN.png
test3_38,triasulfuron-2,118,1,1,0,0,GREEN,327,plots\test3_38\0327_chrom118_triasulfuron-2_GREEN.png
test3_27,imibenconazole-2,614,1,1,0,0,GREEN,328,plots\test3_27\0328_chrom614_imibenconazole-2_GREEN.png
test3_52,metazachlor-1,207,1,1,0,0,GREEN,329,plots\test3_52\0329_chrom207_metazachlor-1_GREEN.png
test3_32,fensulfothion-1,217,1,1,0,0,GREEN,330,plots\test3_32\0330_chrom217_fensulfothion-1_GREEN.png
test3_29,demeton-S-sulfoxide-2,68,1,1,0,0,GREEN,331,plots\test3_29\0331_chrom068_demeton-S-sulfoxide-2_GREEN.png
test3_7,iodosulfuron-methyl-sodium-2,230,2,1,0,2,RED,332,plots\test3_7\0332_chrom230_iodosulfuron-methyl-sodium-2_RED.png
test3_32,etrimfos-1,455,1,1,0,0,GREEN,333,plots\test3_32\0333_chrom455_etrimfos-1_GREEN.png
test3_46,propoxur-1,129,1,1,0,0,GREEN,334,plots\test3_46\0334_chrom129_propoxur-1_GREEN.png
test3_48,carbendazim-1,55,2,1,0,1,RED,335,plots\test3_48\0335_chrom055_carbendazim-1_RED.png
test3_3,sulfotep-1,473,1,1,0,0,GREEN,336,plots\test3_3\0336_chrom473_sulfotep-1_GREEN.png
test3_4,pyrazosulfuron-ethyl-2,352,1,1,0,0,GREEN,337,plots\test3_4\0337_chrom352_pyrazosulfuron-ethyl-2_GREEN.png
test3_40,demeton-S-methyl-2,182,1,1,0,0,GREEN,338,plots\test3_40\0338_chrom182_demeton-S-methyl-2_GREEN.png
test3_26,sulfoxaflor-2,66,2,1,0,2,RED,339,plots\test3_26\0339_chrom066_sulfoxaflor-2_RED.png
test3_39,florasulam-1,83,1,1,0,0,GREEN,340,plots\test3_39\0340_chrom083_florasulam-1_GREEN.png
test3_3,chlorfluazuron-1,679,1,1,0,0,GREEN,341,plots\test3_3\0341_chrom679_chlorfluazuron-1_GREEN.png
test3_49,ipconazole-2,564,2,1,0,1,RED,342,plots\test3_49\0342_chrom564_ipconazole-2_RED.png
test3_35,oxamyl-2,18,2,1,0,1,RED,343,plots\test3_35\0343_chrom018_oxamyl-2_RED.png
test3_25,methomyl-1,5,3,1,2,0,GREEN,344,plots\test3_25\0344_chrom005_methomyl-1_GREEN.png
test3_29,dimethoate-1,61,1,1,0,0,GREEN,345,plots\test3_29\0345_chrom061_dimethoate-1_GREEN.png
test3_47,fenamiphos-1,431,1,1,0,0,GREEN,346,plots\test3_47\0346_chrom431_fenamiphos-1_GREEN.png
test3_5,prochloraz-1,521,2,1,0,1,RED,347,plots\test3_5\0347_chrom521_prochloraz-1_RED.png
test3_56,penoxsulam-2,172,1,1,0,0,GREEN,348,plots\test3_56\0348_chrom172_penoxsulam-2_GREEN.png
test3_7,pyraoxystrobin-2,542,1,1,0,0,GREEN,349,plots\test3_7\0349_chrom542_pyraoxystrobin-2_GREEN.png
test3_21,napropamide-2,388,1,1,0,0,GREEN,350,plots\test3_21\0350_chrom388_napropamide-2_GREEN.png
test3_24,tebufenozide-2,464,2,1,0,1,RED,351,plots\test3_24\0351_chrom464_tebufenozide-2_RED.png
test3_23,chlorantraniliprole-2,254,1,1,0,0,GREEN,352,plots\test3_23\0352_chrom254_chlorantraniliprole-2_GREEN.png
test3_16,tritosulfuron-1,199,4,1,0,4,RED,353,plots\test3_16\0353_chrom199_tritosulfuron-1_RED.png
test3_26,fensulfothion sulfone-2,234,1,1,0,0,GREEN,354,plots\test3_26\0354_chrom234_fensulfothion sulfone-2_GREEN.png
test3_19,silthiofam-2,448,1,1,0,0,GREEN,355,plots\test3_19\0355_chrom448_silthiofam-2_GREEN.png
test3_54,Diclobutrazol-1,449,2,1,0,1,RED,356,plots\test3_54\0356_chrom449_Diclobutrazol-1_RED.png
test3_13,pretilachlor-2,578,1,1,0,0,GREEN,357,plots\test3_13\0357_chrom578_pretilachlor-2_GREEN.png
test3_31,butachlor-1,575,1,1,0,0,GREEN,358,plots\test3_31\0358_chrom575_butachlor-1_GREEN.png
test3_7,etoxazole-2,670,1,1,0,0,GREEN,359,plots\test3_7\0359_chrom670_etoxazole-2_GREEN.png
test3_20,rotenone-2,434,1,1,0,0,GREEN,360,plots\test3_20\0360_chrom434_rotenone-2_GREEN.png
test3_46,trichlorfon-2,60,1,1,0,0,GREEN,361,plots\test3_46\0361_chrom060_trichlorfon-2_GREEN.png
test3_53,bensulfuron-methyl-2,274,1,1,0,0,GREEN,362,plots\test3_53\0362_chrom274_bensulfuron-methyl-2_GREEN.png
test3_38,thiophanate-methyl-1,119,1,1,0,0,GREEN,363,plots\test3_38\0363_chrom119_thiophanate-methyl-1_GREEN.png
test3_45,metazosulfuron-2,242,1,1,0,0,GREEN,364,plots\test3_45\0364_chrom242_metazosulfuron-2_GREEN.png
test3_20,tralkoxydim-2,652,3,1,0,3,RED,365,plots\test3_20\0365_chrom652_tralkoxydim-2_RED.png
test3_9,oxydemeton-methyl-1,19,1,1,0,0,GREEN,366,plots\test3_9\0366_chrom019_oxydemeton-methyl-1_GREEN.png
test3_15,methidathion-1,235,2,1,0,2,RED,367,plots\test3_15\0367_chrom235_methidathion-1_RED.png
test3_6,spiromesifen-2,674,1,1,0,1,RED,368,plots\test3_6\0368_chrom674_spiromesifen-2_RED.png
test3_32,molinate-2,314,1,1,0,0,GREEN,369,plots\test3_32\0369_chrom314_molinate-2_GREEN.png
test3_35,atrazine-2,196,1,1,0,0,GREEN,370,plots\test3_35\0370_chrom196_atrazine-2_GREEN.png
test3_32,bioresmethrin-1,689,1,1,0,0,GREEN,371,plots\test3_32\0371_chrom689_bioresmethrin-1_GREEN.png
test3_22,phorate sulfoxide-2,184,1,1,0,0,GREEN,372,plots\test3_22\0372_chrom184_phorate sulfoxide-2_GREEN.png
test3_50,methoxyfenozide-1,367,1,1,0,0,GREEN,373,plots\test3_50\0373_chrom367_methoxyfenozide-1_GREEN.png
test3_42,linuron-2,264,1,1,0,0,GREEN,374,plots\test3_42\0374_chrom264_linuron-2_GREEN.png
test3_54,difenoconazole-2,550,1,1,0,0,GREEN,375,plots\test3_54\0375_chrom550_difenoconazole-2_GREEN.png
test3_11,cyclosulfamuron-2,392,1,1,0,0,GREEN,376,plots\test3_11\0376_chrom392_cyclosulfamuron-2_GREEN.png
test3_26,cyantraniliprole-1,169,1,1,0,0,GREEN,377,plots\test3_26\0377_chrom169_cyantraniliprole-1_GREEN.png
test3_13,methoprene-2,694,3,1,0,2,RED,378,plots\test3_13\0378_chrom694_methoprene-2_RED.png
test3_56,diflubenzuron-1,399,2,1,0,1,RED,379,plots\test3_56\0379_chrom399_diflubenzuron-1_RED.png
test3_48,pyrametostrobin-1,483,1,1,0,0,GREEN,380,plots\test3_48\0380_chrom483_pyrametostrobin-1_GREEN.png
test3_20,fensulfothion sulfone-2,234,1,1,0,0,GREEN,381,plots\test3_20\0381_chrom234_fensulfothion sulfone-2_GREEN.png
test3_12,pirimicarb-desmethyl-formamido-2,142,1,1,0,1,YELLOW,382,plots\test3_12\0382_chrom142_pirimicarb-desmethyl-formamido-2_YELLOW.png
test3_31,phorate sulfone-2,192,1,1,0,0,GREEN,383,plots\test3_31\0383_chrom192_phorate sulfone-2_GREEN.png
test3_18,phosmet oxon-1,97,1,1,0,0,GREEN,384,plots\test3_18\0384_chrom097_phosmet oxon-1_GREEN.png
test3_39,alachlor-1,381,1,1,0,0,GREEN,385,plots\test3_39\0385_chrom381_alachlor-1_GREEN.png
test3_54,triadimenol-2,348,1,1,0,0,GREEN,386,plots\test3_54\0386_chrom348_triadimenol-2_GREEN.png
test3_33,fenamidone-1,289,1,1,0,0,GREEN,387,plots\test3_33\0387_chrom289_fenamidone-1_GREEN.png
test3_35,heptenophos-1,221,1,1,0,0,GREEN,388,plots\test3_35\0388_chrom221_heptenophos-1_GREEN.png
test3_49,cyprodinil-2,420,2,1,0,2,RED,389,plots\test3_49\0389_chrom420_cyprodinil-2_RED.png
test3_16,pyrimorph-1,509,1,1,0,0,GREEN,390,plots\test3_16\0390_chrom509_pyrimorph-1_GREEN.png
test3_17,spinosad A-1,555,1,1,0,0,GREEN,391,plots\test3_17\0391_chrom555_spinosad A-1_GREEN.png
test3_46,pyriproxyfen-2,628,1,1,0,0,GREEN,392,plots\test3_46\0392_chrom628_pyriproxyfen-2_GREEN.png
test3_43,spirotetramat-1,403,1,1,0,0,GREEN,393,plots\test3_43\0393_chrom403_spirotetramat-1_GREEN.png
test3_47,isazofos-1,357,1,1,0,0,GREEN,394,plots\test3_47\0394_chrom357_isazofos-1_GREEN.png
test3_46,phosalone-2,520,1,1,0,0,GREEN,395,plots\test3_46\0395_chrom520_phosalone-2_GREEN.png
test3_9,fensulfothion sulfone-2,234,1,1,0,0,GREEN,396,plots\test3_9\0396_chrom234_fensulfothion sulfone-2_GREEN.png
test3_39,fensulfothion oxon sulfone-2,90,1,1,0,0,GREEN,397,plots\test3_39\0397_chrom090_fensulfothion oxon sulfone-2_GREEN.png
test3_37,thiophanate-methyl-2,120,1,1,0,0,GREEN,398,plots\test3_37\0398_chrom120_thiophanate-methyl-2_GREEN.png
test3_44,lactofen-1,633,1,1,0,0,GREEN,399,plots\test3_44\0399_chrom633_lactofen-1_GREEN.png
test3_3,prometryn-2,338,1,1,0,0,GREEN,400,plots\test3_3\0400_chrom338_prometryn-2_GREEN.png
test3_38,pirimicarb-1,167,1,1,0,0,GREEN,401,plots\test3_38\0401_chrom167_pirimicarb-1_GREEN.png
test3_6,carboxin-1,159,1,1,0,0,GREEN,402,plots\test3_6\0402_chrom159_carboxin-1_GREEN.png
test3_3,oxadiargyl-2,516,3,1,0,2,RED,403,plots\test3_3\0403_chrom516_oxadiargyl-2_RED.png
test3_41,cadusafos-2,552,1,1,0,0,GREEN,404,plots\test3_41\0404_chrom552_cadusafos-2_GREEN.png
test3_34,methiocarb sulfoxide-2,48,1,1,0,0,GREEN,405,plots\test3_34\0405_chrom048_methiocarb sulfoxide-2_GREEN.png
test3_52,benazolin-ethyl-1,269,1,1,0,0,GREEN,406,plots\test3_52\0406_chrom269_benazolin-ethyl-1_GREEN.png
test3_12,pencycuron-1,537,1,1,0,0,GREEN,407,plots\test3_12\0407_chrom537_pencycuron-1_GREEN.png
test3_24,probenazole-1,111,1,1,0,0,GREEN,408,plots\test3_24\0408_chrom111_probenazole-1_GREEN.png
test3_20,oxadiargyl-1,515,1,1,0,0,GREEN,409,plots\test3_20\0409_chrom515_oxadiargyl-1_GREEN.png
test3_42,forchlorfenuron-2,214,1,1,0,0,GREEN,410,plots\test3_42\0410_chrom214_forchlorfenuron-2_GREEN.png
test3_25,pyriftalid-1,271,1,1,0,0,GREEN,411,plots\test3_25\0411_chrom271_pyriftalid-1_GREEN.png
test3_29,pyridalyl-1,701,1,1,0,0,GREEN,412,plots\test3_29\0412_chrom701_pyridalyl-1_GREEN.png
test3_39,isoprothiolane-1,327,1,1,0,0,GREEN,413,plots\test3_39\0413_chrom327_isoprothiolane-1_GREEN.png
test3_43,chlortoluron-2,176,1,1,0,0,GREEN,414,plots\test3_43\0414_chrom176_chlortoluron-2_GREEN.png
test3_20,florasulam-1,83,1,1,0,0,GREEN,415,plots\test3_20\0415_chrom083_florasulam-1_GREEN.png
test3_23,chlorimuron-ethyl-1,325,1,1,0,0,GREEN,416,plots\test3_23\0416_chrom325_chlorimuron-ethyl-1_GREEN.png
test3_51,spirotetramat-enol-2,36,1,1,0,0,GREEN,417,plots\test3_51\0417_chrom036_spirotetramat-enol-2_GREEN.png
test3_25,chlorfluazuron-2,680,1,1,0,0,GREEN,418,plots\test3_25\0418_chrom680_chlorfluazuron-2_GREEN.png
test3_21,saflufenacil-1,287,1,1,0,0,GREEN,419,plots\test3_21\0419_chrom287_saflufenacil-1_GREEN.png
test3_40,flubendiamide-1,503,1,1,0,0,GREEN,420,plots\test3_40\0420_chrom503_flubendiamide-1_GREEN.png
test3_54,triallate-1,639,1,1,0,0,GREEN,421,plots\test3_54\0421_chrom639_triallate-1_GREEN.png
test3_15,tolfenpyrad-1,631,1,1,0,0,GREEN,422,plots\test3_15\0422_chrom631_tolfenpyrad-1_GREEN.png
test3_26,bensulfuron-methyl-2,274,1,1,0,0,GREEN,423,plots\test3_26\0423_chrom274_bensulfuron-methyl-2_GREEN.png
test3_26,Penflufen-1,467,1,1,0,0,GREEN,424,plots\test3_26\0424_chrom467_Penflufen-1_GREEN.png
test3_15,tebuconazole-1,465,2,1,1,0,GREEN,425,plots\test3_15\0425_chrom465_tebuconazole-1_GREEN.png
test3_14,myclobutanil-2,334,1,1,0,1,YELLOW,426,plots\test3_14\0426_chrom334_myclobutanil-2_YELLOW.png
test3_36,tolclofos-methyl-1,501,1,1,0,0,GREEN,427,plots\test3_36\0427_chrom501_tolclofos-methyl-1_GREEN.png
test3_23,diuron-1,205,1,1,0,0,GREEN,428,plots\test3_23\0428_chrom205_diuron-1_GREEN.png
test3_12,triallate-1,639,4,1,2,1,RED,429,plots\test3_12\0429_chrom639_triallate-1_RED.png
test3_52,propoxur-1,129,1,1,0,0,GREEN,430,plots\test3_52\0430_chrom129_propoxur-1_GREEN.png
test3_15,penoxsulam-2,172,1,1,0,0,GREEN,431,plots\test3_15\0431_chrom172_penoxsulam-2_GREEN.png
test3_35,isoprothiolane-1,327,1,1,0,0,GREEN,432,plots\test3_35\0432_chrom327_isoprothiolane-1_GREEN.png
test3_47,sedaxane-1,345,2,1,0,1,RED,433,plots\test3_47\0433_chrom345_sedaxane-1_RED.png
test3_21,orthosulfamuron-1,225,1,1,0,0,GREEN,434,plots\test3_21\0434_chrom225_orthosulfamuron-1_GREEN.png
test3_35,probenazole-1,111,1,1,0,0,GREEN,435,plots\test3_35\0435_chrom111_probenazole-1_GREEN.png
test3_12,methidathion-1,235,4,1,0,4,RED,436,plots\test3_12\0436_chrom235_methidathion-1_RED.png
test3_20,propamocarb-1,3,1,1,0,0,GREEN,437,plots\test3_20\0437_chrom003_propamocarb-1_GREEN.png
test3_7,dimepiperate-2,544,2,1,0,2,RED,438,plots\test3_7\0438_chrom544_dimepiperate-2_RED.png
test3_30,isoproturon-2,204,1,1,0,0,GREEN,439,plots\test3_30\0439_chrom204_isoproturon-2_GREEN.png
test3_25,pirimicarb-desmethyl-formamido-2,142,1,1,0,0,GREEN,440,plots\test3_25\0440_chrom142_pirimicarb-desmethyl-formamido-2_GREEN.png
test3_48,triasulfuron-1,117,1,1,0,0,GREEN,441,plots\test3_48\0441_chrom117_triasulfuron-1_GREEN.png
test3_43,hexaflumuron-2,584,1,1,0,0,GREEN,442,plots\test3_43\0442_chrom584_hexaflumuron-2_GREEN.png
test3_33,tralkoxydim-2,652,1,1,0,1,YELLOW,443,plots\test3_33\0443_chrom652_tralkoxydim-2_YELLOW.png
test3_49,clethodim sulfone-2,232,1,1,0,0,GREEN,444,plots\test3_49\0444_chrom232_clethodim sulfone-2_GREEN.png
test3_36,disulfoton sulfoxide-1,179,1,1,0,0,GREEN,445,plots\test3_36\0445_chrom179_disulfoton sulfoxide-1_GREEN.png
test3_55,isopyrazam-2,554,1,1,0,0,GREEN,446,plots\test3_55\0446_chrom554_isopyrazam-2_GREEN.png
test3_7,flutriafol-2,194,4,1,0,4,RED,447,plots\test3_7\0447_chrom194_flutriafol-2_RED.png
test3_31,etrimfos-2,456,1,1,0,0,GREEN,448,plots\test3_31\0448_chrom456_etrimfos-2_GREEN.png
test3_22,tebuthiuron-1,155,1,1,0,0,GREEN,449,plots\test3_22\0449_chrom155_tebuthiuron-1_GREEN.png
test3_18,dimoxystrobin-1,435,1,1,0,0,GREEN,450,plots\test3_18\0450_chrom435_dimoxystrobin-1_GREEN.png
test3_18,fluthiacet-methyl-1,459,1,1,0,0,GREEN,451,plots\test3_18\0451_chrom459_fluthiacet-methyl-1_GREEN.png
test3_7,pyrethrins I-2,678,1,1,0,1,YELLOW,452,plots\test3_7\0452_chrom678_pyrethrins I-2_YELLOW.png
test3_27,dicrotophos-1,33,1,1,0,0,GREEN,453,plots\test3_27\0453_chrom033_dicrotophos-1_GREEN.png
test3_33,halosulfuron-methyl-1,301,1,1,0,0,GREEN,454,plots\test3_33\0454_chrom301_halosulfuron-methyl-1_GREEN.png
test3_48,methomyl-1,5,1,1,0,0,GREEN,455,plots\test3_48\0455_chrom005_methomyl-1_GREEN.png
test3_52,bitertanol-2,526,2,1,0,1,RED,456,plots\test3_52\0456_chrom526_bitertanol-2_RED.png
test3_52,fenpyrazamine-1,369,1,1,0,0,GREEN,457,plots\test3_52\0457_chrom369_fenpyrazamine-1_GREEN.png
test3_13,methidathion-1,235,2,1,0,1,RED,458,plots\test3_13\0458_chrom235_methidathion-1_RED.png
test3_50,fenpropathrin-2,672,1,1,0,0,GREEN,459,plots\test3_50\0459_chrom672_fenpropathrin-2_GREEN.png
test3_29,dicrotophos-2,34,1,1,0,0,GREEN,460,plots\test3_29\0460_chrom034_dicrotophos-2_GREEN.png
test3_33,ethirimol-2,146,1,1,0,0,GREEN,461,plots\test3_33\0461_chrom146_ethirimol-2_GREEN.png
test3_28,carboxin-1,159,1,1,0,0,GREEN,462,plots\test3_28\0462_chrom159_carboxin-1_GREEN.png
test3_46,metolachlor-1,395,1,1,0,0,GREEN,463,plots\test3_46\0463_chrom395_metolachlor-1_GREEN.png
test3_23,spinosad D-1,589,1,1,0,0,GREEN,464,plots\test3_23\0464_chrom589_spinosad D-1_GREEN.png
test3_9,penoxsulam-2,172,1,1,0,0,GREEN,465,plots\test3_9\0465_chrom172_penoxsulam-2_GREEN.png
test3_8,azoxystrobin-1,309,1,1,0,0,GREEN,466,plots\test3_8\0466_chrom309_azoxystrobin-1_GREEN.png
test3_39,penthiopyrad-1,481,1,1,0,0,GREEN,467,plots\test3_39\0467_chrom481_penthiopyrad-1_GREEN.png
test3_38,oxadiargyl-2,516,1,1,0,0,GREEN,468,plots\test3_38\0468_chrom516_oxadiargyl-2_GREEN.png
test3_33,nitenpyram-2,16,1,1,0,0,GREEN,469,plots\test3_33\0469_chrom016_nitenpyram-2_GREEN.png
test3_12,flusilazole-2,430,1,1,0,0,GREEN,470,plots\test3_12\0470_chrom430_flusilazole-2_GREEN.png
test3_13,fenoxanil-1,421,3,1,0,2,RED,471,plots\test3_13\0471_chrom421_fenoxanil-1_RED.png
test3_15,cyflumetofen-1,609,1,1,0,0,GREEN,472,plots\test3_15\0472_chrom609_cyflumetofen-1_GREEN.png
test3_52,formothion-1,95,1,1,0,0,GREEN,473,plots\test3_52\0473_chrom095_formothion-1_GREEN.png
test3_52,simazine-2,138,1,1,0,0,GREEN,474,plots\test3_52\0474_chrom138_simazine-2_GREEN.png
test3_34,iprobenfos-2,470,1,1,0,0,GREEN,475,plots\test3_34\0475_chrom470_iprobenfos-2_GREEN.png
test3_28,ametoctradin-1,547,1,1,0,0,GREEN,476,plots\test3_28\0476_chrom547_ametoctradin-1_GREEN.png
test3_46,propargite-2,666,1,1,0,0,GREEN,477,plots\test3_46\0477_chrom666_propargite-2_GREEN.png
test3_42,pyrametostrobin-1,483,1,1,0,0,GREEN,478,plots\test3_42\0478_chrom483_pyrametostrobin-1_GREEN.png
test3_50,triadimefon-1,343,1,1,0,0,GREEN,479,plots\test3_50\0479_chrom343_triadimefon-1_GREEN.png
test3_39,pyraflufen-ethyl-2,500,1,1,0,0,GREEN,480,plots\test3_39\0480_chrom500_pyraflufen-ethyl-2_GREEN.png
test3_31,sedaxane-1,345,2,1,0,1,RED,481,plots\test3_31\0481_chrom345_sedaxane-1_RED.png
test3_9,flonicamid-1,23,1,1,0,1,YELLOW,482,plots\test3_9\0482_chrom023_flonicamid-1_YELLOW.png
test3_30,phorate-2,496,2,1,1,0,GREEN,483,plots\test3_30\0483_chrom496_phorate-2_GREEN.png
test3_44,methamidophos-1,1,2,1,0,1,RED,484,plots\test3_44\0484_chrom001_methamidophos-1_RED.png
test3_49,pirimiphos-methyl-2,514,1,1,0,0,GREEN,485,plots\test3_49\0485_chrom514_pirimiphos-methyl-2_GREEN.png
test3_39,halosulfuron-methyl-2,302,1,1,0,0,GREEN,486,plots\test3_39\0486_chrom302_halosulfuron-methyl-2_GREEN.png
test3_36,paclobutrazol-1,315,2,1,0,1,RED,487,plots\test3_36\0487_chrom315_paclobutrazol-1_RED.png
test3_43,novaluron-1,605,1,1,0,0,GREEN,488,plots\test3_43\0488_chrom605_novaluron-1_GREEN.png
test3_27,tebuconazole-2,466,1,1,0,0,GREEN,489,plots\test3_27\0489_chrom466_tebuconazole-2_GREEN.png
test3_6,isoxaflutole-2,220,1,0,0,1,RED,490,plots\test3_6\0490_chrom220_isoxaflutole-2_RED.png
test3_29,isoxaflutole-1,219,1,1,0,0,GREEN,491,plots\test3_29\0491_chrom219_isoxaflutole-1_GREEN.png
test3_20,fenpropidin-2,228,1,1,0,0,GREEN,492,plots\test3_20\0492_chrom228_fenpropidin-2_GREEN.png
test3_34,fensulfothion oxon sulfone-1,89,1,1,0,0,GREEN,493,plots\test3_34\0493_chrom089_fensulfothion oxon sulfone-1_GREEN.png
test3_50,cinosulfuron-1,107,1,1,0,0,GREEN,494,plots\test3_50\0494_chrom107_cinosulfuron-1_GREEN.png
test3_18,thiabendazole-1,93,1,1,0,0,GREEN,495,plots\test3_18\0495_chrom093_thiabendazole-1_GREEN.png
test3_4,prochloraz metabolite BTS44595-2,488,2,1,1,1,YELLOW,496,plots\test3_4\0496_chrom488_prochloraz metabolite BTS44595-2_YELLOW.png
test3_7,isocarbophos-1,211,1,1,0,1,YELLOW,497,plots\test3_7\0497_chrom211_isocarbophos-1_YELLOW.png
test3_22,spinosad D-1,589,1,1,0,0,GREEN,498,plots\test3_22\0498_chrom589_spinosad D-1_GREEN.png
test3_54,metazachlor-2,208,1,1,0,0,GREEN,499,plots\test3_54\0499_chrom208_metazachlor-2_GREEN.png
test3_10,ametryn-2,252,1,1,0,0,GREEN,500,plots\test3_10\0500_chrom252_ametryn-2_GREEN.png
test3_55,chlorsulfuron-2,144,1,1,0,0,GREEN,501,plots\test3_55\0501_chrom144_chlorsulfuron-2_GREEN.png
test3_45,metsulfuron-methyl-2,128,1,1,0,0,GREEN,502,plots\test3_45\0502_chrom128_metsulfuron-methyl-2_GREEN.png
test3_9,mepronil-1,329,1,1,0,0,GREEN,503,plots\test3_9\0503_chrom329_mepronil-1_GREEN.png
test3_17,demeton-S-sulfoxide-1,67,1,1,0,0,GREEN,504,plots\test3_17\0504_chrom067_demeton-S-sulfoxide-1_GREEN.png
test3_48,mandipropamid-2,336,1,1,0,0,GREEN,505,plots\test3_48\0505_chrom336_mandipropamid-2_GREEN.png
test3_11,bensulfuron-methyl-2,274,1,1,0,0,GREEN,506,plots\test3_11\0506_chrom274_bensulfuron-methyl-2_GREEN.png
test3_46,lufenuron-1,659,1,1,0,0,GREEN,507,plots\test3_46\0507_chrom659_lufenuron-1_GREEN.png
test3_26,phosmet-1,255,1,1,0,0,GREEN,508,plots\test3_26\0508_chrom255_phosmet-1_GREEN.png
test3_55,phenthoate-1,451,3,1,0,2,RED,509,plots\test3_55\0509_chrom451_phenthoate-1_RED.png
test3_5,bioresmethrin-1,689,4,1,0,3,RED,510,plots\test3_5\0510_chrom689_bioresmethrin-1_RED.png
test3_25,3-hydroxy carbofuran-2,52,1,1,0,0,GREEN,511,plots\test3_25\0511_chrom052_3-hydroxy carbofuran-2_GREEN.png
test3_11,fensulfothion sulfone-1,233,1,1,0,1,YELLOW,512,plots\test3_11\0512_chrom233_fensulfothion sulfone-1_YELLOW.png
test3_53,napropamide-1,387,1,1,0,0,GREEN,513,plots\test3_53\0513_chrom387_napropamide-1_GREEN.png
test3_5,oxydemeton-methyl-2,20,2,1,0,2,RED,514,plots\test3_5\0514_chrom020_oxydemeton-methyl-2_RED.png
test3_43,sulfoxaflor-2,66,3,1,1,1,RED,515,plots\test3_43\0515_chrom066_sulfoxaflor-2_RED.png
test3_27,metaflumizone-1,647,1,1,0,0,GREEN,516,plots\test3_27\0516_chrom647_metaflumizone-1_GREEN.png
test3_16,pyrametostrobin-1,483,1,1,0,0,GREEN,517,plots\test3_16\0517_chrom483_pyrametostrobin-1_GREEN.png
test3_37,thiacloprid-2,76,1,1,0,0,GREEN,518,plots\test3_37\0518_chrom076_thiacloprid-2_GREEN.png
test3_48,oxadiazon-2,624,1,1,0,0,GREEN,519,plots\test3_48\0519_chrom624_oxadiazon-2_GREEN.png
test3_4,pirimicarb-1,167,1,1,0,0,GREEN,520,plots\test3_4\0520_chrom167_pirimicarb-1_GREEN.png
test3_44,simetryn-2,178,1,1,0,0,GREEN,521,plots\test3_44\0521_chrom178_simetryn-2_GREEN.png
test3_13,bensulfuron-methyl-1,273,1,1,0,0,GREEN,522,plots\test3_13\0522_chrom273_bensulfuron-methyl-1_GREEN.png
test3_40,fonofos-1,461,1,1,0,0,GREEN,523,plots\test3_40\0523_chrom461_fonofos-1_GREEN.png
test3_3,methoprene-1,693,2,1,0,1,RED,524,plots\test3_3\0524_chrom693_methoprene-1_RED.png
test3_29,halosulfuron-methyl-1,301,1,1,0,0,GREEN,525,plots\test3_29\0525_chrom301_halosulfuron-methyl-1_GREEN.png
test3_13,simazine-1,137,1,1,0,0,GREEN,526,plots\test3_13\0526_chrom137_simazine-1_GREEN.png
test3_22,pyriproxyfen-1,627,1,1,0,0,GREEN,527,plots\test3_22\0527_chrom627_pyriproxyfen-1_GREEN.png
test3_16,phoxim-1,437,1,1,0,0,GREEN,528,plots\test3_16\0528_chrom437_phoxim-1_GREEN.png
test3_46,pirimicarb-desmethyl-1,81,1,1,0,0,GREEN,529,plots\test3_46\0529_chrom081_pirimicarb-desmethyl-1_GREEN.png
test3_12,enestroburin-1,611,1,1,0,0,GREEN,530,plots\test3_12\0530_chrom611_enestroburin-1_GREEN.png
test3_23,fluthiacet-methyl-1,459,1,1,0,0,GREEN,531,plots\test3_23\0531_chrom459_fluthiacet-methyl-1_GREEN.png
test3_55,difenoconazole-2,550,1,1,0,0,GREEN,532,plots\test3_55\0532_chrom550_difenoconazole-2_GREEN.png
test3_36,thiamethoxam-1,25,1,1,0,0,GREEN,533,plots\test3_36\0533_chrom025_thiamethoxam-1_GREEN.png
test3_43,triticonazole-2,374,1,1,0,0,GREEN,534,plots\test3_43\0534_chrom374_triticonazole-2_GREEN.png
test3_51,acetamiprid-2,58,1,1,0,0,GREEN,535,plots\test3_51\0535_chrom058_acetamiprid-2_GREEN.png
test3_46,Fenoxycarb-1,425,1,1,0,0,GREEN,536,plots\test3_46\0536_chrom425_Fenoxycarb-1_GREEN.png
test3_45,diuron-2,206,1,1,0,0,GREEN,537,plots\test3_45\0537_chrom206_diuron-2_GREEN.png
test3_22,spirodiclofen-1,683,4,1,1,2,RED,538,plots\test3_22\0538_chrom683_spirodiclofen-1_RED.png
test3_31,fensulfothion oxon sulfone-2,90,1,1,0,0,GREEN,539,plots\test3_31\0539_chrom090_fensulfothion oxon sulfone-2_GREEN.png
test3_19,omethoate-1,7,1,1,0,0,GREEN,540,plots\test3_19\0540_chrom007_omethoate-1_GREEN.png
test3_28,simazine-2,138,1,1,0,0,GREEN,541,plots\test3_28\0541_chrom138_simazine-2_GREEN.png
test3_50,malathion-1,331,1,1,0,0,GREEN,542,plots\test3_50\0542_chrom331_malathion-1_GREEN.png
test3_23,methamidophos-1,1,2,1,0,1,RED,543,plots\test3_23\0543_chrom001_methamidophos-1_RED.png
test3_38,tebuconazole-2,466,1,1,0,0,GREEN,544,plots\test3_38\0544_chrom466_tebuconazole-2_GREEN.png
test3_36,cadusafos-1,551,1,1,0,0,GREEN,545,plots\test3_36\0545_chrom551_cadusafos-1_GREEN.png
test3_23,boscalid-1,305,1,1,0,0,GREEN,546,plots\test3_23\0546_chrom305_boscalid-1_GREEN.png
test3_7,Chloridazon-1,71,5,1,1,3,RED,547,plots\test3_7\0547_chrom071_Chloridazon-1_RED.png
test3_4,chlorfluazuron-1,679,1,1,0,0,GREEN,548,plots\test3_4\0548_chrom679_chlorfluazuron-1_GREEN.png
test3_21,terbuthylazine-2,296,1,1,0,0,GREEN,549,plots\test3_21\0549_chrom296_terbuthylazine-2_GREEN.png
test3_4,pyrimorph-2,510,1,1,0,0,GREEN,550,plots\test3_4\0550_chrom510_pyrimorph-2_GREEN.png
test3_38,EPN-2,546,2,1,1,0,GREEN,551,plots\test3_38\0551_chrom546_EPN-2_GREEN.png
test3_12,edifenphos-2,494,1,1,0,0,GREEN,552,plots\test3_12\0552_chrom494_edifenphos-2_GREEN.png
test3_20,oxydemeton-methyl-2,20,2,1,0,2,RED,553,plots\test3_20\0553_chrom020_oxydemeton-methyl-2_RED.png
test3_17,difenoconazole-1,549,1,1,0,0,GREEN,554,plots\test3_17\0554_chrom549_difenoconazole-1_GREEN.png
test3_33,phenthoate-1,451,2,1,0,1,RED,555,plots\test3_33\0555_chrom451_phenthoate-1_RED.png
test3_34,phosmet oxon-2,98,1,1,0,0,GREEN,556,plots\test3_34\0556_chrom098_phosmet oxon-2_GREEN.png
test3_20,fosthiazate-2,174,1,1,0,0,GREEN,557,plots\test3_20\0557_chrom174_fosthiazate-2_GREEN.png
test3_50,fluopicolide-1,321,1,1,0,0,GREEN,558,plots\test3_50\0558_chrom321_fluopicolide-1_GREEN.png
test3_6,trichlorfon-1,59,3,1,0,2,RED,559,plots\test3_6\0559_chrom059_trichlorfon-1_RED.png
test3_35,3-hydroxy carbofuran-2,52,1,1,0,0,GREEN,560,plots\test3_35\0560_chrom052_3-hydroxy carbofuran-2_GREEN.png
test3_38,carboxin-2,160,1,1,0,0,GREEN,561,plots\test3_38\0561_chrom160_carboxin-2_GREEN.png
test3_53,imidaclothiz-1,45,1,1,0,0,GREEN,562,plots\test3_53\0562_chrom045_imidaclothiz-1_GREEN.png
test3_18,penoxsulam-2,172,1,1,0,0,GREEN,563,plots\test3_18\0563_chrom172_penoxsulam-2_GREEN.png
test3_47,spinosad A-1,555,1,1,0,0,GREEN,564,plots\test3_47\0564_chrom555_spinosad A-1_GREEN.png
test3_18,bifenthrin-2,700,3,1,0,2,RED,565,plots\test3_18\0565_chrom700_bifenthrin-2_RED.png
test3_10,triadimefon-1,343,1,1,0,0,GREEN,566,plots\test3_10\0566_chrom343_triadimefon-1_GREEN.png
test3_10,fenthion-2,454,1,1,0,1,YELLOW,567,plots\test3_10\0567_chrom454_fenthion-2_YELLOW.png
test3_15,florasulam-2,84,1,1,0,0,GREEN,568,plots\test3_15\0568_chrom084_florasulam-2_GREEN.png
test3_47,propaquizafop-1,625,1,1,0,0,GREEN,569,plots\test3_47\0569_chrom625_propaquizafop-1_GREEN.png
test3_14,dichlorvos-1,115,2,1,0,2,RED,570,plots\test3_14\0570_chrom115_dichlorvos-1_RED.png
test3_23,hexaconazole-1,485,1,1,0,0,GREEN,571,plots\test3_23\0571_chrom485_hexaconazole-1_GREEN.png
test3_47,monocrotophos-2,30,1,1,0,0,GREEN,572,plots\test3_47\0572_chrom030_monocrotophos-2_GREEN.png
test3_8,promecarb-1,261,2,1,0,2,RED,573,plots\test3_8\0573_chrom261_promecarb-1_RED.png
test3_26,atrazine-1,195,1,1,0,0,GREEN,574,plots\test3_26\0574_chrom195_atrazine-1_GREEN.png
test3_34,florasulam-1,83,1,1,0,0,GREEN,575,plots\test3_34\0575_chrom083_florasulam-1_GREEN.png
test3_34,phenmedipham-2,250,1,1,0,0,GREEN,576,plots\test3_34\0576_chrom250_phenmedipham-2_GREEN.png
test3_54,fensulfothion oxon sulfone-2,90,1,1,0,0,GREEN,577,plots\test3_54\0577_chrom090_fensulfothion oxon sulfone-2_GREEN.png
test3_20,tebufenozide-2,464,2,1,0,1,RED,578,plots\test3_20\0578_chrom464_tebufenozide-2_RED.png
test3_9,methamidophos-2,2,4,1,0,4,RED,579,plots\test3_9\0579_chrom002_methamidophos-2_RED.png
test3_12,mefenacet-2,356,1,1,0,1,YELLOW,580,plots\test3_12\0580_chrom356_mefenacet-2_YELLOW.png
test3_12,mevinphos-2,80,1,1,0,1,YELLOW,581,plots\test3_12\0581_chrom080_mevinphos-2_YELLOW.png
test3_33,spirotetramat-enol-2,36,1,1,0,0,GREEN,582,plots\test3_33\0582_chrom036_spirotetramat-enol-2_GREEN.png
test3_39,simetryn-1,177,1,1,0,0,GREEN,583,plots\test3_39\0583_chrom177_simetryn-1_GREEN.png
test3_15,dimoxystrobin-2,436,1,1,0,0,GREEN,584,plots\test3_15\0584_chrom436_dimoxystrobin-2_GREEN.png
test3_30,fenthion sulfone-1,165,1,1,0,0,GREEN,585,plots\test3_30\0585_chrom165_fenthion sulfone-1_GREEN.png
test3_16,oxyfluorfen-2,604,1,1,0,0,GREEN,586,plots\test3_16\0586_chrom604_oxyfluorfen-2_GREEN.png
test3_23,fenoxaprop-P-ethyl-2,592,1,1,0,0,GREEN,587,plots\test3_23\0587_chrom592_fenoxaprop-P-ethyl-2_GREEN.png
test3_52,phosphamidon-1,103,1,1,0,0,GREEN,588,plots\test3_52\0588_chrom103_phosphamidon-1_GREEN.png
test3_17,Proquinazid-2,676,1,1,0,0,GREEN,589,plots\test3_17\0589_chrom676_Proquinazid-2_GREEN.png
test3_19,butralin-1,661,1,1,0,0,GREEN,590,plots\test3_19\0590_chrom661_butralin-1_GREEN.png
test3_39,methoprene-1,693,1,1,0,0,GREEN,591,plots\test3_39\0591_chrom693_methoprene-1_GREEN.png
test3_45,sulfentrazone-1,153,1,1,0,0,GREEN,592,plots\test3_45\0592_chrom153_sulfentrazone-1_GREEN.png
test3_8,cyflufenamid-1,539,1,1,0,0,GREEN,593,plots\test3_8\0593_chrom539_cyflufenamid-1_GREEN.png
test3_39,bitertanol-2,526,2,1,0,1,RED,594,plots\test3_39\0594_chrom526_bitertanol-2_RED.png
test3_23,pirimiphos-methyl-1,513,1,1,0,0,GREEN,595,plots\test3_23\0595_chrom513_pirimiphos-methyl-1_GREEN.png
test3_3,hexaflumuron-2,584,3,1,1,1,RED,596,plots\test3_3\0596_chrom584_hexaflumuron-2_RED.png
test3_49,cyprodinil-1,419,1,1,0,0,GREEN,597,plots\test3_49\0597_chrom419_cyprodinil-1_GREEN.png
test3_20,malathion-2,332,4,1,0,3,RED,598,plots\test3_20\0598_chrom332_malathion-2_RED.png
test3_36,fenpropimorph-1,291,1,1,0,0,GREEN,599,plots\test3_36\0599_chrom291_fenpropimorph-1_GREEN.png
test3_23,propargite-2,666,2,1,0,1,RED,600,plots\test3_23\0600_chrom666_propargite-2_RED.png
test3_18,boscalid-2,306,1,1,0,0,GREEN,601,plots\test3_18\0601_chrom306_boscalid-2_GREEN.png
test3_10,fluopyram-1,371,1,1,0,0,GREEN,602,plots\test3_10\0602_chrom371_fluopyram-1_GREEN.png
test3_37,propachlor-2,210,1,1,0,0,GREEN,603,plots\test3_37\0603_chrom210_propachlor-2_GREEN.png
test3_39,spirotetramat-mono-hydroxy-2,132,1,1,0,0,GREEN,604,plots\test3_39\0604_chrom132_spirotetramat-mono-hydroxy-2_GREEN.png
test3_4,Dimethenamid-P-2,294,2,1,1,1,YELLOW,605,plots\test3_4\0605_chrom294_Dimethenamid-P-2_YELLOW.png
test3_43,demeton-S-methyl-2,182,1,1,0,0,GREEN,606,plots\test3_43\0606_chrom182_demeton-S-methyl-2_GREEN.png
test3_52,metamitron-1,63,1,1,0,0,GREEN,607,plots\test3_52\0607_chrom063_metamitron-1_GREEN.png
test3_3,bupirimate-2,424,1,1,0,0,GREEN,608,plots\test3_3\0608_chrom424_bupirimate-2_GREEN.png
test3_43,disulfoton sulfoxide-2,180,1,1,0,0,GREEN,609,plots\test3_43\0609_chrom180_disulfoton sulfoxide-2_GREEN.png
test3_19,fluazifop-2,618,1,1,0,0,GREEN,610,plots\test3_19\0610_chrom618_fluazifop-2_GREEN.png
test3_6,iprobenfos-1,469,2,1,0,1,RED,611,plots\test3_6\0611_chrom469_iprobenfos-1_RED.png
test3_10,bifenthrin-2,700,4,1,0,4,RED,612,plots\test3_10\0612_chrom700_bifenthrin-2_RED.png
test3_11,triflumizole-2,566,2,1,0,1,RED,613,plots\test3_11\0613_chrom566_triflumizole-2_RED.png
test3_51,fonofos-2,462,1,1,0,0,GREEN,614,plots\test3_51\0614_chrom462_fonofos-2_GREEN.png
test3_21,penoxsulam-2,172,1,1,0,0,GREEN,615,plots\test3_21\0615_chrom172_penoxsulam-2_GREEN.png
test3_20,tebufenozide-1,463,2,1,0,2,RED,616,plots\test3_20\0616_chrom463_tebufenozide-1_RED.png
test3_44,etoxazole-2,670,1,1,0,0,GREEN,617,plots\test3_44\0617_chrom670_etoxazole-2_GREEN.png
test3_52,fenamiphos sulfone-1,161,1,1,0,0,GREEN,618,plots\test3_52\0618_chrom161_fenamiphos sulfone-1_GREEN.png
test3_31,demeton-S-sulfoxide-1,67,1,1,0,0,GREEN,619,plots\test3_31\0619_chrom067_demeton-S-sulfoxide-1_GREEN.png
test3_38,chromafenozide-1,407,1,1,0,0,GREEN,620,plots\test3_38\0620_chrom407_chromafenozide-1_GREEN.png
test3_56,triflumuron-1,523,1,1,0,0,GREEN,621,plots\test3_56\0621_chrom523_triflumuron-1_GREEN.png
test3_23,profenofos-2,580,2,1,0,1,RED,622,plots\test3_23\0622_chrom580_profenofos-2_RED.png
test3_48,teflubenzuron-1,601,1,0,0,1,RED,623,plots\test3_48\0623_chrom601_teflubenzuron-1_RED.png
test3_45,isopyrazam-2,554,1,1,0,0,GREEN,624,plots\test3_45\0624_chrom554_isopyrazam-2_GREEN.png
test3_55,phorate sulfone-1,191,1,1,0,0,GREEN,625,plots\test3_55\0625_chrom191_phorate sulfone-1_GREEN.png
test3_18,myclobutanil-1,333,1,1,0,0,GREEN,626,plots\test3_18\0626_chrom333_myclobutanil-1_GREEN.png
test3_37,triflumuron-2,524,1,1,0,0,GREEN,627,plots\test3_37\0627_chrom524_triflumuron-2_GREEN.png
test3_26,Diclobutrazol-1,449,2,1,0,1,RED,628,plots\test3_26\0628_chrom449_Diclobutrazol-1_RED.png
test3_48,cyproconazole-2,410,2,1,0,1,RED,629,plots\test3_48\0629_chrom410_cyproconazole-2_RED.png
test3_46,flufenoxuron-1,667,1,1,0,0,GREEN,630,plots\test3_46\0630_chrom667_flufenoxuron-1_GREEN.png
test3_44,difenoconazole-2,550,1,1,0,0,GREEN,631,plots\test3_44\0631_chrom550_difenoconazole-2_GREEN.png
test3_16,tolfenpyrad-2,632,1,1,0,0,GREEN,632,plots\test3_16\0632_chrom632_tolfenpyrad-2_GREEN.png
test3_14,flonicamid-1,23,1,1,0,0,GREEN,633,plots\test3_14\0633_chrom023_flonicamid-1_GREEN.png
test3_33,flufenacet-2,384,1,1,0,0,GREEN,634,plots\test3_33\0634_chrom384_flufenacet-2_GREEN.png
test3_19,metazosulfuron-2,242,1,1,0,0,GREEN,635,plots\test3_19\0635_chrom242_metazosulfuron-2_GREEN.png
test3_3,piperonyl butoxide-1,637,3,1,0,3,RED,636,plots\test3_3\0636_chrom637_piperonyl butoxide-1_RED.png
test3_11,dimethoate-2,62,1,1,0,0,GREEN,637,plots\test3_11\0637_chrom062_dimethoate-2_GREEN.png
test3_46,terbufos-2,596,2,1,1,0,GREEN,638,plots\test3_46\0638_chrom596_terbufos-2_GREEN.png
test3_26,tricyclazole-2,92,1,1,0,0,GREEN,639,plots\test3_26\0639_chrom092_tricyclazole-2_GREEN.png
test3_9,tralkoxydim-1,651,1,1,0,1,RED,640,plots\test3_9\0640_chrom651_tralkoxydim-1_RED.png
test3_5,cyflufenamid-2,540,1,1,0,0,GREEN,641,plots\test3_5\0641_chrom540_cyflufenamid-2_GREEN.png
test3_56,phosmet oxon-2,98,2,1,0,1,RED,642,plots\test3_56\0642_chrom098_phosmet oxon-2_RED.png
test3_8,chlorsulfuron-2,144,1,1,0,0,GREEN,643,plots\test3_8\0643_chrom144_chlorsulfuron-2_GREEN.png
test3_56,malathion-1,331,1,1,0,0,GREEN,644,plots\test3_56\0644_chrom331_malathion-1_GREEN.png
test3_47,terbufos sulfoxide-2,284,1,1,0,0,GREEN,645,plots\test3_47\0645_chrom284_terbufos sulfoxide-2_GREEN.png
test3_30,tau-fluvalinate-2,692,2,1,0,1,RED,646,plots\test3_30\0646_chrom692_tau-fluvalinate-2_RED.png
test3_41,fenpropidin-2,228,1,1,0,0,GREEN,647,plots\test3_41\0647_chrom228_fenpropidin-2_GREEN.png
test3_22,triflusulfuron-methyl-2,354,1,1,0,0,GREEN,648,plots\test3_22\0648_chrom354_triflusulfuron-methyl-2_GREEN.png
test3_15,methamidophos-1,1,2,1,0,1,RED,649,plots\test3_15\0649_chrom001_methamidophos-1_RED.png
test3_33,benazolin-ethyl-1,269,1,1,0,0,GREEN,650,plots\test3_33\0650_chrom269_benazolin-ethyl-1_GREEN.png
test3_54,pyridalyl-2,702,1,1,0,0,GREEN,651,plots\test3_54\0651_chrom702_pyridalyl-2_GREEN.png
test3_8,cyazofamid-2,402,2,1,0,2,RED,652,plots\test3_8\0652_chrom402_cyazofamid-2_RED.png
test3_16,metalaxyl-2,224,1,1,0,0,GREEN,653,plots\test3_16\0653_chrom224_metalaxyl-2_GREEN.png
test3_11,amidosulfuron-2,150,1,1,0,0,GREEN,654,plots\test3_11\0654_chrom150_amidosulfuron-2_GREEN.png
test3_53,omethoate-2,8,1,1,0,0,GREEN,655,plots\test3_53\0655_chrom008_omethoate-2_GREEN.png
test3_54,ethofumesate-1,281,1,1,0,0,GREEN,656,plots\test3_54\0656_chrom281_ethofumesate-1_GREEN.png
test3_43,bitertanol-1,525,2,1,0,2,RED,657,plots\test3_43\0657_chrom525_bitertanol-1_RED.png
test3_33,ametoctradin-1,547,1,1,0,0,GREEN,658,plots\test3_33\0658_chrom547_ametoctradin-1_GREEN.png
test3_25,isoprothiolane-2,328,1,1,0,0,GREEN,659,plots\test3_25\0659_chrom328_isoprothiolane-2_GREEN.png
test3_27,hexythiazox-2,650,1,1,0,0,GREEN,660,plots\test3_27\0660_chrom650_hexythiazox-2_GREEN.png
test3_45,pyrethrins II-2,586,1,1,0,0,GREEN,661,plots\test3_45\0661_chrom586_pyrethrins II-2_GREEN.png
test3_28,flutriafol-1,193,1,1,0,0,GREEN,662,plots\test3_28\0662_chrom193_flutriafol-1_GREEN.png
test3_41,pyraflufen-ethyl-2,500,1,1,0,0,GREEN,663,plots\test3_41\0663_chrom500_pyraflufen-ethyl-2_GREEN.png
test3_15,buprofezin-2,620,1,1,0,0,GREEN,664,plots\test3_15\0664_chrom620_buprofezin-2_GREEN.png
test3_41,disulfoton sulfone-2,188,1,1,0,0,GREEN,665,plots\test3_41\0665_chrom188_disulfoton sulfone-2_GREEN.png
test3_14,demeton-S-sulfoxide-1,67,1,1,0,0,GREEN,666,plots\test3_14\0666_chrom067_demeton-S-sulfoxide-1_GREEN.png
test3_19,spinetoram J-1,599,2,1,0,1,RED,667,plots\test3_19\0667_chrom599_spinetoram J-1_RED.png
test3_52,imidaclothiz-1,45,1,1,0,0,GREEN,668,plots\test3_52\0668_chrom045_imidaclothiz-1_GREEN.png
test3_48,myclobutanil-1,333,1,1,0,0,GREEN,669,plots\test3_48\0669_chrom333_myclobutanil-1_GREEN.png
test3_15,flumorph-1,243,1,1,0,0,GREEN,670,plots\test3_15\0670_chrom243_flumorph-1_GREEN.png
test3_37,promecarb-1,261,2,1,0,1,RED,671,plots\test3_37\0671_chrom261_promecarb-1_RED.png
test3_36,atrazine-1,195,1,1,0,0,GREEN,672,plots\test3_36\0672_chrom195_atrazine-1_GREEN.png
test3_20,ethoxysulfuron-2,340,1,1,0,0,GREEN,673,plots\test3_20\0673_chrom340_ethoxysulfuron-2_GREEN.png
test3_29,terbuthylazine-2,296,1,1,0,0,GREEN,674,plots\test3_29\0674_chrom296_terbuthylazine-2_GREEN.png
test3_15,pirimicarb-desmethyl-formamido-2,142,1,1,0,1,YELLOW,675,plots\test3_15\0675_chrom142_pirimicarb-desmethyl-formamido-2_YELLOW.png
test3_43,kresoxim-methyl-2,444,2,1,1,0,GREEN,676,plots\test3_43\0676_chrom444_kresoxim-methyl-2_GREEN.png
test3_53,Diclobutrazol-2,450,3,1,0,2,RED,677,plots\test3_53\0677_chrom450_Diclobutrazol-2_RED.png
test3_55,etrimfos-2,456,1,1,0,0,GREEN,678,plots\test3_55\0678_chrom456_etrimfos-2_GREEN.png
test3_49,ametoctradin-1,547,1,1,0,0,GREEN,679,plots\test3_49\0679_chrom547_ametoctradin-1_GREEN.png
test3_20,fensulfothion oxon-2,86,1,1,0,0,GREEN,680,plots\test3_20\0680_chrom086_fensulfothion oxon-2_GREEN.png
test3_33,iodosulfuron-methyl-sodium-2,230,1,1,0,0,GREEN,681,plots\test3_33\0681_chrom230_iodosulfuron-methyl-sodium-2_GREEN.png
test3_41,isoprothiolane-2,328,1,1,0,0,GREEN,682,plots\test3_41\0682_chrom328_isoprothiolane-2_GREEN.png
test3_16,dicrotophos-2,34,1,1,0,0,GREEN,683,plots\test3_16\0683_chrom034_dicrotophos-2_GREEN.png
test3_17,fenpyroximate-2,682,1,1,0,0,GREEN,684,plots\test3_17\0684_chrom682_fenpyroximate-2_GREEN.png
test3_36,spiromesifen-1,673,1,1,0,0,GREEN,685,plots\test3_36\0685_chrom673_spiromesifen-1_GREEN.png
test3_54,tebuconazole-2,466,1,1,0,0,GREEN,686,plots\test3_54\0686_chrom466_tebuconazole-2_GREEN.png
test3_6,oxadiargyl-2,516,5,1,1,3,RED,687,plots\test3_6\0687_chrom516_oxadiargyl-2_RED.png
test3_11,dicrotophos-2,34,1,1,0,0,GREEN,688,plots\test3_11\0688_chrom034_dicrotophos-2_GREEN.png
test3_38,triazophos-2,362,1,1,0,0,GREEN,689,plots\test3_38\0689_chrom362_triazophos-2_GREEN.png
test3_52,dimoxystrobin-2,436,1,1,0,0,GREEN,690,plots\test3_52\0690_chrom436_dimoxystrobin-2_GREEN.png
test3_8,thiophanate-methyl-1,119,1,1,0,0,GREEN,691,plots\test3_8\0691_chrom119_thiophanate-methyl-1_GREEN.png
test3_39,thiacloprid-2,76,1,1,0,0,GREEN,692,plots\test3_39\0692_chrom076_thiacloprid-2_GREEN.png
test3_52,mesosulfuron-methyl-1,201,1,1,0,0,GREEN,693,plots\test3_52\0693_chrom201_mesosulfuron-methyl-1_GREEN.png
test3_21,promecarb-2,262,1,1,0,0,GREEN,694,plots\test3_21\0694_chrom262_promecarb-2_GREEN.png
test3_4,triazophos-2,362,1,1,0,0,GREEN,695,plots\test3_4\0695_chrom362_triazophos-2_GREEN.png
test3_52,diazinon-2,498,1,1,0,0,GREEN,696,plots\test3_52\0696_chrom498_diazinon-2_GREEN.png
test3_43,acetochlor-1,379,1,1,0,0,GREEN,697,plots\test3_43\0697_chrom379_acetochlor-1_GREEN.png
test3_28,carbendazim-2,56,3,1,1,1,RED,698,plots\test3_28\0698_chrom056_carbendazim-2_RED.png
test3_56,bifenthrin-2,700,3,1,2,0,GREEN,699,plots\test3_56\0699_chrom700_bifenthrin-2_GREEN.png
test3_52,pyraclostrobin-1,529,1,1,0,0,GREEN,700,plots\test3_52\0700_chrom529_pyraclostrobin-1_GREEN.png
test3_44,carboxin-1,159,1,1,0,0,GREEN,701,plots\test3_44\0701_chrom159_carboxin-1_GREEN.png
test3_37,flonicamid-2,24,1,1,0,0,GREEN,702,plots\test3_37\0702_chrom024_flonicamid-2_GREEN.png
test3_11,triazophos-1,361,2,1,0,1,RED,703,plots\test3_11\0703_chrom361_triazophos-1_RED.png
test3_5,chlortoluron-2,176,1,1,0,0,GREEN,704,plots\test3_5\0704_chrom176_chlortoluron-2_GREEN.png
test3_50,penthiopyrad-1,481,1,1,0,0,GREEN,705,plots\test3_50\0705_chrom481_penthiopyrad-1_GREEN.png
test3_50,oxamyl-2,18,1,1,0,0,GREEN,706,plots\test3_50\0706_chrom018_oxamyl-2_GREEN.png
test3_31,diazinon-1,497,1,1,0,0,GREEN,707,plots\test3_31\0707_chrom497_diazinon-1_GREEN.png
test3_53,parathion-2,428,1,1,0,0,GREEN,708,plots\test3_53\0708_chrom428_parathion-2_GREEN.png
test3_18,amisulbrom-1,567,2,1,0,1,RED,709,plots\test3_18\0709_chrom567_amisulbrom-1_RED.png
test3_11,isoprothiolane-2,328,3,1,0,3,RED,710,plots\test3_11\0710_chrom328_isoprothiolane-2_RED.png
test3_55,fluopyram-1,371,1,1,0,0,GREEN,711,plots\test3_55\0711_chrom371_fluopyram-1_GREEN.png
test3_24,silthiofam-1,447,1,1,0,0,GREEN,712,plots\test3_24\0712_chrom447_silthiofam-1_GREEN.png
test3_43,pirimicarb-desmethyl-formamido-1,141,1,1,0,0,GREEN,713,plots\test3_43\0713_chrom141_pirimicarb-desmethyl-formamido-1_GREEN.png
test3_40,iprodione-1,393,1,1,0,0,GREEN,714,plots\test3_40\0714_chrom393_iprodione-1_GREEN.png
test3_24,fenoxanil-1,421,1,1,0,0,GREEN,715,plots\test3_24\0715_chrom421_fenoxanil-1_GREEN.png
test3_25,propamocarb-1,3,1,1,0,0,GREEN,716,plots\test3_25\0716_chrom003_propamocarb-1_GREEN.png
test3_56,cyanazine-1,109,1,1,0,0,GREEN,717,plots\test3_56\0717_chrom109_cyanazine-1_GREEN.png
test3_46,chlordimeform-1,27,1,1,0,1,YELLOW,718,plots\test3_46\0718_chrom027_chlordimeform-1_YELLOW.png
test3_35,clethodim-1,571,1,1,0,0,GREEN,719,plots\test3_35\0719_chrom571_clethodim-1_GREEN.png
test3_4,mesosulfuron-methyl-1,201,1,1,0,0,GREEN,720,plots\test3_4\0720_chrom201_mesosulfuron-methyl-1_GREEN.png
test3_43,omethoate-2,8,1,1,0,1,YELLOW,721,plots\test3_43\0721_chrom008_omethoate-2_YELLOW.png
test3_29,piperonyl butoxide-1,637,1,1,0,0,GREEN,722,plots\test3_29\0722_chrom637_piperonyl butoxide-1_GREEN.png
test3_47,chromafenozide-1,407,1,1,0,0,GREEN,723,plots\test3_47\0723_chrom407_chromafenozide-1_GREEN.png
test3_50,penconazole-1,445,1,1,0,0,GREEN,724,plots\test3_50\0724_chrom445_penconazole-1_GREEN.png
test3_22,fenarimol-2,378,1,1,0,0,GREEN,725,plots\test3_22\0725_chrom378_fenarimol-2_GREEN.png
test3_51,difenoconazole-1,549,1,1,0,0,GREEN,726,plots\test3_51\0726_chrom549_difenoconazole-1_GREEN.png
test3_16,propargite-1,665,1,1,0,0,GREEN,727,plots\test3_16\0727_chrom665_propargite-1_GREEN.png
test3_32,ametoctradin-2,548,1,1,0,0,GREEN,728,plots\test3_32\0728_chrom548_ametoctradin-2_GREEN.png
test3_31,fenthion sulfoxide-2,164,1,1,0,0,GREEN,729,plots\test3_31\0729_chrom164_fenthion sulfoxide-2_GREEN.png
test3_36,metazachlor-2,208,1,1,0,0,GREEN,730,plots\test3_36\0730_chrom208_metazachlor-2_GREEN.png
test3_51,sulfoxaflor-2,66,1,1,0,0,GREEN,731,plots\test3_51\0731_chrom066_sulfoxaflor-2_GREEN.png
test3_27,triflusulfuron-methyl-1,353,1,1,0,0,GREEN,732,plots\test3_27\0732_chrom353_triflusulfuron-methyl-1_GREEN.png
test3_41,chlorbenzuron-1,441,1,1,0,0,GREEN,733,plots\test3_41\0733_chrom441_chlorbenzuron-1_GREEN.png
test3_27,spinosad A-1,555,1,1,0,0,GREEN,734,plots\test3_27\0734_chrom555_spinosad A-1_GREEN.png
test3_20,tolfenpyrad-2,632,1,1,0,0,GREEN,735,plots\test3_20\0735_chrom632_tolfenpyrad-2_GREEN.png
test3_53,chlorfluazuron-1,679,1,1,0,0,GREEN,736,plots\test3_53\0736_chrom679_chlorfluazuron-1_GREEN.png
test3_40,metamitron-2,64,1,1,0,0,GREEN,737,plots\test3_40\0737_chrom064_metamitron-2_GREEN.png
test3_18,penconazole-2,446,1,1,0,0,GREEN,738,plots\test3_18\0738_chrom446_penconazole-2_GREEN.png
test3_42,iprodione-2,394,2,1,0,1,RED,739,plots\test3_42\0739_chrom394_iprodione-2_RED.png
test3_56,bensulfuron-methyl-2,274,1,1,0,0,GREEN,740,plots\test3_56\0740_chrom274_bensulfuron-methyl-2_GREEN.png
test3_14,terbufos sulfoxide-2,284,3,1,0,2,RED,741,plots\test3_14\0741_chrom284_terbufos sulfoxide-2_RED.png
test3_22,pendimethalin-2,646,3,1,1,2,RED,742,plots\test3_22\0742_chrom646_pendimethalin-2_RED.png
test3_14,bromuconazole-2,350,3,1,0,2,RED,743,plots\test3_14\0743_chrom350_bromuconazole-2_RED.png
test3_46,linuron-1,263,1,1,0,0,GREEN,744,plots\test3_46\0744_chrom263_linuron-1_GREEN.png
test3_29,indoxacarb-1,573,1,1,0,0,GREEN,745,plots\test3_29\0745_chrom573_indoxacarb-1_GREEN.png
test3_39,halosulfuron-methyl-1,301,1,1,0,0,GREEN,746,plots\test3_39\0746_chrom301_halosulfuron-methyl-1_GREEN.png
test3_34,fenothiocarb-2,418,1,1,0,0,GREEN,747,plots\test3_34\0747_chrom418_fenothiocarb-2_GREEN.png
test3_45,fluopyram-2,372,1,1,0,0,GREEN,748,plots\test3_45\0748_chrom372_fluopyram-2_GREEN.png
test3_7,flucetosulfuron-1,275,1,1,0,0,GREEN,749,plots\test3_7\0749_chrom275_flucetosulfuron-1_GREEN.png
test3_29,picoxystrobin-1,457,1,1,0,0,GREEN,750,plots\test3_29\0750_chrom457_picoxystrobin-1_GREEN.png
test3_52,fensulfothion-1,217,1,1,0,0,GREEN,751,plots\test3_52\0751_chrom217_fensulfothion-1_GREEN.png
test3_27,fenamiphos sulfone-2,162,1,1,0,0,GREEN,752,plots\test3_27\0752_chrom162_fenamiphos sulfone-2_GREEN.png
test3_48,ethofumesate-2,282,1,1,0,0,GREEN,753,plots\test3_48\0753_chrom282_ethofumesate-2_GREEN.png
test3_15,enestroburin-2,612,1,1,0,0,GREEN,754,plots\test3_15\0754_chrom612_enestroburin-2_GREEN.png
test3_12,thifluzamide-1,413,1,1,0,0,GREEN,755,plots\test3_12\0755_chrom413_thifluzamide-1_GREEN.png
test3_44,bitertanol-2,526,1,1,0,0,GREEN,756,plots\test3_44\0756_chrom526_bitertanol-2_GREEN.png
test3_14,bendiocarb-2,126,3,1,0,2,RED,757,plots\test3_14\0757_chrom126_bendiocarb-2_RED.png
test3_14,terbufos sulfoxide-1,283,2,1,0,1,RED,758,plots\test3_14\0758_chrom283_terbufos sulfoxide-1_RED.png
test3_44,clethodim-2,572,1,1,0,0,GREEN,759,plots\test3_44\0759_chrom572_clethodim-2_GREEN.png
test3_37,fenthion sulfoxide-1,163,1,1,0,0,GREEN,760,plots\test3_37\0760_chrom163_fenthion sulfoxide-1_GREEN.png
test3_52,isoprocarb-2,186,1,1,0,0,GREEN,761,plots\test3_52\0761_chrom186_isoprocarb-2_GREEN.png
test3_55,promecarb-1,261,2,1,0,1,RED,762,plots\test3_55\0762_chrom261_promecarb-1_RED.png
test3_45,terbufos sulfone-2,278,2,1,0,1,RED,763,plots\test3_45\0763_chrom278_terbufos sulfone-2_RED.png
test3_35,flucetosulfuron-1,275,1,1,0,0,GREEN,764,plots\test3_35\0764_chrom275_flucetosulfuron-1_GREEN.png
test3_24,iprobenfos-1,469,1,1,0,0,GREEN,765,plots\test3_24\0765_chrom469_iprobenfos-1_GREEN.png
test3_17,phosmet-1,255,1,1,0,0,GREEN,766,plots\test3_17\0766_chrom255_phosmet-1_GREEN.png
test3_18,metribuzin-2,134,2,1,0,1,RED,767,plots\test3_18\0767_chrom134_metribuzin-2_RED.png
test3_31,ethirimol-1,145,1,1,0,0,GREEN,768,plots\test3_31\0768_chrom145_ethirimol-1_GREEN.png
test3_18,tricyclazole-1,91,1,1,0,0,GREEN,769,plots\test3_18\0769_chrom091_tricyclazole-1_GREEN.png
test3_31,pretilachlor-1,577,1,1,0,0,GREEN,770,plots\test3_31\0770_chrom577_pretilachlor-1_GREEN.png
test3_48,parathion-2,428,1,1,0,0,GREEN,771,plots\test3_48\0771_chrom428_parathion-2_GREEN.png
test3_51,flubendiamide-2,504,2,1,1,0,GREEN,772,plots\test3_51\0772_chrom504_flubendiamide-2_GREEN.png
test3_3,ethiprole-2,300,2,1,1,0,GREEN,773,plots\test3_3\0773_chrom300_ethiprole-2_GREEN.png
test3_44,bensulfuron-methyl-2,274,1,1,0,0,GREEN,774,plots\test3_44\0774_chrom274_bensulfuron-methyl-2_GREEN.png
test3_18,acetochlor-2,380,2,1,1,1,YELLOW,775,plots\test3_18\0775_chrom380_acetochlor-2_YELLOW.png
test3_25,triazophos-1,361,2,1,0,1,RED,776,plots\test3_25\0776_chrom361_triazophos-1_RED.png
test3_54,amidosulfuron-1,149,1,1,0,0,GREEN,777,plots\test3_54\0777_chrom149_amidosulfuron-1_GREEN.png
test3_34,fluxapyroxad-1,319,1,1,0,0,GREEN,778,plots\test3_34\0778_chrom319_fluxapyroxad-1_GREEN.png
test3_5,propargite-1,665,5,1,1,3,RED,779,plots\test3_5\0779_chrom665_propargite-1_RED.png
test3_5,phenmedipham-1,249,1,1,0,0,GREEN,780,plots\test3_5\0780_chrom249_phenmedipham-1_GREEN.png
test3_26,propyrisulfuron-1,359,1,1,0,0,GREEN,781,plots\test3_26\0781_chrom359_propyrisulfuron-1_GREEN.png
test3_23,fenoxanil-2,422,1,1,0,1,YELLOW,782,plots\test3_23\0782_chrom422_fenoxanil-2_YELLOW.png
test3_32,iprovalicarb-2,376,1,1,0,0,GREEN,783,plots\test3_32\0783_chrom376_iprovalicarb-2_GREEN.png
test3_6,flutolanil-1,323,1,1,0,0,GREEN,784,plots\test3_6\0784_chrom323_flutolanil-1_GREEN.png
test3_23,flonicamid-2,24,1,1,0,0,GREEN,785,plots\test3_23\0785_chrom024_flonicamid-2_GREEN.png
test3_29,carbaryl-1,157,1,1,0,0,GREEN,786,plots\test3_29\0786_chrom157_carbaryl-1_GREEN.png
test3_55,amisulbrom-2,568,1,1,0,0,GREEN,787,plots\test3_55\0787_chrom568_amisulbrom-2_GREEN.png
test3_51,isazofos-1,357,1,1,0,0,GREEN,788,plots\test3_51\0788_chrom357_isazofos-1_GREEN.png
test3_54,trifloxystrobin-2,570,1,1,0,0,GREEN,789,plots\test3_54\0789_chrom570_trifloxystrobin-2_GREEN.png
test3_24,fenothiocarb-1,417,1,1,0,0,GREEN,790,plots\test3_24\0790_chrom417_fenothiocarb-1_GREEN.png
test3_29,phorate sulfoxide-1,183,1,1,0,0,GREEN,791,plots\test3_29\0791_chrom183_phorate sulfoxide-1_GREEN.png
test3_44,pyriftalid-2,272,1,1,0,0,GREEN,792,plots\test3_44\0792_chrom272_pyriftalid-2_GREEN.png
test3_32,chlortoluron-1,175,1,1,0,0,GREEN,793,plots\test3_32\0793_chrom175_chlortoluron-1_GREEN.png
test3_34,kresoxim-methyl-2,444,2,1,1,0,GREEN,794,plots\test3_34\0794_chrom444_kresoxim-methyl-2_GREEN.png
test3_9,triflusulfuron-methyl-2,354,1,1,0,1,YELLOW,795,plots\test3_9\0795_chrom354_triflusulfuron-methyl-2_YELLOW.png
test3_46,propisochlor-2,398,1,1,0,0,GREEN,796,plots\test3_46\0796_chrom398_propisochlor-2_GREEN.png
test3_53,fenpropidin-2,228,1,1,0,0,GREEN,797,plots\test3_53\0797_chrom228_fenpropidin-2_GREEN.png
test3_30,flubendiamide-1,503,1,1,0,0,GREEN,798,plots\test3_30\0798_chrom503_flubendiamide-1_GREEN.png
test3_41,fenthion-2,454,1,1,0,0,GREEN,799,plots\test3_41\0799_chrom454_fenthion-2_GREEN.png
test3_32,amidosulfuron-2,150,1,1,0,0,GREEN,800,plots\test3_32\0800_chrom150_amidosulfuron-2_GREEN.png
test3_14,carfentrazone-ethyl-2,472,1,1,0,0,GREEN,801,plots\test3_14\0801_chrom472_carfentrazone-ethyl-2_GREEN.png
test3_46,enestroburin-1,611,1,1,0,0,GREEN,802,plots\test3_46\0802_chrom611_enestroburin-1_GREEN.png
test3_31,pyrazosulfuron-ethyl-2,352,1,1,0,0,GREEN,803,plots\test3_31\0803_chrom352_pyrazosulfuron-ethyl-2_GREEN.png
test3_16,heptenophos-1,221,1,1,0,0,GREEN,804,plots\test3_16\0804_chrom221_heptenophos-1_GREEN.png
test3_47,halosulfuron-methyl-2,302,1,1,0,0,GREEN,805,plots\test3_47\0805_chrom302_halosulfuron-methyl-2_GREEN.png
test3_4,forchlorfenuron-1,213,1,1,0,0,GREEN,806,plots\test3_4\0806_chrom213_forchlorfenuron-1_GREEN.png
test3_21,hexythiazox-2,650,1,1,0,0,GREEN,807,plots\test3_21\0807_chrom650_hexythiazox-2_GREEN.png
test3_32,isazofos-1,357,1,1,0,0,GREEN,808,plots\test3_32\0808_chrom357_isazofos-1_GREEN.png
test3_35,methiocarb sulfoxide-2,48,1,1,0,0,GREEN,809,plots\test3_35\0809_chrom048_methiocarb sulfoxide-2_GREEN.png
test3_4,picoxystrobin-1,457,4,1,0,3,RED,810,plots\test3_4\0810_chrom457_picoxystrobin-1_RED.png
test3_15,imazalil-2,198,1,1,0,0,GREEN,811,plots\test3_15\0811_chrom198_imazalil-2_GREEN.png
test3_45,novaluron-2,606,1,1,0,0,GREEN,812,plots\test3_45\0812_chrom606_novaluron-2_GREEN.png
test3_15,etrimfos-1,455,2,1,1,0,GREEN,813,plots\test3_15\0813_chrom455_etrimfos-1_GREEN.png
test3_40,diflubenzuron-2,400,2,1,0,1,RED,814,plots\test3_40\0814_chrom400_diflubenzuron-2_RED.png
test3_25,cyanazine-1,109,1,1,0,0,GREEN,815,plots\test3_25\0815_chrom109_cyanazine-1_GREEN.png
test3_12,tebufenozide-2,464,3,1,1,1,RED,816,plots\test3_12\0816_chrom464_tebufenozide-2_RED.png
test3_33,spirotetramat-2,404,1,1,0,0,GREEN,817,plots\test3_33\0817_chrom404_spirotetramat-2_GREEN.png
test3_4,pirimicarb-desmethyl-formamido-1,141,1,1,0,0,GREEN,818,plots\test3_4\0818_chrom141_pirimicarb-desmethyl-formamido-1_GREEN.png
test3_29,tetraconazole-2,386,1,1,0,0,GREEN,819,plots\test3_29\0819_chrom386_tetraconazole-2_GREEN.png
test3_56,tolfenpyrad-2,632,1,1,0,0,GREEN,820,plots\test3_56\0820_chrom632_tolfenpyrad-2_GREEN.png
test3_18,cyprodinil-2,420,1,1,0,0,GREEN,821,plots\test3_18\0821_chrom420_cyprodinil-2_GREEN.png
test3_19,terbuthylazine-2,296,1,1,0,0,GREEN,822,plots\test3_19\0822_chrom296_terbuthylazine-2_GREEN.png
test3_4,dimepiperate-2,544,6,1,0,6,RED,823,plots\test3_4\0823_chrom544_dimepiperate-2_RED.png
test3_23,dicrotophos-2,34,1,1,0,0,GREEN,824,plots\test3_23\0824_chrom034_dicrotophos-2_GREEN.png
test3_4,flurtamone-1,297,1,1,0,0,GREEN,825,plots\test3_4\0825_chrom297_flurtamone-1_GREEN.png
test3_49,azinphos-methyl-1,247,1,1,0,0,GREEN,826,plots\test3_49\0826_chrom247_azinphos-methyl-1_GREEN.png
test3_15,phenthoate-2,452,2,1,0,1,RED,827,plots\test3_15\0827_chrom452_phenthoate-2_RED.png
test3_53,triflumuron-1,523,1,1,0,0,GREEN,828,plots\test3_53\0828_chrom523_triflumuron-1_GREEN.png
test3_11,oxaziclomefone-2,598,2,1,0,1,RED,829,plots\test3_11\0829_chrom598_oxaziclomefone-2_RED.png
test3_48,lactofen-1,633,1,1,0,0,GREEN,830,plots\test3_48\0830_chrom633_lactofen-1_GREEN.png
test3_5,lactofen-1,633,1,1,0,0,GREEN,831,plots\test3_5\0831_chrom633_lactofen-1_GREEN.png
test3_47,phoxim-2,438,1,1,0,0,GREEN,832,plots\test3_47\0832_chrom438_phoxim-2_GREEN.png
test3_55,triticonazole-1,373,1,1,0,0,GREEN,833,plots\test3_55\0833_chrom373_triticonazole-1_GREEN.png
test3_19,spinetoram L-2,642,1,1,0,0,GREEN,834,plots\test3_19\0834_chrom642_spinetoram L-2_GREEN.png
test3_17,ethofumesate-2,282,1,1,0,0,GREEN,835,plots\test3_17\0835_chrom282_ethofumesate-2_GREEN.png
test3_36,terbufos sulfone-2,278,3,1,1,1,RED,836,plots\test3_36\0836_chrom278_terbufos sulfone-2_RED.png
test3_22,fenamidone-2,290,1,1,0,0,GREEN,837,plots\test3_22\0837_chrom290_fenamidone-2_GREEN.png
test3_7,bendiocarb-2,126,1,1,0,1,YELLOW,838,plots\test3_7\0838_chrom126_bendiocarb-2_YELLOW.png
test3_9,azoxystrobin-1,309,1,1,0,0,GREEN,839,plots\test3_9\0839_chrom309_azoxystrobin-1_GREEN.png
test3_3,linuron-2,264,1,1,0,0,GREEN,840,plots\test3_3\0840_chrom264_linuron-2_GREEN.png
test3_52,fenamiphos-2,432,1,1,0,0,GREEN,841,plots\test3_52\0841_chrom432_fenamiphos-2_GREEN.png
test3_7,spirodiclofen-1,683,2,1,0,2,RED,842,plots\test3_7\0842_chrom683_spirodiclofen-1_RED.png
test3_34,atrazine-1,195,1,1,0,0,GREEN,843,plots\test3_34\0843_chrom195_atrazine-1_GREEN.png
test3_29,thifluzamide-2,414,1,1,0,0,GREEN,844,plots\test3_29\0844_chrom414_thifluzamide-2_GREEN.png
test3_25,bupirimate-1,423,1,1,0,0,GREEN,845,plots\test3_25\0845_chrom423_bupirimate-1_GREEN.png
test3_33,isocarbophos-2,212,1,1,0,0,GREEN,846,plots\test3_33\0846_chrom212_isocarbophos-2_GREEN.png
test3_48,Diclobutrazol-2,450,3,1,0,2,RED,847,plots\test3_48\0847_chrom450_Diclobutrazol-2_RED.png
test3_22,fenothiocarb-2,418,1,1,0,0,GREEN,848,plots\test3_22\0848_chrom418_fenothiocarb-2_GREEN.png
test3_12,isocarbophos-1,211,1,1,0,0,GREEN,849,plots\test3_12\0849_chrom211_isocarbophos-1_GREEN.png
test3_13,chlorpyrifos-methyl-2,518,2,1,0,1,RED,850,plots\test3_13\0850_chrom518_chlorpyrifos-methyl-2_RED.png
test3_56,molinate-2,314,1,1,0,0,GREEN,851,plots\test3_56\0851_chrom314_molinate-2_GREEN.png
test3_22,diflufenican-2,558,1,1,0,0,GREEN,852,plots\test3_22\0852_chrom558_diflufenican-2_GREEN.png
test3_11,Proquinazid-1,675,1,1,0,0,GREEN,853,plots\test3_11\0853_chrom675_Proquinazid-1_GREEN.png
test3_42,phosphamidon-2,104,1,1,0,0,GREEN,854,plots\test3_42\0854_chrom104_phosphamidon-2_GREEN.png
test3_11,fenpropimorph-2,292,1,1,0,0,GREEN,855,plots\test3_11\0855_chrom292_fenpropimorph-2_GREEN.png
test3_27,metrafenone-2,534,1,1,0,0,GREEN,856,plots\test3_27\0856_chrom534_metrafenone-2_GREEN.png
test3_33,benalaxyl-1,507,1,1,0,0,GREEN,857,plots\test3_33\0857_chrom507_benalaxyl-1_GREEN.png
test3_36,clethodim sulfoxide-2,238,1,1,0,1,YELLOW,858,plots\test3_36\0858_chrom238_clethodim sulfoxide-2_YELLOW.png
test3_37,chlorfluazuron-2,680,1,1,0,0,GREEN,859,plots\test3_37\0859_chrom680_chlorfluazuron-2_GREEN.png
test3_26,carbendazim-2,56,3,1,0,3,RED,860,plots\test3_26\0860_chrom056_carbendazim-2_RED.png
test3_25,imidaclothiz-1,45,1,1,0,0,GREEN,861,plots\test3_25\0861_chrom045_imidaclothiz-1_GREEN.png
test3_36,procymidone-1,341,1,1,0,0,GREEN,862,plots\test3_36\0862_chrom341_procymidone-1_GREEN.png
test3_26,amisulbrom-1,567,1,1,0,0,GREEN,863,plots\test3_26\0863_chrom567_amisulbrom-1_GREEN.png
test3_54,diniconazole-2,528,1,1,0,0,GREEN,864,plots\test3_54\0864_chrom528_diniconazole-2_GREEN.png
test3_28,thidiazuron-1,123,1,1,0,0,GREEN,865,plots\test3_28\0865_chrom123_thidiazuron-1_GREEN.png
test3_30,tetraconazole-2,386,1,1,0,0,GREEN,866,plots\test3_30\0866_chrom386_tetraconazole-2_GREEN.png
test3_43,simetryn-2,178,1,1,0,0,GREEN,867,plots\test3_43\0867_chrom178_simetryn-2_GREEN.png
test3_30,sulfentrazone-2,154,1,1,0,0,GREEN,868,plots\test3_30\0868_chrom154_sulfentrazone-2_GREEN.png
test3_21,etoxazole-2,670,1,1,0,0,GREEN,869,plots\test3_21\0869_chrom670_etoxazole-2_GREEN.png
test3_26,mepronil-1,329,1,1,0,0,GREEN,870,plots\test3_26\0870_chrom329_mepronil-1_GREEN.png
test3_21,etofenprox-2,696,1,1,0,0,GREEN,871,plots\test3_21\0871_chrom696_etofenprox-2_GREEN.png
test3_28,boscalid-1,305,1,1,0,0,GREEN,872,plots\test3_28\0872_chrom305_boscalid-1_GREEN.png
test3_50,pyrazosulfuron-ethyl-2,352,1,1,0,0,GREEN,873,plots\test3_50\0873_chrom352_pyrazosulfuron-ethyl-2_GREEN.png
test3_43,sedaxane-2,346,2,1,0,1,RED,874,plots\test3_43\0874_chrom346_sedaxane-2_RED.png
test3_42,nitenpyram-2,16,1,1,0,0,GREEN,875,plots\test3_42\0875_chrom016_nitenpyram-2_GREEN.png
test3_16,metamifop-1,615,1,1,0,0,GREEN,876,plots\test3_16\0876_chrom615_metamifop-1_GREEN.png
test3_48,tau-fluvalinate-2,692,1,1,0,0,GREEN,877,plots\test3_48\0877_chrom692_tau-fluvalinate-2_GREEN.png
test3_21,iprodione-2,394,2,1,0,1,RED,878,plots\test3_21\0878_chrom394_iprodione-2_RED.png
test3_31,tolclofos-methyl-2,502,1,1,0,0,GREEN,879,plots\test3_31\0879_chrom502_tolclofos-methyl-2_GREEN.png
test3_21,cyclosulfamuron-2,392,1,1,0,0,GREEN,880,plots\test3_21\0880_chrom392_cyclosulfamuron-2_GREEN.png
test3_49,propaquizafop-1,625,1,1,0,0,GREEN,881,plots\test3_49\0881_chrom625_propaquizafop-1_GREEN.png
test3_49,pyriftalid-1,271,1,1,0,0,GREEN,882,plots\test3_49\0882_chrom271_pyriftalid-1_GREEN.png
test3_24,carbendazim-2,56,2,1,0,2,RED,883,plots\test3_24\0883_chrom056_carbendazim-2_RED.png
test3_33,molinate-2,314,1,1,0,0,GREEN,884,plots\test3_33\0884_chrom314_molinate-2_GREEN.png
test3_49,coumaphos-2,512,1,1,0,0,GREEN,885,plots\test3_49\0885_chrom512_coumaphos-2_GREEN.png
test3_18,triasulfuron-2,118,1,1,0,0,GREEN,886,plots\test3_18\0886_chrom118_triasulfuron-2_GREEN.png
test3_44,3-hydroxy carbofuran-2,52,1,1,0,0,GREEN,887,plots\test3_44\0887_chrom052_3-hydroxy carbofuran-2_GREEN.png
test3_41,flutolanil-1,323,1,1,0,0,GREEN,888,plots\test3_41\0888_chrom323_flutolanil-1_GREEN.png
test3_43,azinphos-methyl-2,248,1,1,0,0,GREEN,889,plots\test3_43\0889_chrom248_azinphos-methyl-2_GREEN.png
test3_33,methamidophos-2,2,2,1,1,1,YELLOW,890,plots\test3_33\0890_chrom002_methamidophos-2_YELLOW.png
test3_3,imidaclothiz-1,45,4,1,0,4,RED,891,plots\test3_3\0891_chrom045_imidaclothiz-1_RED.png
test3_23,phosphamidon-2,104,1,1,0,0,GREEN,892,plots\test3_23\0892_chrom104_phosphamidon-2_GREEN.png
test3_51,fenaminstrobin-2,588,1,1,0,0,GREEN,893,plots\test3_51\0893_chrom588_fenaminstrobin-2_GREEN.png
test3_48,propoxur-2,130,1,1,0,0,GREEN,894,plots\test3_48\0894_chrom130_propoxur-2_GREEN.png
test3_39,propanil-2,266,1,1,0,0,GREEN,895,plots\test3_39\0895_chrom266_propanil-2_GREEN.png
test3_15,phosalone-2,520,1,1,0,0,GREEN,896,plots\test3_15\0896_chrom520_phosalone-2_GREEN.png
test3_45,flurtamone-2,298,1,1,0,0,GREEN,897,plots\test3_45\0897_chrom298_flurtamone-2_GREEN.png
test3_32,propisochlor-1,397,2,1,1,0,GREEN,898,plots\test3_32\0898_chrom397_propisochlor-1_GREEN.png
test3_45,prochloraz-2,522,1,1,0,0,GREEN,899,plots\test3_45\0899_chrom522_prochloraz-2_GREEN.png
test3_8,3-hydroxy carbofuran-2,52,2,1,0,1,RED,900,plots\test3_8\0900_chrom052_3-hydroxy carbofuran-2_RED.png
test3_21,disulfoton sulfoxide-2,180,1,1,0,0,GREEN,901,plots\test3_21\0901_chrom180_disulfoton sulfoxide-2_GREEN.png
test3_34,dichlorvos-2,116,1,1,0,0,GREEN,902,plots\test3_34\0902_chrom116_dichlorvos-2_GREEN.png
test3_51,thiophanate-methyl-1,119,1,1,0,0,GREEN,903,plots\test3_51\0903_chrom119_thiophanate-methyl-1_GREEN.png
test3_30,benzoximate-1,531,1,1,0,0,GREEN,904,plots\test3_30\0904_chrom531_benzoximate-1_GREEN.png
test3_32,fenhexamid-2,366,1,1,0,1,YELLOW,905,plots\test3_32\0905_chrom366_fenhexamid-2_YELLOW.png
test3_56,oxyfluorfen-2,604,1,1,0,0,GREEN,906,plots\test3_56\0906_chrom604_oxyfluorfen-2_GREEN.png
test3_26,propargite-2,666,2,1,0,1,RED,907,plots\test3_26\0907_chrom666_propargite-2_RED.png
test3_54,propisochlor-1,397,2,1,1,0,GREEN,908,plots\test3_54\0908_chrom397_propisochlor-1_GREEN.png
test3_28,fenamiphos sulfoxide-1,151,1,1,0,0,GREEN,909,plots\test3_28\0909_chrom151_fenamiphos sulfoxide-1_GREEN.png
test3_42,sethoxydim-2,608,1,1,0,1,YELLOW,910,plots\test3_42\0910_chrom608_sethoxydim-2_YELLOW.png
test3_33,fenpropidin-1,227,1,1,0,0,GREEN,911,plots\test3_33\0911_chrom227_fenpropidin-1_GREEN.png
test3_33,Picolinafen-2,630,1,1,0,0,GREEN,912,plots\test3_33\0912_chrom630_Picolinafen-2_GREEN.png
test3_14,propyzamide-2,308,1,1,0,1,YELLOW,913,plots\test3_14\0913_chrom308_propyzamide-2_YELLOW.png
test3_37,triazophos-1,361,2,1,0,1,RED,914,plots\test3_37\0914_chrom361_triazophos-1_RED.png
test3_32,isoxaflutole-2,220,1,1,0,0,GREEN,915,plots\test3_32\0915_chrom220_isoxaflutole-2_GREEN.png
test3_38,flumorph-2,244,1,1,0,0,GREEN,916,plots\test3_38\0916_chrom244_flumorph-2_GREEN.png
test3_36,fenamiphos sulfoxide-2,152,1,1,0,0,GREEN,917,plots\test3_36\0917_chrom152_fenamiphos sulfoxide-2_GREEN.png
test3_16,teflubenzuron-2,602,4,1,0,4,RED,918,plots\test3_16\0918_chrom602_teflubenzuron-2_RED.png
test3_31,penoxsulam-1,171,1,1,0,0,GREEN,919,plots\test3_31\0919_chrom171_penoxsulam-1_GREEN.png
test3_52,rotenone-2,434,1,1,0,0,GREEN,920,plots\test3_52\0920_chrom434_rotenone-2_GREEN.png
test3_40,dinotefuran-2,14,1,1,0,0,GREEN,921,plots\test3_40\0921_chrom014_dinotefuran-2_GREEN.png
test3_38,demeton-S-methyl-sulfone-1,21,1,1,0,0,GREEN,922,plots\test3_38\0922_chrom021_demeton-S-methyl-sulfone-1_GREEN.png
test3_13,fenoxaprop-P-ethyl-2,592,1,1,0,0,GREEN,923,plots\test3_13\0923_chrom592_fenoxaprop-P-ethyl-2_GREEN.png
test3_7,etrimfos-1,455,2,1,0,1,RED,924,plots\test3_7\0924_chrom455_etrimfos-1_RED.png
test3_22,paclobutrazol-1,315,2,1,0,2,RED,925,plots\test3_22\0925_chrom315_paclobutrazol-1_RED.png
test3_51,pendimethalin-2,646,1,1,0,0,GREEN,926,plots\test3_51\0926_chrom646_pendimethalin-2_GREEN.png
test3_9,Proquinazid-2,676,1,1,0,0,GREEN,927,plots\test3_9\0927_chrom676_Proquinazid-2_GREEN.png
test3_56,prometryn-1,337,1,1,0,0,GREEN,928,plots\test3_56\0928_chrom337_prometryn-1_GREEN.png
test3_31,triazophos-2,362,1,1,0,0,GREEN,929,plots\test3_31\0929_chrom362_triazophos-2_GREEN.png
test3_6,butralin-1,661,1,1,0,0,GREEN,930,plots\test3_6\0930_chrom661_butralin-1_GREEN.png
test3_9,terbufos sulfone-2,278,1,1,0,1,YELLOW,931,plots\test3_9\0931_chrom278_terbufos sulfone-2_YELLOW.png
test3_11,hexythiazox-2,650,1,1,0,0,GREEN,932,plots\test3_11\0932_chrom650_hexythiazox-2_GREEN.png
test3_5,spirotetramat-2,404,1,1,0,1,YELLOW,933,plots\test3_5\0933_chrom404_spirotetramat-2_YELLOW.png
test3_11,picoxystrobin-2,458,3,1,0,3,RED,934,plots\test3_11\0934_chrom458_picoxystrobin-2_RED.png
test3_50,anilofos-1,489,1,1,0,0,GREEN,935,plots\test3_50\0935_chrom489_anilofos-1_GREEN.png
test3_29,sedaxane-2,346,2,1,0,1,RED,936,plots\test3_29\0936_chrom346_sedaxane-2_RED.png
test3_28,chlorpyrifos-methyl-2,518,2,1,0,1,RED,937,plots\test3_28\0937_chrom518_chlorpyrifos-methyl-2_RED.png
test3_22,fensulfothion oxon sulfone-1,89,1,1,0,0,GREEN,938,plots\test3_22\0938_chrom089_fensulfothion oxon sulfone-1_GREEN.png
test3_3,pyrisoxazole-1,303,2,1,0,1,RED,939,plots\test3_3\0939_chrom303_pyrisoxazole-1_RED.png
test3_40,fenarimol-2,378,1,1,0,0,GREEN,940,plots\test3_40\0940_chrom378_fenarimol-2_GREEN.png
test3_43,chlorpyrifos-1,635,1,1,0,0,GREEN,941,plots\test3_43\0941_chrom635_chlorpyrifos-1_GREEN.png
test3_15,chlorantraniliprole-2,254,1,1,0,0,GREEN,942,plots\test3_15\0942_chrom254_chlorantraniliprole-2_GREEN.png
test3_27,triticonazole-1,373,1,1,0,0,GREEN,943,plots\test3_27\0943_chrom373_triticonazole-1_GREEN.png
test3_15,pyrazosulfuron-ethyl-2,352,1,1,0,0,GREEN,944,plots\test3_15\0944_chrom352_pyrazosulfuron-ethyl-2_GREEN.png
test3_47,flubendiamide-2,504,2,1,1,0,GREEN,945,plots\test3_47\0945_chrom504_flubendiamide-2_GREEN.png
test3_19,fluazifop-1,617,1,1,0,0,GREEN,946,plots\test3_19\0946_chrom617_fluazifop-1_GREEN.png
test3_48,molinate-1,313,1,1,0,0,GREEN,947,plots\test3_48\0947_chrom313_molinate-1_GREEN.png
test3_14,cyflumetofen-1,609,5,1,2,2,RED,948,plots\test3_14\0948_chrom609_cyflumetofen-1_RED.png
test3_55,carbendazim-2,56,2,1,0,1,RED,949,plots\test3_55\0949_chrom056_carbendazim-2_RED.png
test3_29,fenaminstrobin-2,588,1,1,0,0,GREEN,950,plots\test3_29\0950_chrom588_fenaminstrobin-2_GREEN.png
test3_34,methoprene-1,693,1,1,0,0,GREEN,951,plots\test3_34\0951_chrom693_methoprene-1_GREEN.png
test3_13,flumetralin-2,664,2,1,0,1,RED,952,plots\test3_13\0952_chrom664_flumetralin-2_RED.png
test3_31,epoxiconazole-1,405,1,1,0,0,GREEN,953,plots\test3_31\0953_chrom405_epoxiconazole-1_GREEN.png
test3_35,pyraclostrobin-1,529,1,1,0,0,GREEN,954,plots\test3_35\0954_chrom529_pyraclostrobin-1_GREEN.png
test3_7,thifluzamide-2,414,1,1,0,0,GREEN,955,plots\test3_7\0955_chrom414_thifluzamide-2_GREEN.png
test3_13,amisulbrom-1,567,2,1,0,1,RED,956,plots\test3_13\0956_chrom567_amisulbrom-1_RED.png
test3_35,tolclofos-methyl-2,502,1,1,0,0,GREEN,957,plots\test3_35\0957_chrom502_tolclofos-methyl-2_GREEN.png
test3_10,fenoxaprop-P-ethyl-1,591,1,1,0,0,GREEN,958,plots\test3_10\0958_chrom591_fenoxaprop-P-ethyl-1_GREEN.png
test3_12,furathiocarb-2,622,1,1,0,0,GREEN,959,plots\test3_12\0959_chrom622_furathiocarb-2_GREEN.png
test3_37,pyrimorph-1,509,1,1,0,0,GREEN,960,plots\test3_37\0960_chrom509_pyrimorph-1_GREEN.png
test3_31,triflumizole metabolite FM-6-1-1,105,1,1,0,0,GREEN,961,plots\test3_31\0961_chrom105_triflumizole metabolite FM-6-1-1_GREEN.png
test3_19,pyraflufen-ethyl-1,499,1,1,0,0,GREEN,962,plots\test3_19\0962_chrom499_pyraflufen-ethyl-1_GREEN.png
test3_30,fensulfothion oxon sulfone-1,89,1,1,0,0,GREEN,963,plots\test3_30\0963_chrom089_fensulfothion oxon sulfone-1_GREEN.png
test3_43,spirodiclofen-2,684,1,1,0,0,GREEN,964,plots\test3_43\0964_chrom684_spirodiclofen-2_GREEN.png
test3_39,linuron-2,264,1,1,0,0,GREEN,965,plots\test3_39\0965_chrom264_linuron-2_GREEN.png
test3_18,isoprocarb-2,186,1,1,0,0,GREEN,966,plots\test3_18\0966_chrom186_isoprocarb-2_GREEN.png
test3_38,chlorbenzuron-1,441,1,1,0,0,GREEN,967,plots\test3_38\0967_chrom441_chlorbenzuron-1_GREEN.png
test3_32,tolclofos-methyl-1,501,1,1,0,0,GREEN,968,plots\test3_32\0968_chrom501_tolclofos-methyl-1_GREEN.png
test3_15,novaluron-2,606,1,1,0,0,GREEN,969,plots\test3_15\0969_chrom606_novaluron-2_GREEN.png
test3_36,propyrisulfuron-1,359,1,1,0,0,GREEN,970,plots\test3_36\0970_chrom359_propyrisulfuron-1_GREEN.png
test3_16,simazine-1,137,1,1,0,0,GREEN,971,plots\test3_16\0971_chrom137_simazine-1_GREEN.png
test3_34,fluopicolide-1,321,1,1,0,0,GREEN,972,plots\test3_34\0972_chrom321_fluopicolide-1_GREEN.png
test3_55,metamifop-2,616,1,1,0,0,GREEN,973,plots\test3_55\0973_chrom616_metamifop-2_GREEN.png
test3_32,parathion-1,427,1,1,0,0,GREEN,974,plots\test3_32\0974_chrom427_parathion-1_GREEN.png
test3_30,ethofumesate-1,281,1,1,0,0,GREEN,975,plots\test3_30\0975_chrom281_ethofumesate-1_GREEN.png
test3_26,clethodim sulfone-2,232,2,1,1,0,GREEN,976,plots\test3_26\0976_chrom232_clethodim sulfone-2_GREEN.png
test3_41,thiacloprid-1,75,1,1,0,0,GREEN,977,plots\test3_41\0977_chrom075_thiacloprid-1_GREEN.png
test3_15,methamidophos-2,2,3,1,0,3,RED,978,plots\test3_15\0978_chrom002_methamidophos-2_RED.png
test3_28,bifenox-1,535,1,1,0,0,GREEN,979,plots\test3_28\0979_chrom535_bifenox-1_GREEN.png
test3_25,methidathion-1,235,1,1,0,0,GREEN,980,plots\test3_25\0980_chrom235_methidathion-1_GREEN.png
test3_8,phosphamidon-1,103,1,1,0,1,YELLOW,981,plots\test3_8\0981_chrom103_phosphamidon-1_YELLOW.png
test3_15,sedaxane-1,345,2,1,0,1,RED,982,plots\test3_15\0982_chrom345_sedaxane-1_RED.png
test3_13,triadimenol-1,347,1,1,0,0,GREEN,983,plots\test3_13\0983_chrom347_triadimenol-1_GREEN.png
test3_19,methiocarb sulfoxide-1,47,1,1,0,0,GREEN,984,plots\test3_19\0984_chrom047_methiocarb sulfoxide-1_GREEN.png
test3_56,fensulfothion oxon sulfone-2,90,1,1,0,0,GREEN,985,plots\test3_56\0985_chrom090_fensulfothion oxon sulfone-2_GREEN.png
test3_28,ivermectin B1a-1,703,1,1,0,0,GREEN,986,plots\test3_28\0986_chrom703_ivermectin B1a-1_GREEN.png
test3_4,difenoconazole-2,550,1,1,0,0,GREEN,987,plots\test3_4\0987_chrom550_difenoconazole-2_GREEN.png
test3_53,etoxazole-1,669,1,1,0,0,GREEN,988,plots\test3_53\0988_chrom669_etoxazole-1_GREEN.png
test3_37,spirotetramat-enol-2,36,1,1,0,0,GREEN,989,plots\test3_37\0989_chrom036_spirotetramat-enol-2_GREEN.png
test3_43,cyantraniliprole-1,169,1,1,0,0,GREEN,990,plots\test3_43\0990_chrom169_cyantraniliprole-1_GREEN.png
test3_30,triadimefon-1,343,1,1,0,0,GREEN,991,plots\test3_30\0991_chrom343_triadimefon-1_GREEN.png
test3_31,malathion-2,332,1,1,0,0,GREEN,992,plots\test3_31\0992_chrom332_malathion-2_GREEN.png
test3_40,quinalphos-2,440,1,1,0,0,GREEN,993,plots\test3_40\0993_chrom440_quinalphos-2_GREEN.png
test3_28,disulfoton sulfone-2,188,1,1,0,0,GREEN,994,plots\test3_28\0994_chrom188_disulfoton sulfone-2_GREEN.png
test3_46,metolcarb-1,101,1,1,0,0,GREEN,995,plots\test3_46\0995_chrom101_metolcarb-1_GREEN.png
test3_3,methoxyfenozide-2,368,3,1,0,3,RED,996,plots\test3_3\0996_chrom368_methoxyfenozide-2_RED.png
test3_6,metazosulfuron-1,241,1,1,0,0,GREEN,997,plots\test3_6\0997_chrom241_metazosulfuron-1_GREEN.png
test3_8,imidaclothiz-2,46,1,1,0,1,YELLOW,998,plots\test3_8\0998_chrom046_imidaclothiz-2_YELLOW.png
test3_40,triasulfuron-2,118,1,1,0,0,GREEN,999,plots\test3_40\0999_chrom118_triasulfuron-2_GREEN.png
test3_11,fenthion sulfone-2,166,2,1,0,1,RED,1000,plots\test3_11\1000_chrom166_fenthion sulfone-2_RED.png
test3_19,fenoxaprop-P-ethyl-1,591,1,1,0,0,GREEN,1001,plots\test3_19\1001_chrom591_fenoxaprop-P-ethyl-1_GREEN.png
test3_31,metaflumizone-2,648,1,1,0,0,GREEN,1002,plots\test3_31\1002_chrom648_metaflumizone-2_GREEN.png
test3_9,tebuconazole-1,465,2,1,0,1,RED,1003,plots\test3_9\1003_chrom465_tebuconazole-1_RED.png
test3_31,novaluron-1,605,1,1,0,0,GREEN,1004,plots\test3_31\1004_chrom605_novaluron-1_GREEN.png
test3_55,metrafenone-2,534,1,1,0,0,GREEN,1005,plots\test3_55\1005_chrom534_metrafenone-2_GREEN.png
test3_35,tau-fluvalinate-2,692,2,1,1,0,GREEN,1006,plots\test3_35\1006_chrom692_tau-fluvalinate-2_GREEN.png
test3_11,fenoxanil-1,421,1,1,0,0,GREEN,1007,plots\test3_11\1007_chrom421_fenoxanil-1_GREEN.png
test3_9,napropamide-1,387,2,1,0,1,RED,1008,plots\test3_9\1008_chrom387_napropamide-1_RED.png
test3_43,tolfenpyrad-1,631,1,1,0,0,GREEN,1009,plots\test3_43\1009_chrom631_tolfenpyrad-1_GREEN.png
test3_13,metolachlor-1,395,1,1,0,0,GREEN,1010,plots\test3_13\1010_chrom395_metolachlor-1_GREEN.png
test3_53,ethoprophos-1,389,1,1,0,0,GREEN,1011,plots\test3_53\1011_chrom389_ethoprophos-1_GREEN.png
test3_29,flumorph-2,244,1,1,0,0,GREEN,1012,plots\test3_29\1012_chrom244_flumorph-2_GREEN.png
test3_40,hexythiazox-2,650,1,1,0,0,GREEN,1013,plots\test3_40\1013_chrom650_hexythiazox-2_GREEN.png
test3_31,coumaphos-1,511,1,1,0,0,GREEN,1014,plots\test3_31\1014_chrom511_coumaphos-1_GREEN.png
test3_13,fenpropidin-2,228,2,1,1,0,GREEN,1015,plots\test3_13\1015_chrom228_fenpropidin-2_GREEN.png
test3_4,isoxaflutole-1,219,1,1,0,0,GREEN,1016,plots\test3_4\1016_chrom219_isoxaflutole-1_GREEN.png
test3_46,phenmedipham-2,250,1,1,0,0,GREEN,1017,plots\test3_46\1017_chrom250_phenmedipham-2_GREEN.png
test3_9,metolcarb-2,102,3,1,0,3,RED,1018,plots\test3_9\1018_chrom102_metolcarb-2_RED.png
test3_41,pretilachlor-1,577,1,1,0,0,GREEN,1019,plots\test3_41\1019_chrom577_pretilachlor-1_GREEN.png
test3_6,mepronil-1,329,1,1,0,0,GREEN,1020,plots\test3_6\1020_chrom329_mepronil-1_GREEN.png
test3_35,etofenprox-1,695,1,1,0,0,GREEN,1021,plots\test3_35\1021_chrom695_etofenprox-1_GREEN.png
test3_20,terbufos-1,595,1,1,0,1,YELLOW,1022,plots\test3_20\1022_chrom595_terbufos-1_YELLOW.png
test3_24,orthosulfamuron-1,225,1,1,0,0,GREEN,1023,plots\test3_24\1023_chrom225_orthosulfamuron-1_GREEN.png
test3_30,fenamidone-1,289,1,1,0,0,GREEN,1024,plots\test3_30\1024_chrom289_fenamidone-1_GREEN.png
test3_23,etoxazole-2,670,1,1,0,0,GREEN,1025,plots\test3_23\1025_chrom670_etoxazole-2_GREEN.png
test3_45,quizalofop-ethyl-1,593,1,1,0,0,GREEN,1026,plots\test3_45\1026_chrom593_quizalofop-ethyl-1_GREEN.png
test3_26,tralkoxydim-2,652,1,1,0,1,YELLOW,1027,plots\test3_26\1027_chrom652_tralkoxydim-2_YELLOW.png
test3_26,pyraoxystrobin-1,541,2,1,0,1,RED,1028,plots\test3_26\1028_chrom541_pyraoxystrobin-1_RED.png
test3_48,propoxur-1,129,1,1,0,0,GREEN,1029,plots\test3_48\1029_chrom129_propoxur-1_GREEN.png
test3_55,butralin-1,661,1,1,0,0,GREEN,1030,plots\test3_55\1030_chrom661_butralin-1_GREEN.png
test3_9,triadimefon-1,343,1,1,0,0,GREEN,1031,plots\test3_9\1031_chrom343_triadimefon-1_GREEN.png
test3_11,pyridaphenthion-1,363,1,1,0,0,GREEN,1032,plots\test3_11\1032_chrom363_pyridaphenthion-1_GREEN.png
test3_28,fenpropimorph-1,291,1,1,0,0,GREEN,1033,plots\test3_28\1033_chrom291_fenpropimorph-1_GREEN.png
test3_18,oxadiargyl-2,516,1,1,0,0,GREEN,1034,plots\test3_18\1034_chrom516_oxadiargyl-2_GREEN.png
test3_31,picoxystrobin-2,458,3,1,2,0,GREEN,1035,plots\test3_31\1035_chrom458_picoxystrobin-2_GREEN.png
test3_27,metamitron-1,63,1,1,0,0,GREEN,1036,plots\test3_27\1036_chrom063_metamitron-1_GREEN.png
test3_51,pretilachlor-2,578,1,1,0,0,GREEN,1037,plots\test3_51\1037_chrom578_pretilachlor-2_GREEN.png
test3_5,pyrethrins II-1,585,4,1,1,2,RED,1038,plots\test3_5\1038_chrom585_pyrethrins II-1_RED.png
test3_46,flusilazole-1,429,1,1,0,0,GREEN,1039,plots\test3_46\1039_chrom429_flusilazole-1_GREEN.png
test3_53,pirimicarb-1,167,1,1,0,0,GREEN,1040,plots\test3_53\1040_chrom167_pirimicarb-1_GREEN.png
test3_39,penthiopyrad-2,482,1,1,0,0,GREEN,1041,plots\test3_39\1041_chrom482_penthiopyrad-2_GREEN.png
test3_33,omethoate-1,7,1,1,0,0,GREEN,1042,plots\test3_33\1042_chrom007_omethoate-1_GREEN.png
test3_43,ethoxysulfuron-2,340,1,1,0,0,GREEN,1043,plots\test3_43\1043_chrom340_ethoxysulfuron-2_GREEN.png
test3_42,metolcarb-1,101,1,1,0,0,GREEN,1044,plots\test3_42\1044_chrom101_metolcarb-1_GREEN.png
test3_49,mefenacet-1,355,1,1,0,0,GREEN,1045,plots\test3_49\1045_chrom355_mefenacet-1_GREEN.png
test3_23,metribuzin-1,133,1,1,0,0,GREEN,1046,plots\test3_23\1046_chrom133_metribuzin-1_GREEN.png
test3_20,methoprene-1,693,2,1,0,1,RED,1047,plots\test3_20\1047_chrom693_methoprene-1_RED.png
test3_52,spinetoram L-1,641,1,1,0,0,GREEN,1048,plots\test3_52\1048_chrom641_spinetoram L-1_GREEN.png
test3_23,cyazofamid-1,401,1,1,0,0,GREEN,1049,plots\test3_23\1049_chrom401_cyazofamid-1_GREEN.png
test3_32,fenpyrazamine-1,369,1,1,0,0,GREEN,1050,plots\test3_32\1050_chrom369_fenpyrazamine-1_GREEN.png
test3_3,tebuthiuron-2,156,1,1,0,1,YELLOW,1051,plots\test3_3\1051_chrom156_tebuthiuron-2_YELLOW.png
test3_5,fenamiphos-2,432,1,1,0,0,GREEN,1052,plots\test3_5\1052_chrom432_fenamiphos-2_GREEN.png
test3_46,ethoprophos-1,389,1,1,0,0,GREEN,1053,plots\test3_46\1053_chrom389_ethoprophos-1_GREEN.png
test3_50,fenoxaprop-P-ethyl-2,592,1,1,0,0,GREEN,1054,plots\test3_50\1054_chrom592_fenoxaprop-P-ethyl-2_GREEN.png
test3_30,epoxiconazole-2,406,1,1,0,0,GREEN,1055,plots\test3_30\1055_chrom406_epoxiconazole-2_GREEN.png
test3_21,thifensulfuron-methyl-1,113,1,1,0,0,GREEN,1056,plots\test3_21\1056_chrom113_thifensulfuron-methyl-1_GREEN.png
test3_28,bendiocarb-1,125,1,1,0,0,GREEN,1057,plots\test3_28\1057_chrom125_bendiocarb-1_GREEN.png
test3_52,phosfolan-1,87,1,1,0,0,GREEN,1058,plots\test3_52\1058_chrom087_phosfolan-1_GREEN.png
test3_30,fensulfothion oxon sulfone-2,90,1,1,0,0,GREEN,1059,plots\test3_30\1059_chrom090_fensulfothion oxon sulfone-2_GREEN.png
test3_21,triticonazole-2,374,2,1,1,0,GREEN,1060,plots\test3_21\1060_chrom374_triticonazole-2_GREEN.png
test3_34,triadimefon-2,344,1,1,0,0,GREEN,1061,plots\test3_34\1061_chrom344_triadimefon-2_GREEN.png
test3_35,thifluzamide-1,413,1,1,0,0,GREEN,1062,plots\test3_35\1062_chrom413_thifluzamide-1_GREEN.png
test3_3,quizalofop-ethyl-2,594,1,1,0,0,GREEN,1063,plots\test3_3\1063_chrom594_quizalofop-ethyl-2_GREEN.png
test3_19,thifensulfuron-methyl-1,113,1,1,0,0,GREEN,1064,plots\test3_19\1064_chrom113_thifensulfuron-methyl-1_GREEN.png
test3_13,tau-fluvalinate-1,691,2,1,0,1,RED,1065,plots\test3_13\1065_chrom691_tau-fluvalinate-1_RED.png
test3_11,ethiprole-2,300,1,1,0,0,GREEN,1066,plots\test3_11\1066_chrom300_ethiprole-2_GREEN.png
test3_19,fenamiphos-2,432,1,1,0,0,GREEN,1067,plots\test3_19\1067_chrom432_fenamiphos-2_GREEN.png
test3_31,difenoconazole-2,550,1,1,0,0,GREEN,1068,plots\test3_31\1068_chrom550_difenoconazole-2_GREEN.png
test3_7,fenamiphos-2,432,1,1,0,0,GREEN,1069,plots\test3_7\1069_chrom432_fenamiphos-2_GREEN.png
test3_3,triazophos-2,362,1,1,0,0,GREEN,1070,plots\test3_3\1070_chrom362_triazophos-2_GREEN.png
test3_36,metalaxyl-2,224,1,1,0,0,GREEN,1071,plots\test3_36\1071_chrom224_metalaxyl-2_GREEN.png
test3_19,cadusafos-1,551,1,1,0,0,GREEN,1072,plots\test3_19\1072_chrom551_cadusafos-1_GREEN.png
test3_52,tebuthiuron-2,156,1,1,0,0,GREEN,1073,plots\test3_52\1073_chrom156_tebuthiuron-2_GREEN.png
test3_35,pyrisoxazole-1,303,2,1,0,1,RED,1074,plots\test3_35\1074_chrom303_pyrisoxazole-1_RED.png
test3_34,parathion-1,427,1,1,0,0,GREEN,1075,plots\test3_34\1075_chrom427_parathion-1_GREEN.png
test3_36,acetochlor-2,380,1,1,0,0,GREEN,1076,plots\test3_36\1076_chrom380_acetochlor-2_GREEN.png
test3_5,propoxur-2,130,1,1,0,1,YELLOW,1077,plots\test3_5\1077_chrom130_propoxur-2_YELLOW.png
test3_8,forchlorfenuron-2,214,1,1,0,0,GREEN,1078,plots\test3_8\1078_chrom214_forchlorfenuron-2_GREEN.png
test3_56,isazofos-2,358,1,1,0,0,GREEN,1079,plots\test3_56\1079_chrom358_isazofos-2_GREEN.png
test3_9,phenamacril-2,122,2,1,0,2,RED,1080,plots\test3_9\1080_chrom122_phenamacril-2_RED.png
test3_33,ethion-2,644,1,1,0,0,GREEN,1081,plots\test3_33\1081_chrom644_ethion-2_GREEN.png
test3_11,coumaphos-1,511,1,1,0,0,GREEN,1082,plots\test3_11\1082_chrom511_coumaphos-1_GREEN.png
test3_6,fensulfothion oxon-2,86,2,1,0,2,RED,1083,plots\test3_6\1083_chrom086_fensulfothion oxon-2_RED.png
test3_17,procymidone-2,342,2,1,0,1,RED,1084,plots\test3_17\1084_chrom342_procymidone-2_RED.png
test3_20,alachlor-1,381,1,1,0,0,GREEN,1085,plots\test3_20\1085_chrom381_alachlor-1_GREEN.png
test3_51,pretilachlor-1,577,1,1,0,0,GREEN,1086,plots\test3_51\1086_chrom577_pretilachlor-1_GREEN.png
test3_19,mandipropamid-2,336,1,1,0,0,GREEN,1087,plots\test3_19\1087_chrom336_mandipropamid-2_GREEN.png
test3_54,dinotefuran-1,13,1,1,0,0,GREEN,1088,plots\test3_54\1088_chrom013_dinotefuran-1_GREEN.png
test3_12,hexaconazole-1,485,1,1,0,0,GREEN,1089,plots\test3_12\1089_chrom485_hexaconazole-1_GREEN.png
test3_35,isoproturon-2,204,1,1,0,0,GREEN,1090,plots\test3_35\1090_chrom204_isoproturon-2_GREEN.png
test3_25,flubendiamide-2,504,4,1,0,4,RED,1091,plots\test3_25\1091_chrom504_flubendiamide-2_RED.png
test3_47,mefenacet-2,356,1,1,0,0,GREEN,1092,plots\test3_47\1092_chrom356_mefenacet-2_GREEN.png
test3_13,simazine-2,138,3,1,1,1,RED,1093,plots\test3_13\1093_chrom138_simazine-2_RED.png
test3_23,metolcarb-2,102,1,1,0,1,YELLOW,1094,plots\test3_23\1094_chrom102_metolcarb-2_YELLOW.png
test3_23,spirotetramat-1,403,1,1,0,0,GREEN,1095,plots\test3_23\1095_chrom403_spirotetramat-1_GREEN.png
test3_28,pendimethalin-1,645,1,1,0,0,GREEN,1096,plots\test3_28\1096_chrom645_pendimethalin-1_GREEN.png
test3_50,uniconazole-2,412,2,1,0,1,RED,1097,plots\test3_50\1097_chrom412_uniconazole-2_RED.png
test3_10,paclobutrazol-1,315,2,1,0,1,RED,1098,plots\test3_10\1098_chrom315_paclobutrazol-1_RED.png
test3_14,metaflumizone-2,648,1,1,0,0,GREEN,1099,plots\test3_14\1099_chrom648_metaflumizone-2_GREEN.png
test3_16,aldicarb sulfoxide-1,11,3,1,0,2,RED,1100,plots\test3_16\1100_chrom011_aldicarb sulfoxide-1_RED.png
test3_34,zoxamide-2,480,1,1,0,0,GREEN,1101,plots\test3_34\1101_chrom480_zoxamide-2_GREEN.png
test3_45,forchlorfenuron-1,213,1,1,0,0,GREEN,1102,plots\test3_45\1102_chrom213_forchlorfenuron-1_GREEN.png
test3_29,terbufos sulfone-2,278,2,1,0,1,RED,1103,plots\test3_29\1103_chrom278_terbufos sulfone-2_RED.png
test3_15,metazosulfuron-1,241,1,1,0,0,GREEN,1104,plots\test3_15\1104_chrom241_metazosulfuron-1_GREEN.png
test3_11,metolcarb-1,101,2,1,0,2,RED,1105,plots\test3_11\1105_chrom101_metolcarb-1_RED.png
test3_4,phosphamidon-2,104,2,1,0,1,RED,1106,plots\test3_4\1106_chrom104_phosphamidon-2_RED.png
test3_40,carbofuran-2,136,1,1,0,0,GREEN,1107,plots\test3_40\1107_chrom136_carbofuran-2_GREEN.png
test3_7,fluopyram-1,371,1,1,0,0,GREEN,1108,plots\test3_7\1108_chrom371_fluopyram-1_GREEN.png
test3_38,mefenacet-2,356,1,1,0,0,GREEN,1109,plots\test3_38\1109_chrom356_mefenacet-2_GREEN.png
test3_16,chromafenozide-2,408,4,1,2,1,RED,1110,plots\test3_16\1110_chrom408_chromafenozide-2_RED.png
test3_22,teflubenzuron-1,601,3,0,0,3,RED,1111,plots\test3_22\1111_chrom601_teflubenzuron-1_RED.png
test3_29,chlorbenzuron-1,441,1,1,0,0,GREEN,1112,plots\test3_29\1112_chrom441_chlorbenzuron-1_GREEN.png
test3_46,quizalofop-ethyl-2,594,1,1,0,0,GREEN,1113,plots\test3_46\1113_chrom594_quizalofop-ethyl-2_GREEN.png
test3_25,pyraflufen-ethyl-2,500,1,1,0,0,GREEN,1114,plots\test3_25\1114_chrom500_pyraflufen-ethyl-2_GREEN.png
test3_7,fenbuconazole-1,415,1,1,0,0,GREEN,1115,plots\test3_7\1115_chrom415_fenbuconazole-1_GREEN.png
test3_51,tebufenozide-2,464,1,1,0,0,GREEN,1116,plots\test3_51\1116_chrom464_tebufenozide-2_GREEN.png
test3_15,uniconazole-2,412,2,1,0,1,RED,1117,plots\test3_15\1117_chrom412_uniconazole-2_RED.png
test3_42,fenbuconazole-2,416,1,1,0,0,GREEN,1118,plots\test3_42\1118_chrom416_fenbuconazole-2_GREEN.png
test3_22,oxydemeton-methyl-2,20,2,1,0,2,RED,1119,plots\test3_22\1119_chrom020_oxydemeton-methyl-2_RED.png
test3_19,trichlorfon-1,59,1,1,0,1,YELLOW,1120,plots\test3_19\1120_chrom059_trichlorfon-1_YELLOW.png
test3_11,propaquizafop-1,625,1,1,0,0,GREEN,1121,plots\test3_11\1121_chrom625_propaquizafop-1_GREEN.png
test3_43,molinate-2,314,1,1,0,0,GREEN,1122,plots\test3_43\1122_chrom314_molinate-2_GREEN.png
test3_26,propisochlor-1,397,2,1,1,0,GREEN,1123,plots\test3_26\1123_chrom397_propisochlor-1_GREEN.png
test3_9,thiabendazole-2,94,1,1,0,0,GREEN,1124,plots\test3_9\1124_chrom094_thiabendazole-2_GREEN.png
test3_3,pyriftalid-2,272,1,1,0,0,GREEN,1125,plots\test3_3\1125_chrom272_pyriftalid-2_GREEN.png
test3_29,metazachlor-2,208,1,1,0,0,GREEN,1126,plots\test3_29\1126_chrom208_metazachlor-2_GREEN.png
test3_55,terbuthylazine-1,295,1,1,0,0,GREEN,1127,plots\test3_55\1127_chrom295_terbuthylazine-1_GREEN.png
test3_44,piperonyl butoxide-1,637,1,1,0,0,GREEN,1128,plots\test3_44\1128_chrom637_piperonyl butoxide-1_GREEN.png
test3_21,cyflumetofen-2,610,1,1,0,0,GREEN,1129,plots\test3_21\1129_chrom610_cyflumetofen-2_GREEN.png
test3_30,pirimicarb-2,168,1,1,0,0,GREEN,1130,plots\test3_30\1130_chrom168_pirimicarb-2_GREEN.png
test3_52,fensulfothion oxon-2,86,1,1,0,0,GREEN,1131,plots\test3_52\1131_chrom086_fensulfothion oxon-2_GREEN.png
test3_16,penthiopyrad-2,482,1,1,0,0,GREEN,1132,plots\test3_16\1132_chrom482_penthiopyrad-2_GREEN.png
test3_33,dicrotophos-1,33,1,1,0,0,GREEN,1133,plots\test3_33\1133_chrom033_dicrotophos-1_GREEN.png
test3_28,formothion-1,95,1,1,0,0,GREEN,1134,plots\test3_28\1134_chrom095_formothion-1_GREEN.png
test3_5,fensulfothion oxon sulfone-1,89,1,1,0,0,GREEN,1135,plots\test3_5\1135_chrom089_fensulfothion oxon sulfone-1_GREEN.png
test3_30,fenpropathrin-1,671,1,1,0,0,GREEN,1136,plots\test3_30\1136_chrom671_fenpropathrin-1_GREEN.png
test3_55,trichlorfon-2,60,1,1,0,0,GREEN,1137,plots\test3_55\1137_chrom060_trichlorfon-2_GREEN.png
test3_37,bifenox-2,536,2,1,0,2,RED,1138,plots\test3_37\1138_chrom536_bifenox-2_RED.png
test3_45,imidaclothiz-2,46,1,1,0,0,GREEN,1139,plots\test3_45\1139_chrom046_imidaclothiz-2_GREEN.png
test3_56,dimepiperate-2,544,1,1,0,0,GREEN,1140,plots\test3_56\1140_chrom544_dimepiperate-2_GREEN.png
test3_34,napropamide-2,388,1,1,0,0,GREEN,1141,plots\test3_34\1141_chrom388_napropamide-2_GREEN.png
test3_42,propoxur-2,130,1,1,0,0,GREEN,1142,plots\test3_42\1142_chrom130_propoxur-2_GREEN.png
test3_26,phosfolan-methyl-2,32,1,1,0,0,GREEN,1143,plots\test3_26\1143_chrom032_phosfolan-methyl-2_GREEN.png
test3_47,boscalid-2,306,1,1,0,0,GREEN,1144,plots\test3_47\1144_chrom306_boscalid-2_GREEN.png
test3_20,oxaziclomefone-2,598,1,1,0,0,GREEN,1145,plots\test3_20\1145_chrom598_oxaziclomefone-2_GREEN.png
test3_21,diuron-2,206,1,1,0,0,GREEN,1146,plots\test3_21\1146_chrom206_diuron-2_GREEN.png
test3_7,diethyl aminoethyl hexanoate-2,54,1,1,0,0,GREEN,1147,plots\test3_7\1147_chrom054_diethyl aminoethyl hexanoate-2_GREEN.png
test3_40,propamocarb-2,4,1,1,0,0,GREEN,1148,plots\test3_40\1148_chrom004_propamocarb-2_GREEN.png
test3_16,triazophos-2,362,1,1,0,0,GREEN,1149,plots\test3_16\1149_chrom362_triazophos-2_GREEN.png
test3_28,oxamyl oxime-2,10,1,1,0,0,GREEN,1150,plots\test3_28\1150_chrom010_oxamyl oxime-2_GREEN.png
test3_33,spirodiclofen-2,684,1,1,0,0,GREEN,1151,plots\test3_33\1151_chrom684_spirodiclofen-2_GREEN.png
test3_47,spinosad A-2,556,1,1,0,0,GREEN,1152,plots\test3_47\1152_chrom556_spinosad A-2_GREEN.png
test3_48,pyrethrins II-2,586,1,1,0,0,GREEN,1153,plots\test3_48\1153_chrom586_pyrethrins II-2_GREEN.png
test3_17,oxamyl oxime-1,9,1,1,0,0,GREEN,1154,plots\test3_17\1154_chrom009_oxamyl oxime-1_GREEN.png
test3_30,vamidothion-2,50,1,1,0,0,GREEN,1155,plots\test3_30\1155_chrom050_vamidothion-2_GREEN.png
test3_14,propiconazole-2,492,1,1,0,0,GREEN,1156,plots\test3_14\1156_chrom492_propiconazole-2_GREEN.png
test3_45,rotenone-1,433,1,1,0,0,GREEN,1157,plots\test3_45\1157_chrom433_rotenone-1_GREEN.png
test3_52,dimoxystrobin-1,435,1,1,0,0,GREEN,1158,plots\test3_52\1158_chrom435_dimoxystrobin-1_GREEN.png
test3_20,fensulfothion sulfone-1,233,1,1,0,0,GREEN,1159,plots\test3_20\1159_chrom233_fensulfothion sulfone-1_GREEN.png
test3_9,fonofos-2,462,1,1,0,0,GREEN,1160,plots\test3_9\1160_chrom462_fonofos-2_GREEN.png
test3_43,metalaxyl-1,223,1,1,0,0,GREEN,1161,plots\test3_43\1161_chrom223_metalaxyl-1_GREEN.png
test3_47,tricyclazole-1,91,1,1,0,0,GREEN,1162,plots\test3_47\1162_chrom091_tricyclazole-1_GREEN.png
test3_51,florasulam-1,83,1,1,0,1,YELLOW,1163,plots\test3_51\1163_chrom083_florasulam-1_YELLOW.png
test3_45,piperonyl butoxide-2,638,1,1,0,0,GREEN,1164,plots\test3_45\1164_chrom638_piperonyl butoxide-2_GREEN.png
test3_39,chlorimuron-ethyl-2,326,1,1,0,0,GREEN,1165,plots\test3_39\1165_chrom326_chlorimuron-ethyl-2_GREEN.png
test3_14,azoxystrobin-1,309,1,1,0,0,GREEN,1166,plots\test3_14\1166_chrom309_azoxystrobin-1_GREEN.png
test3_38,bioresmethrin-1,689,1,1,0,0,GREEN,1167,plots\test3_38\1167_chrom689_bioresmethrin-1_GREEN.png
test3_43,pirimicarb-desmethyl-2,82,1,1,0,0,GREEN,1168,plots\test3_43\1168_chrom082_pirimicarb-desmethyl-2_GREEN.png
test3_44,chlorpropham-1,311,1,1,0,0,GREEN,1169,plots\test3_44\1169_chrom311_chlorpropham-1_GREEN.png
test3_55,tolfenpyrad-1,631,1,1,0,0,GREEN,1170,plots\test3_55\1170_chrom631_tolfenpyrad-1_GREEN.png
test3_12,teflubenzuron-2,602,5,1,0,5,RED,1171,plots\test3_12\1171_chrom602_teflubenzuron-2_RED.png
test3_38,phosalone-1,519,1,1,0,0,GREEN,1172,plots\test3_38\1172_chrom519_phosalone-1_GREEN.png
test3_28,cyproconazole-2,410,2,1,0,1,RED,1173,plots\test3_28\1173_chrom410_cyproconazole-2_RED.png
test3_24,phenthoate-2,452,2,1,0,1,RED,1174,plots\test3_24\1174_chrom452_phenthoate-2_RED.png
test3_55,fenaminstrobin-1,587,1,1,0,0,GREEN,1175,plots\test3_55\1175_chrom587_fenaminstrobin-1_GREEN.png
test3_35,terbufos sulfone-1,277,1,1,0,0,GREEN,1176,plots\test3_35\1176_chrom277_terbufos sulfone-1_GREEN.png
test3_37,iodosulfuron-methyl-sodium-1,229,1,1,0,0,GREEN,1177,plots\test3_37\1177_chrom229_iodosulfuron-methyl-sodium-1_GREEN.png
test3_52,alachlor-1,381,1,1,0,0,GREEN,1178,plots\test3_52\1178_chrom381_alachlor-1_GREEN.png
test3_28,bendiocarb-2,126,2,1,1,0,GREEN,1179,plots\test3_28\1179_chrom126_bendiocarb-2_GREEN.png
test3_7,metconazole-2,506,1,1,0,0,GREEN,1180,plots\test3_7\1180_chrom506_metconazole-2_GREEN.png
test3_3,demeton-S-sulfone-1,73,1,1,0,0,GREEN,1181,plots\test3_3\1181_chrom073_demeton-S-sulfone-1_GREEN.png
test3_50,tribenuron-methyl-2,216,1,1,0,0,GREEN,1182,plots\test3_50\1182_chrom216_tribenuron-methyl-2_GREEN.png
test3_11,butachlor-2,576,6,1,4,1,RED,1183,plots\test3_11\1183_chrom576_butachlor-2_RED.png
test3_26,pretilachlor-2,578,1,1,0,0,GREEN,1184,plots\test3_26\1184_chrom578_pretilachlor-2_GREEN.png
test3_40,halosulfuron-methyl-1,301,1,1,0,0,GREEN,1185,plots\test3_40\1185_chrom301_halosulfuron-methyl-1_GREEN.png
test3_23,demeton-S-sulfone-2,74,1,1,0,0,GREEN,1186,plots\test3_23\1186_chrom074_demeton-S-sulfone-2_GREEN.png
test3_50,ipconazole-2,564,2,1,0,1,RED,1187,plots\test3_50\1187_chrom564_ipconazole-2_RED.png
test3_39,pyrethrins II-1,585,1,1,0,0,GREEN,1188,plots\test3_39\1188_chrom585_pyrethrins II-1_GREEN.png
test3_9,flurtamone-2,298,1,1,0,0,GREEN,1189,plots\test3_9\1189_chrom298_flurtamone-2_GREEN.png
test3_21,terbuthylazine-1,295,1,1,0,0,GREEN,1190,plots\test3_21\1190_chrom295_terbuthylazine-1_GREEN.png
test3_46,fenaminstrobin-1,587,1,1,0,0,GREEN,1191,plots\test3_46\1191_chrom587_fenaminstrobin-1_GREEN.png
test3_53,pyraflufen-ethyl-2,500,1,1,0,0,GREEN,1192,plots\test3_53\1192_chrom500_pyraflufen-ethyl-2_GREEN.png
test3_25,propanil-1,265,1,1,0,0,GREEN,1193,plots\test3_25\1193_chrom265_propanil-1_GREEN.png
test3_46,phosfolan-methyl-1,31,1,1,0,0,GREEN,1194,plots\test3_46\1194_chrom031_phosfolan-methyl-1_GREEN.png
test3_21,metribuzin-1,133,1,1,0,0,GREEN,1195,plots\test3_21\1195_chrom133_metribuzin-1_GREEN.png
test3_30,triflumizole-2,566,1,1,0,0,GREEN,1196,plots\test3_30\1196_chrom566_triflumizole-2_GREEN.png
test3_30,disulfoton sulfoxide-1,179,1,1,0,0,GREEN,1197,plots\test3_30\1197_chrom179_disulfoton sulfoxide-1_GREEN.png
test3_29,oxyfluorfen-1,603,2,1,1,0,GREEN,1198,plots\test3_29\1198_chrom603_oxyfluorfen-1_GREEN.png
test3_26,quinalphos-1,439,1,1,0,0,GREEN,1199,plots\test3_26\1199_chrom439_quinalphos-1_GREEN.png
test3_18,methiocarb-2,280,1,1,0,0,GREEN,1200,plots\test3_18\1200_chrom280_methiocarb-2_GREEN.png
test3_48,fenobucarb-2,260,1,1,0,0,GREEN,1201,plots\test3_48\1201_chrom260_fenobucarb-2_GREEN.png
test3_50,fenarimol-1,377,1,1,0,0,GREEN,1202,plots\test3_50\1202_chrom377_fenarimol-1_GREEN.png
test3_35,phosfolan-2,88,1,1,0,0,GREEN,1203,plots\test3_35\1203_chrom088_phosfolan-2_GREEN.png
test3_21,omethoate-1,7,1,1,0,0,GREEN,1204,plots\test3_21\1204_chrom007_omethoate-1_GREEN.png
test3_4,flumetralin-2,664,4,1,2,1,RED,1205,plots\test3_4\1205_chrom664_flumetralin-2_RED.png
test3_46,Diclobutrazol-2,450,3,1,0,2,RED,1206,plots\test3_46\1206_chrom450_Diclobutrazol-2_RED.png
test3_7,terbufos sulfone-2,278,1,1,0,1,RED,1207,plots\test3_7\1207_chrom278_terbufos sulfone-2_RED.png
test3_44,dichlorvos-2,116,1,1,0,0,GREEN,1208,plots\test3_44\1208_chrom116_dichlorvos-2_GREEN.png
test3_4,zoxamide-2,480,2,1,0,1,RED,1209,plots\test3_4\1209_chrom480_zoxamide-2_RED.png
test3_4,tritosulfuron-2,200,3,1,0,3,RED,1210,plots\test3_4\1210_chrom200_tritosulfuron-2_RED.png
test3_16,diflubenzuron-2,400,2,1,0,1,RED,1211,plots\test3_16\1211_chrom400_diflubenzuron-2_RED.png
test3_23,chlorbenzuron-2,442,1,1,0,0,GREEN,1212,plots\test3_23\1212_chrom442_chlorbenzuron-2_GREEN.png
test3_28,chromafenozide-2,408,1,1,0,0,GREEN,1213,plots\test3_28\1213_chrom408_chromafenozide-2_GREEN.png
test3_48,carbaryl-1,157,1,1,0,0,GREEN,1214,plots\test3_48\1214_chrom157_carbaryl-1_GREEN.png
test3_39,chlorantraniliprole-1,253,1,1,0,0,GREEN,1215,plots\test3_39\1215_chrom253_chlorantraniliprole-1_GREEN.png
test3_36,phosphamidon-2,104,1,1,0,0,GREEN,1216,plots\test3_36\1216_chrom104_phosphamidon-2_GREEN.png
test3_17,mevinphos-1,79,2,1,1,0,GREEN,1217,plots\test3_17\1217_chrom079_mevinphos-1_GREEN.png
test3_45,flufenacet-2,384,1,1,0,0,GREEN,1218,plots\test3_45\1218_chrom384_flufenacet-2_GREEN.png
test3_8,orthosulfamuron-2,226,2,1,0,1,RED,1219,plots\test3_8\1219_chrom226_orthosulfamuron-2_RED.png
test3_23,propiconazole-1,491,1,1,0,0,GREEN,1220,plots\test3_23\1220_chrom491_propiconazole-1_GREEN.png
test3_51,mandipropamid-2,336,1,1,0,0,GREEN,1221,plots\test3_51\1221_chrom336_mandipropamid-2_GREEN.png
test3_21,parathion-1,427,1,1,0,0,GREEN,1222,plots\test3_21\1222_chrom427_parathion-1_GREEN.png
test3_9,atrazine-2,196,1,1,0,0,GREEN,1223,plots\test3_9\1223_chrom196_atrazine-2_GREEN.png
test3_48,alachlor-1,381,1,1,0,0,GREEN,1224,plots\test3_48\1224_chrom381_alachlor-1_GREEN.png
test3_53,mefenacet-2,356,1,1,0,0,GREEN,1225,plots\test3_53\1225_chrom356_mefenacet-2_GREEN.png
test3_17,lactofen-1,633,1,1,0,0,GREEN,1226,plots\test3_17\1226_chrom633_lactofen-1_GREEN.png
test3_26,ivermectin B1a-1,703,1,1,0,0,GREEN,1227,plots\test3_26\1227_chrom703_ivermectin B1a-1_GREEN.png
test3_34,thiacloprid-1,75,1,1,0,0,GREEN,1228,plots\test3_34\1228_chrom075_thiacloprid-1_GREEN.png
test3_49,tricyclazole-2,92,1,1,0,0,GREEN,1229,plots\test3_49\1229_chrom092_tricyclazole-2_GREEN.png
test3_24,simetryn-2,178,1,1,0,0,GREEN,1230,plots\test3_24\1230_chrom178_simetryn-2_GREEN.png
test3_6,isoprocarb-1,185,1,1,0,0,GREEN,1231,plots\test3_6\1231_chrom185_isoprocarb-1_GREEN.png
test3_41,iodosulfuron-methyl-sodium-2,230,1,1,0,0,GREEN,1232,plots\test3_41\1232_chrom230_iodosulfuron-methyl-sodium-2_GREEN.png
test3_55,prochloraz metabolite BTS44595-1,487,1,1,0,0,GREEN,1233,plots\test3_55\1233_chrom487_prochloraz metabolite BTS44595-1_GREEN.png
test3_27,sedaxane-2,346,2,1,0,1,RED,1234,plots\test3_27\1234_chrom346_sedaxane-2_RED.png
test3_55,phoxim-2,438,1,1,0,0,GREEN,1235,plots\test3_55\1235_chrom438_phoxim-2_GREEN.png
test3_55,metalaxyl-2,224,1,1,0,0,GREEN,1236,plots\test3_55\1236_chrom224_metalaxyl-2_GREEN.png
test3_55,prochloraz metabolite BTS44595-2,488,1,1,0,0,GREEN,1237,plots\test3_55\1237_chrom488_prochloraz metabolite BTS44595-2_GREEN.png
test3_20,penoxsulam-1,171,1,1,0,0,GREEN,1238,plots\test3_20\1238_chrom171_penoxsulam-1_GREEN.png
test3_55,carfentrazone-ethyl-1,471,1,1,0,0,GREEN,1239,plots\test3_55\1239_chrom471_carfentrazone-ethyl-1_GREEN.png
test3_15,fluopyram-2,372,1,1,0,0,GREEN,1240,plots\test3_15\1240_chrom372_fluopyram-2_GREEN.png
test3_47,thiamethoxam-1,25,1,1,0,0,GREEN,1241,plots\test3_47\1241_chrom025_thiamethoxam-1_GREEN.png
test3_20,vamidothion-1,49,1,1,0,0,GREEN,1242,plots\test3_20\1242_chrom049_vamidothion-1_GREEN.png
test3_18,isoproturon-2,204,1,1,0,1,YELLOW,1243,plots\test3_18\1243_chrom204_isoproturon-2_YELLOW.png
test3_6,napropamide-1,387,3,1,0,2,RED,1244,plots\test3_6\1244_chrom387_napropamide-1_RED.png
test3_9,cyflumetofen-1,609,3,1,0,3,RED,1245,plots\test3_9\1245_chrom609_cyflumetofen-1_RED.png
test3_43,fenpropimorph-2,292,1,1,0,0,GREEN,1246,plots\test3_43\1246_chrom292_fenpropimorph-2_GREEN.png
test3_47,fluopicolide-2,322,1,1,0,0,GREEN,1247,plots\test3_47\1247_chrom322_fluopicolide-2_GREEN.png
test3_50,cyprodinil-1,419,1,1,0,0,GREEN,1248,plots\test3_50\1248_chrom419_cyprodinil-1_GREEN.png
test3_14,isoprothiolane-2,328,2,1,1,0,GREEN,1249,plots\test3_14\1249_chrom328_isoprothiolane-2_GREEN.png
test3_28,fenoxanil-1,421,1,1,0,0,GREEN,1250,plots\test3_28\1250_chrom421_fenoxanil-1_GREEN.png
test3_14,triflumizole metabolite FM-6-1-1,105,1,1,0,0,GREEN,1251,plots\test3_14\1251_chrom105_triflumizole metabolite FM-6-1-1_GREEN.png
test3_50,oxamyl oxime-2,10,1,1,0,0,GREEN,1252,plots\test3_50\1252_chrom010_oxamyl oxime-2_GREEN.png
test3_39,tricyclazole-2,92,1,1,0,0,GREEN,1253,plots\test3_39\1253_chrom092_tricyclazole-2_GREEN.png
test3_28,pretilachlor-2,578,1,1,0,0,GREEN,1254,plots\test3_28\1254_chrom578_pretilachlor-2_GREEN.png
test3_19,prochloraz metabolite BTS44595-1,487,1,1,0,0,GREEN,1255,plots\test3_19\1255_chrom487_prochloraz metabolite BTS44595-1_GREEN.png
test3_15,flonicamid-2,24,2,1,1,1,YELLOW,1256,plots\test3_15\1256_chrom024_flonicamid-2_YELLOW.png
test3_20,kresoxim-methyl-1,443,1,1,0,0,GREEN,1257,plots\test3_20\1257_chrom443_kresoxim-methyl-1_GREEN.png
test3_50,simazine-2,138,1,1,0,0,GREEN,1258,plots\test3_50\1258_chrom138_simazine-2_GREEN.png
test3_6,thiophanate-methyl-1,119,1,1,0,0,GREEN,1259,plots\test3_6\1259_chrom119_thiophanate-methyl-1_GREEN.png
test3_25,EPN-1,545,1,1,0,0,GREEN,1260,plots\test3_25\1260_chrom545_EPN-1_GREEN.png
test3_27,flufenoxuron-2,668,1,1,0,0,GREEN,1261,plots\test3_27\1261_chrom668_flufenoxuron-2_GREEN.png
test3_27,pirimicarb-desmethyl-1,81,1,1,0,0,GREEN,1262,plots\test3_27\1262_chrom081_pirimicarb-desmethyl-1_GREEN.png
test3_34,metazachlor-2,208,1,1,0,0,GREEN,1263,plots\test3_34\1263_chrom208_metazachlor-2_GREEN.png
test3_21,disulfoton sulfoxide-1,179,1,1,0,0,GREEN,1264,plots\test3_21\1264_chrom179_disulfoton sulfoxide-1_GREEN.png
test3_11,isazofos-1,357,1,1,0,0,GREEN,1265,plots\test3_11\1265_chrom357_isazofos-1_GREEN.png
test3_34,pirimicarb-desmethyl-formamido-2,142,1,1,0,0,GREEN,1266,plots\test3_34\1266_chrom142_pirimicarb-desmethyl-formamido-2_GREEN.png
test3_20,phorate sulfone-1,191,2,1,0,1,RED,1267,plots\test3_20\1267_chrom191_phorate sulfone-1_RED.png
test3_10,cyantraniliprole-1,169,1,1,0,0,GREEN,1268,plots\test3_10\1268_chrom169_cyantraniliprole-1_GREEN.png
test3_50,myclobutanil-1,333,1,1,0,0,GREEN,1269,plots\test3_50\1269_chrom333_myclobutanil-1_GREEN.png
test3_8,ethion-2,644,3,1,0,2,RED,1270,plots\test3_8\1270_chrom644_ethion-2_RED.png
test3_35,spinosad D-2,590,1,1,0,0,GREEN,1271,plots\test3_35\1271_chrom590_spinosad D-2_GREEN.png
test3_6,terbufos sulfoxide-2,284,3,1,0,3,RED,1272,plots\test3_6\1272_chrom284_terbufos sulfoxide-2_RED.png
test3_41,iprovalicarb-2,376,1,1,0,0,GREEN,1273,plots\test3_41\1273_chrom376_iprovalicarb-2_GREEN.png
test3_47,fenbuconazole-2,416,1,1,0,0,GREEN,1274,plots\test3_47\1274_chrom416_fenbuconazole-2_GREEN.png
test3_54,flumetralin-2,664,1,1,0,0,GREEN,1275,plots\test3_54\1275_chrom664_flumetralin-2_GREEN.png
test3_50,pyrisoxazole-1,303,2,1,0,1,RED,1276,plots\test3_50\1276_chrom303_pyrisoxazole-1_RED.png
test3_5,silthiofam-1,447,2,1,0,2,RED,1277,plots\test3_5\1277_chrom447_silthiofam-1_RED.png
test3_31,fenpropathrin-1,671,2,1,1,0,GREEN,1278,plots\test3_31\1278_chrom671_fenpropathrin-1_GREEN.png
test3_27,butachlor-2,576,1,1,0,0,GREEN,1279,plots\test3_27\1279_chrom576_butachlor-2_GREEN.png
test3_46,napropamide-1,387,1,1,0,0,GREEN,1280,plots\test3_46\1280_chrom387_napropamide-1_GREEN.png
test3_19,pirimiphos-methyl-2,514,1,1,0,0,GREEN,1281,plots\test3_19\1281_chrom514_pirimiphos-methyl-2_GREEN.png
test3_12,oxadiargyl-2,516,6,1,4,1,RED,1282,plots\test3_12\1282_chrom516_oxadiargyl-2_RED.png
test3_25,propiconazole-2,492,1,1,0,0,GREEN,1283,plots\test3_25\1283_chrom492_propiconazole-2_GREEN.png
test3_20,edifenphos-2,494,1,1,0,0,GREEN,1284,plots\test3_20\1284_chrom494_edifenphos-2_GREEN.png
test3_33,phorate-1,495,1,1,0,0,GREEN,1285,plots\test3_33\1285_chrom495_phorate-1_GREEN.png
test3_15,Chloridazon-1,71,1,1,0,0,GREEN,1286,plots\test3_15\1286_chrom071_Chloridazon-1_GREEN.png
test3_40,methidathion-2,236,1,1,0,0,GREEN,1287,plots\test3_40\1287_chrom236_methidathion-2_GREEN.png
test3_24,pyridalyl-2,702,1,1,0,0,GREEN,1288,plots\test3_24\1288_chrom702_pyridalyl-2_GREEN.png
test3_33,pyraclostrobin-1,529,1,1,0,0,GREEN,1289,plots\test3_33\1289_chrom529_pyraclostrobin-1_GREEN.png
test3_3,tolfenpyrad-1,631,1,1,0,0,GREEN,1290,plots\test3_3\1290_chrom631_tolfenpyrad-1_GREEN.png
test3_17,vamidothion-1,49,1,1,0,0,GREEN,1291,plots\test3_17\1291_chrom049_vamidothion-1_GREEN.png
test3_32,chlortoluron-2,176,1,1,0,0,GREEN,1292,plots\test3_32\1292_chrom176_chlortoluron-2_GREEN.png
test3_15,amidosulfuron-1,149,1,1,0,0,GREEN,1293,plots\test3_15\1293_chrom149_amidosulfuron-1_GREEN.png
test3_4,flutriafol-2,194,3,1,0,2,RED,1294,plots\test3_4\1294_chrom194_flutriafol-2_RED.png
test3_25,etofenprox-1,695,3,1,0,2,RED,1295,plots\test3_25\1295_chrom695_etofenprox-1_RED.png
test3_4,trichlorfon-1,59,3,1,0,2,RED,1296,plots\test3_4\1296_chrom059_trichlorfon-1_RED.png
test3_34,chromafenozide-2,408,1,1,0,0,GREEN,1297,plots\test3_34\1297_chrom408_chromafenozide-2_GREEN.png
test3_29,cyazofamid-1,401,1,1,0,0,GREEN,1298,plots\test3_29\1298_chrom401_cyazofamid-1_GREEN.png
test3_33,fenarimol-2,378,1,1,0,0,GREEN,1299,plots\test3_33\1299_chrom378_fenarimol-2_GREEN.png
test3_17,disulfoton sulfone-1,187,1,1,0,0,GREEN,1300,plots\test3_17\1300_chrom187_disulfoton sulfone-1_GREEN.png
test3_32,fensulfothion oxon sulfone-2,90,1,1,0,0,GREEN,1301,plots\test3_32\1301_chrom090_fensulfothion oxon sulfone-2_GREEN.png
test3_24,oxydemeton-methyl-1,19,1,1,0,0,GREEN,1302,plots\test3_24\1302_chrom019_oxydemeton-methyl-1_GREEN.png
test3_30,tebufenozide-2,464,2,1,0,1,RED,1303,plots\test3_30\1303_chrom464_tebufenozide-2_RED.png
test3_9,fenamidone-2,290,1,1,0,0,GREEN,1304,plots\test3_9\1304_chrom290_fenamidone-2_GREEN.png
test3_23,pretilachlor-1,577,1,1,0,0,GREEN,1305,plots\test3_23\1305_chrom577_pretilachlor-1_GREEN.png
test3_29,clethodim sulfone-1,231,1,1,0,0,GREEN,1306,plots\test3_29\1306_chrom231_clethodim sulfone-1_GREEN.png
test3_15,pyraoxystrobin-1,541,1,1,0,0,GREEN,1307,plots\test3_15\1307_chrom541_pyraoxystrobin-1_GREEN.png
test3_40,flutriafol-1,193,1,1,0,0,GREEN,1308,plots\test3_40\1308_chrom193_flutriafol-1_GREEN.png
test3_40,metconazole-1,505,2,1,0,1,RED,1309,plots\test3_40\1309_chrom505_metconazole-1_RED.png
test3_47,chlorbenzuron-1,441,1,1,0,0,GREEN,1310,plots\test3_47\1310_chrom441_chlorbenzuron-1_GREEN.png
test3_51,Proquinazid-2,676,1,1,0,0,GREEN,1311,plots\test3_51\1311_chrom676_Proquinazid-2_GREEN.png
test3_48,clethodim-1,571,1,1,0,1,YELLOW,1312,plots\test3_48\1312_chrom571_clethodim-1_YELLOW.png
test3_32,ametryn-1,251,1,1,0,0,GREEN,1313,plots\test3_32\1313_chrom251_ametryn-1_GREEN.png
test3_39,malaoxon-2,148,1,1,0,0,GREEN,1314,plots\test3_39\1314_chrom148_malaoxon-2_GREEN.png
test3_49,bensulfuron-methyl-2,274,1,1,0,0,GREEN,1315,plots\test3_49\1315_chrom274_bensulfuron-methyl-2_GREEN.png
test3_18,demeton-S-sulfone-2,74,1,1,0,0,GREEN,1316,plots\test3_18\1316_chrom074_demeton-S-sulfone-2_GREEN.png
test3_42,albendazole-2,268,1,1,0,0,GREEN,1317,plots\test3_42\1317_chrom268_albendazole-2_GREEN.png
test3_47,cymoxanil-1,77,1,1,0,0,GREEN,1318,plots\test3_47\1318_chrom077_cymoxanil-1_GREEN.png
test3_55,cyclosulfamuron-1,391,1,1,0,0,GREEN,1319,plots\test3_55\1319_chrom391_cyclosulfamuron-1_GREEN.png
test3_51,cycloxydim-1,561,1,1,0,0,GREEN,1320,plots\test3_51\1320_chrom561_cycloxydim-1_GREEN.png
test3_8,phosmet oxon-2,98,2,1,0,1,RED,1321,plots\test3_8\1321_chrom098_phosmet oxon-2_RED.png
test3_54,hexazinone-1,139,1,1,0,0,GREEN,1322,plots\test3_54\1322_chrom139_hexazinone-1_GREEN.png
test3_7,fonofos-2,462,1,1,0,0,GREEN,1323,plots\test3_7\1323_chrom462_fonofos-2_GREEN.png
test3_4,methacrifos-2,190,1,1,0,1,YELLOW,1324,plots\test3_4\1324_chrom190_methacrifos-2_YELLOW.png
test3_33,iprobenfos-2,470,1,1,0,0,GREEN,1325,plots\test3_33\1325_chrom470_iprobenfos-2_GREEN.png
test3_21,probenazole-2,112,1,1,0,0,GREEN,1326,plots\test3_21\1326_chrom112_probenazole-2_GREEN.png
test3_47,chlorpropham-2,312,1,1,0,0,GREEN,1327,plots\test3_47\1327_chrom312_chlorpropham-2_GREEN.png
test3_49,bendiocarb-1,125,1,1,0,0,GREEN,1328,plots\test3_49\1328_chrom125_bendiocarb-1_GREEN.png
test3_38,imidaclothiz-2,46,1,1,0,0,GREEN,1329,plots\test3_38\1329_chrom046_imidaclothiz-2_GREEN.png
test3_54,methacrifos-1,189,1,1,0,0,GREEN,1330,plots\test3_54\1330_chrom189_methacrifos-1_GREEN.png
test3_32,acetochlor-1,379,1,1,0,0,GREEN,1331,plots\test3_32\1331_chrom379_acetochlor-1_GREEN.png
test3_56,fensulfothion-1,217,1,1,0,0,GREEN,1332,plots\test3_56\1332_chrom217_fensulfothion-1_GREEN.png
test3_12,iprovalicarb-1,375,1,1,0,0,GREEN,1333,plots\test3_12\1333_chrom375_iprovalicarb-1_GREEN.png
test3_26,cyclosulfamuron-2,392,1,1,0,0,GREEN,1334,plots\test3_26\1334_chrom392_cyclosulfamuron-2_GREEN.png
test3_52,flucetosulfuron-1,275,1,1,0,0,GREEN,1335,plots\test3_52\1335_chrom275_flucetosulfuron-1_GREEN.png
test3_27,methoprene-2,694,2,1,0,1,RED,1336,plots\test3_27\1336_chrom694_methoprene-2_RED.png
test3_45,diethyl aminoethyl hexanoate-2,54,1,1,0,1,YELLOW,1337,plots\test3_45\1337_chrom054_diethyl aminoethyl hexanoate-2_YELLOW.png
test3_52,disulfoton sulfone-2,188,1,1,0,0,GREEN,1338,plots\test3_52\1338_chrom188_disulfoton sulfone-2_GREEN.png
test3_34,flumorph-1,243,1,1,0,0,GREEN,1339,plots\test3_34\1339_chrom243_flumorph-1_GREEN.png
test3_52,azinphos-methyl-2,248,1,1,0,0,GREEN,1340,plots\test3_52\1340_chrom248_azinphos-methyl-2_GREEN.png
test3_20,mesosulfuron-methyl-2,202,1,1,0,0,GREEN,1341,plots\test3_20\1341_chrom202_mesosulfuron-methyl-2_GREEN.png
test3_45,isofenphos-methyl-2,476,1,1,0,0,GREEN,1342,plots\test3_45\1342_chrom476_isofenphos-methyl-2_GREEN.png
test3_24,flufenoxuron-1,667,1,1,0,0,GREEN,1343,plots\test3_24\1343_chrom667_flufenoxuron-1_GREEN.png
test3_16,phosmet oxon-2,98,2,1,0,1,RED,1344,plots\test3_16\1344_chrom098_phosmet oxon-2_RED.png
test3_23,dimepiperate-1,543,2,1,0,1,RED,1345,plots\test3_23\1345_chrom543_dimepiperate-1_RED.png
test3_55,bitertanol-1,525,2,1,0,1,RED,1346,plots\test3_55\1346_chrom525_bitertanol-1_RED.png
test3_31,silthiofam-1,447,1,1,0,0,GREEN,1347,plots\test3_31\1347_chrom447_silthiofam-1_GREEN.png
test3_35,triflumuron-1,523,1,1,0,0,GREEN,1348,plots\test3_35\1348_chrom523_triflumuron-1_GREEN.png
test3_21,teflubenzuron-1,601,5,1,0,5,RED,1349,plots\test3_21\1349_chrom601_teflubenzuron-1_RED.png
test3_11,pyridaphenthion-2,364,1,1,0,0,GREEN,1350,plots\test3_11\1350_chrom364_pyridaphenthion-2_GREEN.png
test3_44,phenamacril-1,121,1,1,0,0,GREEN,1351,plots\test3_44\1351_chrom121_phenamacril-1_GREEN.png
test3_19,spiromesifen-1,673,3,1,1,1,RED,1352,plots\test3_19\1352_chrom673_spiromesifen-1_RED.png
test3_28,coumoxystrobin-2,654,1,1,0,0,GREEN,1353,plots\test3_28\1353_chrom654_coumoxystrobin-2_GREEN.png
test3_55,triallate-1,639,1,1,0,0,GREEN,1354,plots\test3_55\1354_chrom639_triallate-1_GREEN.png
test3_49,trichlorfon-2,60,1,1,0,0,GREEN,1355,plots\test3_49\1355_chrom060_trichlorfon-2_GREEN.png
test3_31,bromuconazole-1,349,2,1,0,1,RED,1356,plots\test3_31\1356_chrom349_bromuconazole-1_RED.png
test3_49,etrimfos-2,456,1,1,0,0,GREEN,1357,plots\test3_49\1357_chrom456_etrimfos-2_GREEN.png
test3_34,chlorantraniliprole-2,254,1,1,0,0,GREEN,1358,plots\test3_34\1358_chrom254_chlorantraniliprole-2_GREEN.png
test3_47,flufenoxuron-1,667,1,1,0,0,GREEN,1359,plots\test3_47\1359_chrom667_flufenoxuron-1_GREEN.png
test3_48,tolfenpyrad-2,632,1,1,0,0,GREEN,1360,plots\test3_48\1360_chrom632_tolfenpyrad-2_GREEN.png
test3_13,fluopyram-2,372,1,1,0,0,GREEN,1361,plots\test3_13\1361_chrom372_fluopyram-2_GREEN.png
test3_39,Fenoxycarb-1,425,1,1,0,0,GREEN,1362,plots\test3_39\1362_chrom425_Fenoxycarb-1_GREEN.png
test3_23,molinate-1,313,1,1,0,0,GREEN,1363,plots\test3_23\1363_chrom313_molinate-1_GREEN.png
test3_29,carfentrazone-ethyl-2,472,1,1,0,0,GREEN,1364,plots\test3_29\1364_chrom472_carfentrazone-ethyl-2_GREEN.png
test3_32,pyrethrins I-2,678,1,1,0,0,GREEN,1365,plots\test3_32\1365_chrom678_pyrethrins I-2_GREEN.png
test3_15,flutolanil-2,324,1,1,0,0,GREEN,1366,plots\test3_15\1366_chrom324_flutolanil-2_GREEN.png
test3_25,sethoxydim-1,607,1,1,0,1,RED,1367,plots\test3_25\1367_chrom607_sethoxydim-1_RED.png
test3_35,pyriftalid-2,272,1,1,0,0,GREEN,1368,plots\test3_35\1368_chrom272_pyriftalid-2_GREEN.png
test3_50,diniconazole-2,528,1,1,0,0,GREEN,1369,plots\test3_50\1369_chrom528_diniconazole-2_GREEN.png
test3_16,cyazofamid-1,401,1,1,0,0,GREEN,1370,plots\test3_16\1370_chrom401_cyazofamid-1_GREEN.png
test3_48,flubendiamide-2,504,2,1,0,1,RED,1371,plots\test3_48\1371_chrom504_flubendiamide-2_RED.png
test3_10,epoxiconazole-1,405,1,1,0,0,GREEN,1372,plots\test3_10\1372_chrom405_epoxiconazole-1_GREEN.png
test3_29,mepronil-2,330,1,1,0,0,GREEN,1373,plots\test3_29\1373_chrom330_mepronil-2_GREEN.png
test3_12,quinalphos-2,440,1,1,0,0,GREEN,1374,plots\test3_12\1374_chrom440_quinalphos-2_GREEN.png
test3_48,pyridaben-2,686,1,1,0,0,GREEN,1375,plots\test3_48\1375_chrom686_pyridaben-2_GREEN.png
test3_49,demeton-S-methyl-1,181,1,1,0,0,GREEN,1376,plots\test3_49\1376_chrom181_demeton-S-methyl-1_GREEN.png
test3_40,sethoxydim-1,607,1,1,0,1,YELLOW,1377,plots\test3_40\1377_chrom607_sethoxydim-1_YELLOW.png
test3_19,terbufos-1,595,2,1,1,0,GREEN,1378,plots\test3_19\1378_chrom595_terbufos-1_GREEN.png
test3_17,demeton-S-methyl-sulfone-1,21,1,1,0,0,GREEN,1379,plots\test3_17\1379_chrom021_demeton-S-methyl-sulfone-1_GREEN.png
test3_16,prochloraz-2,522,1,1,0,0,GREEN,1380,plots\test3_16\1380_chrom522_prochloraz-2_GREEN.png
test3_31,metazachlor-2,208,1,1,0,0,GREEN,1381,plots\test3_31\1381_chrom208_metazachlor-2_GREEN.png
test3_9,spiromesifen-1,673,3,1,0,2,RED,1382,plots\test3_9\1382_chrom673_spiromesifen-1_RED.png
test3_7,pyridaphenthion-1,363,1,1,0,0,GREEN,1383,plots\test3_7\1383_chrom363_pyridaphenthion-1_GREEN.png
test3_45,flurtamone-1,297,1,1,0,0,GREEN,1384,plots\test3_45\1384_chrom297_flurtamone-1_GREEN.png
test3_53,triadimefon-2,344,1,1,0,0,GREEN,1385,plots\test3_53\1385_chrom344_triadimefon-2_GREEN.png
test3_49,diniconazole-1,527,1,1,0,0,GREEN,1386,plots\test3_49\1386_chrom527_diniconazole-1_GREEN.png
test3_11,kresoxim-methyl-1,443,2,1,0,1,RED,1387,plots\test3_11\1387_chrom443_kresoxim-methyl-1_RED.png
test3_28,acetochlor-1,379,1,1,0,0,GREEN,1388,plots\test3_28\1388_chrom379_acetochlor-1_GREEN.png
test3_53,fenthion sulfoxide-2,164,1,1,0,0,GREEN,1389,plots\test3_53\1389_chrom164_fenthion sulfoxide-2_GREEN.png
test3_46,dichlorvos-1,115,1,1,0,0,GREEN,1390,plots\test3_46\1390_chrom115_dichlorvos-1_GREEN.png
test3_9,pretilachlor-1,577,1,1,0,0,GREEN,1391,plots\test3_9\1391_chrom577_pretilachlor-1_GREEN.png
test3_7,promecarb-1,261,3,1,0,2,RED,1392,plots\test3_7\1392_chrom261_promecarb-1_RED.png
test3_17,ametoctradin-1,547,1,1,0,0,GREEN,1393,plots\test3_17\1393_chrom547_ametoctradin-1_GREEN.png
test3_8,clethodim sulfone-1,231,3,1,0,2,RED,1394,plots\test3_8\1394_chrom231_clethodim sulfone-1_RED.png
test3_49,imidaclothiz-2,46,1,1,0,0,GREEN,1395,plots\test3_49\1395_chrom046_imidaclothiz-2_GREEN.png
test3_5,sulfentrazone-2,154,5,1,0,4,RED,1396,plots\test3_5\1396_chrom154_sulfentrazone-2_RED.png
test3_18,pyridaben-2,686,1,1,0,0,GREEN,1397,plots\test3_18\1397_chrom686_pyridaben-2_GREEN.png
test3_5,trifloxystrobin-2,570,2,1,0,1,RED,1398,plots\test3_5\1398_chrom570_trifloxystrobin-2_RED.png
test3_24,triallate-2,640,1,1,0,0,GREEN,1399,plots\test3_24\1399_chrom640_triallate-2_GREEN.png
test3_23,phoxim-2,438,1,1,0,0,GREEN,1400,plots\test3_23\1400_chrom438_phoxim-2_GREEN.png
test3_5,uniconazole-2,412,2,1,0,1,RED,1401,plots\test3_5\1401_chrom412_uniconazole-2_RED.png
test3_12,pirimicarb-1,167,1,1,0,0,GREEN,1402,plots\test3_12\1402_chrom167_pirimicarb-1_GREEN.png
test3_5,pencycuron-2,538,1,1,0,0,GREEN,1403,plots\test3_5\1403_chrom538_pencycuron-2_GREEN.png
test3_46,bifenthrin-1,699,2,1,1,0,GREEN,1404,plots\test3_46\1404_chrom699_bifenthrin-1_GREEN.png
test3_33,isoprocarb-2,186,1,1,0,0,GREEN,1405,plots\test3_33\1405_chrom186_isoprocarb-2_GREEN.png
test3_33,fenhexamid-2,366,1,1,0,0,GREEN,1406,plots\test3_33\1406_chrom366_fenhexamid-2_GREEN.png
test3_17,diflubenzuron-2,400,2,1,0,2,RED,1407,plots\test3_17\1407_chrom400_diflubenzuron-2_RED.png
test3_46,prochloraz-2,522,1,1,0,0,GREEN,1408,plots\test3_46\1408_chrom522_prochloraz-2_GREEN.png
test3_44,monocrotophos-2,30,2,1,0,1,RED,1409,plots\test3_44\1409_chrom030_monocrotophos-2_RED.png
test3_15,chlordimeform-1,27,1,1,0,0,GREEN,1410,plots\test3_15\1410_chrom027_chlordimeform-1_GREEN.png
test3_49,demeton-S-sulfoxide-2,68,1,1,0,0,GREEN,1411,plots\test3_49\1411_chrom068_demeton-S-sulfoxide-2_GREEN.png
test3_17,procymidone-1,341,1,1,0,0,GREEN,1412,plots\test3_17\1412_chrom341_procymidone-1_GREEN.png
test3_44,demeton-S-sulfoxide-1,67,1,1,0,0,GREEN,1413,plots\test3_44\1413_chrom067_demeton-S-sulfoxide-1_GREEN.png
test3_9,lactofen-1,633,2,1,1,0,GREEN,1414,plots\test3_9\1414_chrom633_lactofen-1_GREEN.png
test3_44,chlortoluron-1,175,1,1,0,0,GREEN,1415,plots\test3_44\1415_chrom175_chlortoluron-1_GREEN.png
test3_35,chlorimuron-ethyl-2,326,1,1,0,0,GREEN,1416,plots\test3_35\1416_chrom326_chlorimuron-ethyl-2_GREEN.png
test3_26,penthiopyrad-1,481,1,1,0,0,GREEN,1417,plots\test3_26\1417_chrom481_penthiopyrad-1_GREEN.png
test3_43,furathiocarb-1,621,1,1,0,0,GREEN,1418,plots\test3_43\1418_chrom621_furathiocarb-1_GREEN.png
test3_30,carbaryl-1,157,1,1,0,0,GREEN,1419,plots\test3_30\1419_chrom157_carbaryl-1_GREEN.png
test3_9,oxaziclomefone-1,597,1,1,0,0,GREEN,1420,plots\test3_9\1420_chrom597_oxaziclomefone-1_GREEN.png
test3_48,ethoxysulfuron-2,340,1,1,0,0,GREEN,1421,plots\test3_48\1421_chrom340_ethoxysulfuron-2_GREEN.png
test3_33,parathion-2,428,1,1,0,0,GREEN,1422,plots\test3_33\1422_chrom428_parathion-2_GREEN.png
test3_11,cyanazine-2,110,2,1,1,0,GREEN,1423,plots\test3_11\1423_chrom110_cyanazine-2_GREEN.png
test3_46,spirodiclofen-2,684,1,1,0,0,GREEN,1424,plots\test3_46\1424_chrom684_spirodiclofen-2_GREEN.png
test3_49,propoxur-2,130,1,1,0,0,GREEN,1425,plots\test3_49\1425_chrom130_propoxur-2_GREEN.png
test3_21,spinosad D-2,590,1,1,0,0,GREEN,1426,plots\test3_21\1426_chrom590_spinosad D-2_GREEN.png
test3_20,triflusulfuron-methyl-1,353,1,1,0,0,GREEN,1427,plots\test3_20\1427_chrom353_triflusulfuron-methyl-1_GREEN.png
test3_56,lufenuron-1,659,1,1,0,0,GREEN,1428,plots\test3_56\1428_chrom659_lufenuron-1_GREEN.png
test3_15,orthosulfamuron-2,226,1,1,0,0,GREEN,1429,plots\test3_15\1429_chrom226_orthosulfamuron-2_GREEN.png
test3_54,diuron-1,205,1,1,0,0,GREEN,1430,plots\test3_54\1430_chrom205_diuron-1_GREEN.png
test3_23,propachlor-1,209,1,1,0,0,GREEN,1431,plots\test3_23\1431_chrom209_propachlor-1_GREEN.png
test3_22,iprobenfos-2,470,1,1,0,0,GREEN,1432,plots\test3_22\1432_chrom470_iprobenfos-2_GREEN.png
test3_48,triazophos-2,362,1,1,0,0,GREEN,1433,plots\test3_48\1433_chrom362_triazophos-2_GREEN.png
test3_20,tralkoxydim-1,651,1,1,0,0,GREEN,1434,plots\test3_20\1434_chrom651_tralkoxydim-1_GREEN.png
test3_24,novaluron-1,605,1,1,0,0,GREEN,1435,plots\test3_24\1435_chrom605_novaluron-1_GREEN.png
test3_8,spirotetramat-enol-2,36,2,1,0,2,RED,1436,plots\test3_8\1436_chrom036_spirotetramat-enol-2_RED.png
test3_19,flucetosulfuron-2,276,1,1,0,0,GREEN,1437,plots\test3_19\1437_chrom276_flucetosulfuron-2_GREEN.png
test3_48,pyribenzoxim-2,658,1,1,0,0,GREEN,1438,plots\test3_48\1438_chrom658_pyribenzoxim-2_GREEN.png
test3_3,fenarimol-2,378,2,1,0,2,RED,1439,plots\test3_3\1439_chrom378_fenarimol-2_RED.png
test3_46,metribuzin-1,133,1,1,0,0,GREEN,1440,plots\test3_46\1440_chrom133_metribuzin-1_GREEN.png
test3_40,boscalid-1,305,1,1,0,0,GREEN,1441,plots\test3_40\1441_chrom305_boscalid-1_GREEN.png
test3_36,Chloridazon-2,72,1,1,0,0,GREEN,1442,plots\test3_36\1442_chrom072_Chloridazon-2_GREEN.png
test3_43,flufenoxuron-1,667,1,1,0,0,GREEN,1443,plots\test3_43\1443_chrom667_flufenoxuron-1_GREEN.png
test3_35,forchlorfenuron-2,214,1,1,0,0,GREEN,1444,plots\test3_35\1444_chrom214_forchlorfenuron-2_GREEN.png
test3_17,emamectin B1a-1,655,1,1,0,0,GREEN,1445,plots\test3_17\1445_chrom655_emamectin B1a-1_GREEN.png
test3_22,Fenoxycarb-2,426,1,1,0,0,GREEN,1446,plots\test3_22\1446_chrom426_Fenoxycarb-2_GREEN.png
test3_35,paclobutrazol-1,315,2,1,0,1,RED,1447,plots\test3_35\1447_chrom315_paclobutrazol-1_RED.png
test3_42,pirimiphos-methyl-1,513,1,1,0,0,GREEN,1448,plots\test3_42\1448_chrom513_pirimiphos-methyl-1_GREEN.png
test3_6,uniconazole-1,411,2,1,0,1,RED,1449,plots\test3_6\1449_chrom411_uniconazole-1_RED.png
test3_55,phosmet oxon-1,97,1,1,0,0,GREEN,1450,plots\test3_55\1450_chrom097_phosmet oxon-1_GREEN.png
test3_31,cinosulfuron-2,108,1,1,0,0,GREEN,1451,plots\test3_31\1451_chrom108_cinosulfuron-2_GREEN.png
test3_4,isocarbophos-2,212,1,1,0,1,YELLOW,1452,plots\test3_4\1452_chrom212_isocarbophos-2_YELLOW.png
test3_41,clothianidin-2,42,1,1,0,0,GREEN,1453,plots\test3_41\1453_chrom042_clothianidin-2_GREEN.png
test3_12,spinosad A-2,556,1,1,0,0,GREEN,1454,plots\test3_12\1454_chrom556_spinosad A-2_GREEN.png
test3_13,etrimfos-2,456,1,1,0,0,GREEN,1455,plots\test3_13\1455_chrom456_etrimfos-2_GREEN.png
test3_48,indoxacarb-1,573,1,1,0,0,GREEN,1456,plots\test3_48\1456_chrom573_indoxacarb-1_GREEN.png
test3_13,isopyrazam-2,554,1,1,0,0,GREEN,1457,plots\test3_13\1457_chrom554_isopyrazam-2_GREEN.png
test3_11,bitertanol-2,526,1,0,0,1,RED,1458,plots\test3_11\1458_chrom526_bitertanol-2_RED.png
test3_41,edifenphos-2,494,1,1,0,0,GREEN,1459,plots\test3_41\1459_chrom494_edifenphos-2_GREEN.png
test3_50,pyraoxystrobin-1,541,1,1,0,0,GREEN,1460,plots\test3_50\1460_chrom541_pyraoxystrobin-1_GREEN.png
test3_46,phosalone-1,519,1,1,0,0,GREEN,1461,plots\test3_46\1461_chrom519_phosalone-1_GREEN.png
test3_31,atrazine-1,195,1,1,0,0,GREEN,1462,plots\test3_31\1462_chrom195_atrazine-1_GREEN.png
test3_26,isoxaflutole-1,219,1,1,0,0,GREEN,1463,plots\test3_26\1463_chrom219_isoxaflutole-1_GREEN.png
test3_46,pyrimorph-1,509,1,1,0,0,GREEN,1464,plots\test3_46\1464_chrom509_pyrimorph-1_GREEN.png
test3_35,fenthion sulfoxide-1,163,1,1,0,0,GREEN,1465,plots\test3_35\1465_chrom163_fenthion sulfoxide-1_GREEN.png
test3_3,imidacloprid-2,40,2,1,0,1,RED,1466,plots\test3_3\1466_chrom040_imidacloprid-2_RED.png
test3_12,silthiofam-2,448,1,1,0,0,GREEN,1467,plots\test3_12\1467_chrom448_silthiofam-2_GREEN.png
test3_44,phorate sulfoxide-1,183,1,1,0,0,GREEN,1468,plots\test3_44\1468_chrom183_phorate sulfoxide-1_GREEN.png
test3_38,phosmet-1,255,1,1,0,0,GREEN,1469,plots\test3_38\1469_chrom255_phosmet-1_GREEN.png
test3_23,demeton-S-methyl-sulfone-1,21,1,1,0,0,GREEN,1470,plots\test3_23\1470_chrom021_demeton-S-methyl-sulfone-1_GREEN.png
test3_6,myclobutanil-1,333,1,1,0,0,GREEN,1471,plots\test3_6\1471_chrom333_myclobutanil-1_GREEN.png
test3_47,fenoxaprop-P-ethyl-1,591,1,1,0,0,GREEN,1472,plots\test3_47\1472_chrom591_fenoxaprop-P-ethyl-1_GREEN.png
test3_15,triadimefon-2,344,1,1,0,0,GREEN,1473,plots\test3_15\1473_chrom344_triadimefon-2_GREEN.png
test3_32,carbaryl-2,158,2,1,1,0,GREEN,1474,plots\test3_32\1474_chrom158_carbaryl-2_GREEN.png
test3_48,isoxaflutole-2,220,1,1,0,0,GREEN,1475,plots\test3_48\1475_chrom220_isoxaflutole-2_GREEN.png
test3_44,cyflumetofen-2,610,1,1,0,0,GREEN,1476,plots\test3_44\1476_chrom610_cyflumetofen-2_GREEN.png
test3_6,oxaziclomefone-1,597,1,1,0,0,GREEN,1477,plots\test3_6\1477_chrom597_oxaziclomefone-1_GREEN.png
test3_33,thiabendazole-2,94,1,1,0,0,GREEN,1478,plots\test3_33\1478_chrom094_thiabendazole-2_GREEN.png
test3_44,iprobenfos-2,470,1,1,0,0,GREEN,1479,plots\test3_44\1479_chrom470_iprobenfos-2_GREEN.png
test3_54,epoxiconazole-2,406,1,1,0,0,GREEN,1480,plots\test3_54\1480_chrom406_epoxiconazole-2_GREEN.png
test3_16,pyraclostrobin-2,530,1,1,0,0,GREEN,1481,plots\test3_16\1481_chrom530_pyraclostrobin-2_GREEN.png
test3_20,isoproturon-2,204,2,1,0,2,RED,1482,plots\test3_20\1482_chrom204_isoproturon-2_RED.png
test3_54,propyzamide-2,308,1,1,0,0,GREEN,1483,plots\test3_54\1483_chrom308_propyzamide-2_GREEN.png
test3_33,fenoxaprop-P-ethyl-2,592,1,1,0,0,GREEN,1484,plots\test3_33\1484_chrom592_fenoxaprop-P-ethyl-2_GREEN.png
test3_28,hexythiazox-2,650,1,1,0,0,GREEN,1485,plots\test3_28\1485_chrom650_hexythiazox-2_GREEN.png
test3_32,rotenone-2,434,1,1,0,0,GREEN,1486,plots\test3_32\1486_chrom434_rotenone-2_GREEN.png
test3_12,cyclosulfamuron-2,392,1,1,0,0,GREEN,1487,plots\test3_12\1487_chrom392_cyclosulfamuron-2_GREEN.png
test3_38,thifluzamide-2,414,1,1,0,0,GREEN,1488,plots\test3_38\1488_chrom414_thifluzamide-2_GREEN.png
test3_14,methamidophos-1,1,2,1,0,1,RED,1489,plots\test3_14\1489_chrom001_methamidophos-1_RED.png
test3_52,cyclosulfamuron-1,391,1,1,0,0,GREEN,1490,plots\test3_52\1490_chrom391_cyclosulfamuron-1_GREEN.png
test3_40,boscalid-2,306,1,1,0,0,GREEN,1491,plots\test3_40\1491_chrom306_boscalid-2_GREEN.png
test3_50,clomazone-1,245,1,1,0,0,GREEN,1492,plots\test3_50\1492_chrom245_clomazone-1_GREEN.png
test3_55,phenthoate-2,452,1,1,0,0,GREEN,1493,plots\test3_55\1493_chrom452_phenthoate-2_GREEN.png
test3_11,fenpropidin-2,228,1,1,0,0,GREEN,1494,plots\test3_11\1494_chrom228_fenpropidin-2_GREEN.png
test3_6,diflufenican-2,558,1,1,0,0,GREEN,1495,plots\test3_6\1495_chrom558_diflufenican-2_GREEN.png
test3_32,triflumuron-1,523,1,1,0,0,GREEN,1496,plots\test3_32\1496_chrom523_triflumuron-1_GREEN.png
test3_22,dimoxystrobin-1,435,1,1,0,0,GREEN,1497,plots\test3_22\1497_chrom435_dimoxystrobin-1_GREEN.png
test3_6,fenpropimorph-2,292,1,1,0,0,GREEN,1498,plots\test3_6\1498_chrom292_fenpropimorph-2_GREEN.png
test3_41,phosalone-2,520,1,1,0,0,GREEN,1499,plots\test3_41\1499_chrom520_phosalone-2_GREEN.png
test3_4,ametoctradin-1,547,1,1,0,0,GREEN,1500,plots\test3_4\1500_chrom547_ametoctradin-1_GREEN.png
test3_10,fenpropathrin-2,672,3,1,0,3,RED,1501,plots\test3_10\1501_chrom672_fenpropathrin-2_RED.png
test3_4,procymidone-2,342,2,1,0,1,RED,1502,plots\test3_4\1502_chrom342_procymidone-2_RED.png
test3_9,penoxsulam-1,171,1,1,0,0,GREEN,1503,plots\test3_9\1503_chrom171_penoxsulam-1_GREEN.png
test3_42,phoxim-1,437,1,1,0,0,GREEN,1504,plots\test3_42\1504_chrom437_phoxim-1_GREEN.png
test3_8,phosphamidon-2,104,2,1,0,1,RED,1505,plots\test3_8\1505_chrom104_phosphamidon-2_RED.png
test3_56,tolclofos-methyl-1,501,1,1,0,0,GREEN,1506,plots\test3_56\1506_chrom501_tolclofos-methyl-1_GREEN.png
test3_26,isazofos-1,357,1,1,0,0,GREEN,1507,plots\test3_26\1507_chrom357_isazofos-1_GREEN.png
test3_27,tebuthiuron-2,156,1,1,0,0,GREEN,1508,plots\test3_27\1508_chrom156_tebuthiuron-2_GREEN.png
test3_40,propyzamide-1,307,1,1,0,0,GREEN,1509,plots\test3_40\1509_chrom307_propyzamide-1_GREEN.png
test3_31,aldicarb sulfoxide-1,11,1,1,0,0,GREEN,1510,plots\test3_31\1510_chrom011_aldicarb sulfoxide-1_GREEN.png
test3_31,bendiocarb-2,126,1,1,0,0,GREEN,1511,plots\test3_31\1511_chrom126_bendiocarb-2_GREEN.png
test3_20,fenamiphos-2,432,1,1,0,0,GREEN,1512,plots\test3_20\1512_chrom432_fenamiphos-2_GREEN.png
test3_11,linuron-2,264,1,1,0,0,GREEN,1513,plots\test3_11\1513_chrom264_linuron-2_GREEN.png
test3_8,pretilachlor-1,577,1,1,0,0,GREEN,1514,plots\test3_8\1514_chrom577_pretilachlor-1_GREEN.png
test3_35,spiromesifen-1,673,1,1,0,0,GREEN,1515,plots\test3_35\1515_chrom673_spiromesifen-1_GREEN.png
test3_35,thiabendazole-1,93,1,1,0,0,GREEN,1516,plots\test3_35\1516_chrom093_thiabendazole-1_GREEN.png
test3_51,diflufenican-2,558,1,1,0,0,GREEN,1517,plots\test3_51\1517_chrom558_diflufenican-2_GREEN.png
test3_51,propisochlor-2,398,1,1,0,0,GREEN,1518,plots\test3_51\1518_chrom398_propisochlor-2_GREEN.png
test3_38,metazosulfuron-1,241,1,1,0,0,GREEN,1519,plots\test3_38\1519_chrom241_metazosulfuron-1_GREEN.png
test3_19,thiamethoxam-1,25,1,1,0,0,GREEN,1520,plots\test3_19\1520_chrom025_thiamethoxam-1_GREEN.png
test3_7,flurtamone-2,298,4,1,3,0,GREEN,1521,plots\test3_7\1521_chrom298_flurtamone-2_GREEN.png
test3_43,acetochlor-2,380,1,1,0,0,GREEN,1522,plots\test3_43\1522_chrom380_acetochlor-2_GREEN.png
test3_34,disulfoton sulfoxide-1,179,1,1,0,0,GREEN,1523,plots\test3_34\1523_chrom179_disulfoton sulfoxide-1_GREEN.png
test3_4,metazachlor-2,208,1,1,0,0,GREEN,1524,plots\test3_4\1524_chrom208_metazachlor-2_GREEN.png
test3_47,pyrimethanil-2,258,1,1,0,0,GREEN,1525,plots\test3_47\1525_chrom258_pyrimethanil-2_GREEN.png
test3_48,fenthion sulfoxide-1,163,1,1,0,0,GREEN,1526,plots\test3_48\1526_chrom163_fenthion sulfoxide-1_GREEN.png
test3_17,cycloxydim-1,561,1,1,0,0,GREEN,1527,plots\test3_17\1527_chrom561_cycloxydim-1_GREEN.png
test3_47,fenamiphos sulfone-1,161,1,1,0,0,GREEN,1528,plots\test3_47\1528_chrom161_fenamiphos sulfone-1_GREEN.png
test3_29,linuron-1,263,1,1,0,0,GREEN,1529,plots\test3_29\1529_chrom263_linuron-1_GREEN.png
test3_27,oxamyl oxime-1,9,1,1,0,0,GREEN,1530,plots\test3_27\1530_chrom009_oxamyl oxime-1_GREEN.png
test3_32,butachlor-2,576,1,1,0,0,GREEN,1531,plots\test3_32\1531_chrom576_butachlor-2_GREEN.png
test3_15,procymidone-2,342,2,1,0,1,RED,1532,plots\test3_15\1532_chrom342_procymidone-2_RED.png
test3_53,flutolanil-1,323,1,1,0,0,GREEN,1533,plots\test3_53\1533_chrom323_flutolanil-1_GREEN.png
test3_24,pirimicarb-desmethyl-2,82,1,1,0,0,GREEN,1534,plots\test3_24\1534_chrom082_pirimicarb-desmethyl-2_GREEN.png
test3_27,penthiopyrad-1,481,1,1,0,0,GREEN,1535,plots\test3_27\1535_chrom481_penthiopyrad-1_GREEN.png
test3_29,cymoxanil-1,77,1,1,0,0,GREEN,1536,plots\test3_29\1536_chrom077_cymoxanil-1_GREEN.png
test3_39,fluoroglycofen-ethyl-2,582,1,1,0,0,GREEN,1537,plots\test3_39\1537_chrom582_fluoroglycofen-ethyl-2_GREEN.png
test3_11,flufenacet-2,384,1,1,0,0,GREEN,1538,plots\test3_11\1538_chrom384_flufenacet-2_GREEN.png
test3_42,linuron-1,263,1,1,0,0,GREEN,1539,plots\test3_42\1539_chrom263_linuron-1_GREEN.png
test3_24,penconazole-2,446,1,1,0,0,GREEN,1540,plots\test3_24\1540_chrom446_penconazole-2_GREEN.png
test3_7,tralkoxydim-1,651,3,1,0,3,RED,1541,plots\test3_7\1541_chrom651_tralkoxydim-1_RED.png
test3_19,atrazine-2,196,1,1,0,0,GREEN,1542,plots\test3_19\1542_chrom196_atrazine-2_GREEN.png
test3_35,metazachlor-2,208,1,1,0,0,GREEN,1543,plots\test3_35\1543_chrom208_metazachlor-2_GREEN.png
test3_44,fenaminstrobin-2,588,1,1,0,0,GREEN,1544,plots\test3_44\1544_chrom588_fenaminstrobin-2_GREEN.png
test3_41,Diclobutrazol-2,450,3,1,0,2,RED,1545,plots\test3_41\1545_chrom450_Diclobutrazol-2_RED.png
test3_25,thifensulfuron-methyl-1,113,1,1,0,0,GREEN,1546,plots\test3_25\1546_chrom113_thifensulfuron-methyl-1_GREEN.png
test3_12,probenazole-2,112,1,1,0,0,GREEN,1547,plots\test3_12\1547_chrom112_probenazole-2_GREEN.png
test3_23,fosthiazate-1,173,1,1,0,0,GREEN,1548,plots\test3_23\1548_chrom173_fosthiazate-1_GREEN.png
test3_51,tebufenozide-1,463,2,1,1,0,GREEN,1549,plots\test3_51\1549_chrom463_tebufenozide-1_GREEN.png
test3_27,methiocarb sulfone-2,70,1,1,0,0,GREEN,1550,plots\test3_27\1550_chrom070_methiocarb sulfone-2_GREEN.png
test3_48,isofenphos-methyl-1,475,1,1,0,0,GREEN,1551,plots\test3_48\1551_chrom475_isofenphos-methyl-1_GREEN.png
test3_54,phosmet oxon-1,97,1,1,0,0,GREEN,1552,plots\test3_54\1552_chrom097_phosmet oxon-1_GREEN.png
test3_53,diflufenican-1,557,1,1,0,0,GREEN,1553,plots\test3_53\1553_chrom557_diflufenican-1_GREEN.png
test3_6,chromafenozide-1,407,2,1,0,1,RED,1554,plots\test3_6\1554_chrom407_chromafenozide-1_RED.png
test3_22,dimethomorph-2,318,2,1,0,1,RED,1555,plots\test3_22\1555_chrom318_dimethomorph-2_RED.png
test3_24,isoprocarb-2,186,1,1,0,0,GREEN,1556,plots\test3_24\1556_chrom186_isoprocarb-2_GREEN.png
test3_48,napropamide-2,388,1,1,0,0,GREEN,1557,plots\test3_48\1557_chrom388_napropamide-2_GREEN.png
test3_46,tolclofos-methyl-1,501,1,1,0,0,GREEN,1558,plots\test3_46\1558_chrom501_tolclofos-methyl-1_GREEN.png
test3_11,phorate sulfone-2,192,3,1,0,3,RED,1559,plots\test3_11\1559_chrom192_phorate sulfone-2_RED.png
test3_18,chlorimuron-ethyl-1,325,1,1,0,0,GREEN,1560,plots\test3_18\1560_chrom325_chlorimuron-ethyl-1_GREEN.png
test3_38,Diclobutrazol-2,450,3,1,0,2,RED,1561,plots\test3_38\1561_chrom450_Diclobutrazol-2_RED.png
test3_13,isoproturon-2,204,4,1,0,4,RED,1562,plots\test3_13\1562_chrom204_isoproturon-2_RED.png
test3_26,dinotefuran-2,14,1,1,0,0,GREEN,1563,plots\test3_26\1563_chrom014_dinotefuran-2_GREEN.png
test3_4,EPN-1,545,3,1,1,2,RED,1564,plots\test3_4\1564_chrom545_EPN-1_RED.png
test3_34,myclobutanil-2,334,1,1,0,0,GREEN,1565,plots\test3_34\1565_chrom334_myclobutanil-2_GREEN.png
test3_35,fenobucarb-1,259,1,1,0,0,GREEN,1566,plots\test3_35\1566_chrom259_fenobucarb-1_GREEN.png
test3_34,triflusulfuron-methyl-1,353,1,1,0,1,YELLOW,1567,plots\test3_34\1567_chrom353_triflusulfuron-methyl-1_YELLOW.png
test3_18,metaflumizone-1,647,1,1,0,0,GREEN,1568,plots\test3_18\1568_chrom647_metaflumizone-1_GREEN.png
test3_19,penthiopyrad-1,481,1,1,0,0,GREEN,1569,plots\test3_19\1569_chrom481_penthiopyrad-1_GREEN.png
test3_43,spirotetramat-enol-2,36,1,1,0,0,GREEN,1570,plots\test3_43\1570_chrom036_spirotetramat-enol-2_GREEN.png
test3_18,cyazofamid-1,401,1,1,0,0,GREEN,1571,plots\test3_18\1571_chrom401_cyazofamid-1_GREEN.png
test3_31,carboxin-1,159,1,1,0,0,GREEN,1572,plots\test3_31\1572_chrom159_carboxin-1_GREEN.png
test3_29,spinetoram J-2,600,1,1,0,0,GREEN,1573,plots\test3_29\1573_chrom600_spinetoram J-2_GREEN.png
test3_7,fenarimol-2,378,4,1,0,4,RED,1574,plots\test3_7\1574_chrom378_fenarimol-2_RED.png
test3_26,fenthion sulfoxide-2,164,1,1,0,0,GREEN,1575,plots\test3_26\1575_chrom164_fenthion sulfoxide-2_GREEN.png
test3_6,benazolin-ethyl-2,270,5,1,0,5,RED,1576,plots\test3_6\1576_chrom270_benazolin-ethyl-2_RED.png
test3_23,spinetoram J-2,600,1,1,0,0,GREEN,1577,plots\test3_23\1577_chrom600_spinetoram J-2_GREEN.png
test3_36,metalaxyl-1,223,1,1,0,0,GREEN,1578,plots\test3_36\1578_chrom223_metalaxyl-1_GREEN.png
test3_55,flufenacet-1,383,1,1,0,0,GREEN,1579,plots\test3_55\1579_chrom383_flufenacet-1_GREEN.png
test3_37,monocrotophos-2,30,1,1,0,0,GREEN,1580,plots\test3_37\1580_chrom030_monocrotophos-2_GREEN.png
test3_24,dimepiperate-2,544,3,1,0,3,RED,1581,plots\test3_24\1581_chrom544_dimepiperate-2_RED.png
test3_50,emamectin B1a-1,655,1,1,0,0,GREEN,1582,plots\test3_50\1582_chrom655_emamectin B1a-1_GREEN.png
test3_16,imidaclothiz-2,46,2,1,0,1,RED,1583,plots\test3_16\1583_chrom046_imidaclothiz-2_RED.png
test3_19,sulfoxaflor-1,65,2,1,0,2,RED,1584,plots\test3_19\1584_chrom065_sulfoxaflor-1_RED.png
test3_10,bromuconazole-1,349,2,1,0,2,RED,1585,plots\test3_10\1585_chrom349_bromuconazole-1_RED.png
test3_52,halosulfuron-methyl-1,301,1,1,0,0,GREEN,1586,plots\test3_52\1586_chrom301_halosulfuron-methyl-1_GREEN.png
test3_10,cyflufenamid-1,539,1,1,0,0,GREEN,1587,plots\test3_10\1587_chrom539_cyflufenamid-1_GREEN.png
test3_16,metolachlor-2,396,1,1,0,0,GREEN,1588,plots\test3_16\1588_chrom396_metolachlor-2_GREEN.png
test3_46,methidathion-1,235,1,1,0,0,GREEN,1589,plots\test3_46\1589_chrom235_methidathion-1_GREEN.png
test3_38,butachlor-1,575,1,1,0,0,GREEN,1590,plots\test3_38\1590_chrom575_butachlor-1_GREEN.png
test3_53,penthiopyrad-1,481,1,1,0,0,GREEN,1591,plots\test3_53\1591_chrom481_penthiopyrad-1_GREEN.png
test3_10,difenoconazole-1,549,1,1,0,0,GREEN,1592,plots\test3_10\1592_chrom549_difenoconazole-1_GREEN.png
test3_13,imidacloprid-2,40,2,1,1,1,YELLOW,1593,plots\test3_13\1593_chrom040_imidacloprid-2_YELLOW.png
test3_25,triflumuron-2,524,1,1,0,0,GREEN,1594,plots\test3_25\1594_chrom524_triflumuron-2_GREEN.png
test3_8,Chloridazon-1,71,5,1,2,2,RED,1595,plots\test3_8\1595_chrom071_Chloridazon-1_RED.png
test3_24,malaoxon-1,147,1,1,0,0,GREEN,1596,plots\test3_24\1596_chrom147_malaoxon-1_GREEN.png
test3_5,indoxacarb-2,574,1,1,0,0,GREEN,1597,plots\test3_5\1597_chrom574_indoxacarb-2_GREEN.png
test3_5,bupirimate-2,424,1,1,0,0,GREEN,1598,plots\test3_5\1598_chrom424_bupirimate-2_GREEN.png
test3_31,difenoconazole-1,549,1,1,0,0,GREEN,1599,plots\test3_31\1599_chrom549_difenoconazole-1_GREEN.png
test3_43,ethion-1,643,1,1,0,0,GREEN,1600,plots\test3_43\1600_chrom643_ethion-1_GREEN.png
test3_18,pendimethalin-2,646,1,1,0,0,GREEN,1601,plots\test3_18\1601_chrom646_pendimethalin-2_GREEN.png
test3_19,spinosad A-2,556,1,1,0,0,GREEN,1602,plots\test3_19\1602_chrom556_spinosad A-2_GREEN.png
test3_13,metolcarb-1,101,2,1,0,2,RED,1603,plots\test3_13\1603_chrom101_metolcarb-1_RED.png
test3_51,prochloraz-2,522,1,1,0,0,GREEN,1604,plots\test3_51\1604_chrom522_prochloraz-2_GREEN.png
test3_6,fenamidone-1,289,1,1,0,0,GREEN,1605,plots\test3_6\1605_chrom289_fenamidone-1_GREEN.png
test3_47,pyriproxyfen-2,628,1,1,0,0,GREEN,1606,plots\test3_47\1606_chrom628_pyriproxyfen-2_GREEN.png
test3_29,malaoxon-2,148,1,1,0,0,GREEN,1607,plots\test3_29\1607_chrom148_malaoxon-2_GREEN.png
test3_52,mevinphos-2,80,1,1,0,0,GREEN,1608,plots\test3_52\1608_chrom080_mevinphos-2_GREEN.png
test3_40,flufenoxuron-1,667,1,1,0,0,GREEN,1609,plots\test3_40\1609_chrom667_flufenoxuron-1_GREEN.png
test3_27,phenthoate-2,452,2,1,0,1,RED,1610,plots\test3_27\1610_chrom452_phenthoate-2_RED.png
test3_21,oxadiazon-1,623,1,1,0,0,GREEN,1611,plots\test3_21\1611_chrom623_oxadiazon-1_GREEN.png
test3_6,methoprene-1,693,1,1,0,0,GREEN,1612,plots\test3_6\1612_chrom693_methoprene-1_GREEN.png
test3_35,chlorpropham-2,312,1,1,0,0,GREEN,1613,plots\test3_35\1613_chrom312_chlorpropham-2_GREEN.png
test3_24,flutolanil-1,323,1,1,0,0,GREEN,1614,plots\test3_24\1614_chrom323_flutolanil-1_GREEN.png
test3_18,azoxystrobin-1,309,1,1,0,0,GREEN,1615,plots\test3_18\1615_chrom309_azoxystrobin-1_GREEN.png
test3_30,fenhexamid-1,365,1,1,0,0,GREEN,1616,plots\test3_30\1616_chrom365_fenhexamid-1_GREEN.png
test3_47,etrimfos-1,455,1,1,0,0,GREEN,1617,plots\test3_47\1617_chrom455_etrimfos-1_GREEN.png
test3_29,pyrisoxazole-1,303,2,1,0,1,RED,1618,plots\test3_29\1618_chrom303_pyrisoxazole-1_RED.png
test3_22,propaquizafop-2,626,1,1,0,0,GREEN,1619,plots\test3_22\1619_chrom626_propaquizafop-2_GREEN.png
test3_44,spirodiclofen-1,683,1,1,0,0,GREEN,1620,plots\test3_44\1620_chrom683_spirodiclofen-1_GREEN.png
test3_43,picoxystrobin-1,457,1,1,0,0,GREEN,1621,plots\test3_43\1621_chrom457_picoxystrobin-1_GREEN.png
test3_17,simazine-2,138,2,1,0,1,RED,1622,plots\test3_17\1622_chrom138_simazine-2_RED.png
test3_56,trifloxystrobin-2,570,1,1,0,0,GREEN,1623,plots\test3_56\1623_chrom570_trifloxystrobin-2_GREEN.png
test3_50,difenoconazole-2,550,1,1,0,0,GREEN,1624,plots\test3_50\1624_chrom550_difenoconazole-2_GREEN.png
test3_27,pencycuron-1,537,1,1,0,0,GREEN,1625,plots\test3_27\1625_chrom537_pencycuron-1_GREEN.png
test3_15,carboxin-1,159,1,1,0,0,GREEN,1626,plots\test3_15\1626_chrom159_carboxin-1_GREEN.png
test3_56,napropamide-1,387,1,1,0,0,GREEN,1627,plots\test3_56\1627_chrom387_napropamide-1_GREEN.png
test3_31,ipconazole-2,564,2,1,0,1,RED,1628,plots\test3_31\1628_chrom564_ipconazole-2_RED.png
test3_17,pyrazosulfuron-ethyl-1,351,1,1,0,0,GREEN,1629,plots\test3_17\1629_chrom351_pyrazosulfuron-ethyl-1_GREEN.png
test3_40,cadusafos-2,552,1,1,0,0,GREEN,1630,plots\test3_40\1630_chrom552_cadusafos-2_GREEN.png
test3_37,tolfenpyrad-1,631,1,1,0,0,GREEN,1631,plots\test3_37\1631_chrom631_tolfenpyrad-1_GREEN.png
test3_20,mevinphos-1,79,3,1,0,2,RED,1632,plots\test3_20\1632_chrom079_mevinphos-1_RED.png
test3_49,thifluzamide-2,414,1,1,0,0,GREEN,1633,plots\test3_49\1633_chrom414_thifluzamide-2_GREEN.png
test3_12,aldicarb sulfoxide-2,12,1,1,0,1,YELLOW,1634,plots\test3_12\1634_chrom012_aldicarb sulfoxide-2_YELLOW.png
test3_32,profenofos-2,580,1,1,0,0,GREEN,1635,plots\test3_32\1635_chrom580_profenofos-2_GREEN.png
test3_55,diniconazole-2,528,1,1,0,0,GREEN,1636,plots\test3_55\1636_chrom528_diniconazole-2_GREEN.png
test3_53,mevinphos-1,79,1,1,0,0,GREEN,1637,plots\test3_53\1637_chrom079_mevinphos-1_GREEN.png
test3_25,omethoate-1,7,1,1,0,0,GREEN,1638,plots\test3_25\1638_chrom007_omethoate-1_GREEN.png
test3_56,clomazone-1,245,1,1,0,0,GREEN,1639,plots\test3_56\1639_chrom245_clomazone-1_GREEN.png
test3_4,fensulfothion oxon-1,85,3,1,0,3,RED,1640,plots\test3_4\1640_chrom085_fensulfothion oxon-1_RED.png
test3_16,ethion-1,643,1,1,0,0,GREEN,1641,plots\test3_16\1641_chrom643_ethion-1_GREEN.png
test3_18,pirimicarb-2,168,1,1,0,0,GREEN,1642,plots\test3_18\1642_chrom168_pirimicarb-2_GREEN.png
test3_10,tolclofos-methyl-2,502,3,1,0,3,RED,1643,plots\test3_10\1643_chrom502_tolclofos-methyl-2_RED.png
test3_7,alachlor-2,382,3,1,0,3,RED,1644,plots\test3_7\1644_chrom382_alachlor-2_RED.png
test3_22,profenofos-1,579,1,1,0,0,GREEN,1645,plots\test3_22\1645_chrom579_profenofos-1_GREEN.png
test3_45,paclobutrazol-2,316,1,1,0,0,GREEN,1646,plots\test3_45\1646_chrom316_paclobutrazol-2_GREEN.png
test3_21,furathiocarb-1,621,1,1,0,0,GREEN,1647,plots\test3_21\1647_chrom621_furathiocarb-1_GREEN.png
test3_48,flumorph-2,244,1,1,0,0,GREEN,1648,plots\test3_48\1648_chrom244_flumorph-2_GREEN.png
test3_7,florasulam-1,83,2,1,0,1,RED,1649,plots\test3_7\1649_chrom083_florasulam-1_RED.png
test3_48,hexaflumuron-2,584,1,1,0,0,GREEN,1650,plots\test3_48\1650_chrom584_hexaflumuron-2_GREEN.png
test3_49,diflubenzuron-2,400,2,1,0,1,RED,1651,plots\test3_49\1651_chrom400_diflubenzuron-2_RED.png
test3_24,kresoxim-methyl-2,444,2,1,1,0,GREEN,1652,plots\test3_24\1652_chrom444_kresoxim-methyl-2_GREEN.png
test3_31,napropamide-1,387,1,1,0,0,GREEN,1653,plots\test3_31\1653_chrom387_napropamide-1_GREEN.png
test3_29,ethiprole-1,299,1,1,0,0,GREEN,1654,plots\test3_29\1654_chrom299_ethiprole-1_GREEN.png
test3_18,fensulfothion oxon-2,86,1,1,0,0,GREEN,1655,plots\test3_18\1655_chrom086_fensulfothion oxon-2_GREEN.png
test3_40,isocarbophos-2,212,1,1,0,0,GREEN,1656,plots\test3_40\1656_chrom212_isocarbophos-2_GREEN.png
test3_55,Dimethenamid-P-2,294,1,1,0,0,GREEN,1657,plots\test3_55\1657_chrom294_Dimethenamid-P-2_GREEN.png
test3_34,albendazole-2,268,1,1,0,0,GREEN,1658,plots\test3_34\1658_chrom268_albendazole-2_GREEN.png
test3_37,demeton-S-methyl-sulfone-2,22,1,1,0,0,GREEN,1659,plots\test3_37\1659_chrom022_demeton-S-methyl-sulfone-2_GREEN.png
test3_4,Diclobutrazol-2,450,1,1,0,0,GREEN,1660,plots\test3_4\1660_chrom450_Diclobutrazol-2_GREEN.png
test3_20,propanil-2,266,1,1,0,0,GREEN,1661,plots\test3_20\1661_chrom266_propanil-2_GREEN.png
test3_36,flutolanil-1,323,1,1,0,0,GREEN,1662,plots\test3_36\1662_chrom323_flutolanil-1_GREEN.png
test3_31,sulfoxaflor-1,65,2,1,0,1,RED,1663,plots\test3_31\1663_chrom065_sulfoxaflor-1_RED.png
test3_12,malaoxon-1,147,1,1,0,0,GREEN,1664,plots\test3_12\1664_chrom147_malaoxon-1_GREEN.png
test3_27,phorate-1,495,1,1,0,0,GREEN,1665,plots\test3_27\1665_chrom495_phorate-1_GREEN.png
test3_11,cyclosulfamuron-1,391,1,1,0,0,GREEN,1666,plots\test3_11\1666_chrom391_cyclosulfamuron-1_GREEN.png
test3_24,triflumizole metabolite FM-6-1-2,106,1,1,0,0,GREEN,1667,plots\test3_24\1667_chrom106_triflumizole metabolite FM-6-1-2_GREEN.png
test3_19,terbufos sulfoxide-1,283,1,1,0,1,YELLOW,1668,plots\test3_19\1668_chrom283_terbufos sulfoxide-1_YELLOW.png
test3_16,fluthiacet-methyl-1,459,1,1,0,0,GREEN,1669,plots\test3_16\1669_chrom459_fluthiacet-methyl-1_GREEN.png
test3_14,propisochlor-1,397,1,1,0,1,YELLOW,1670,plots\test3_14\1670_chrom397_propisochlor-1_YELLOW.png
test3_42,chlorsulfuron-1,143,1,1,0,0,GREEN,1671,plots\test3_42\1671_chrom143_chlorsulfuron-1_GREEN.png
test3_15,parathion-1,427,1,1,0,0,GREEN,1672,plots\test3_15\1672_chrom427_parathion-1_GREEN.png
test3_45,fensulfothion oxon sulfone-1,89,1,1,0,0,GREEN,1673,plots\test3_45\1673_chrom089_fensulfothion oxon sulfone-1_GREEN.png
test3_13,coumoxystrobin-2,654,1,1,0,0,GREEN,1674,plots\test3_13\1674_chrom654_coumoxystrobin-2_GREEN.png
test3_29,terbufos-1,595,1,1,0,0,GREEN,1675,plots\test3_29\1675_chrom595_terbufos-1_GREEN.png
test3_22,quinalphos-2,440,1,1,0,0,GREEN,1676,plots\test3_22\1676_chrom440_quinalphos-2_GREEN.png
test3_33,amisulbrom-1,567,1,1,0,0,GREEN,1677,plots\test3_33\1677_chrom567_amisulbrom-1_GREEN.png
test3_36,phenamacril-2,122,1,1,0,0,GREEN,1678,plots\test3_36\1678_chrom122_phenamacril-2_GREEN.png
test3_10,disulfoton sulfone-1,187,1,1,0,0,GREEN,1679,plots\test3_10\1679_chrom187_disulfoton sulfone-1_GREEN.png
test3_34,quizalofop-ethyl-1,593,1,1,0,0,GREEN,1680,plots\test3_34\1680_chrom593_quizalofop-ethyl-1_GREEN.png
test3_5,dinotefuran-2,14,1,1,0,0,GREEN,1681,plots\test3_5\1681_chrom014_dinotefuran-2_GREEN.png
test3_13,oxaziclomefone-1,597,1,1,0,0,GREEN,1682,plots\test3_13\1682_chrom597_oxaziclomefone-1_GREEN.png
test3_19,iprovalicarb-1,375,1,1,0,0,GREEN,1683,plots\test3_19\1683_chrom375_iprovalicarb-1_GREEN.png
test3_23,Fenoxycarb-2,426,1,1,0,0,GREEN,1684,plots\test3_23\1684_chrom426_Fenoxycarb-2_GREEN.png
test3_28,tau-fluvalinate-1,691,1,1,0,0,GREEN,1685,plots\test3_28\1685_chrom691_tau-fluvalinate-1_GREEN.png
test3_34,phosfolan-1,87,1,1,0,0,GREEN,1686,plots\test3_34\1686_chrom087_phosfolan-1_GREEN.png
test3_36,oxamyl-1,17,3,1,0,2,RED,1687,plots\test3_36\1687_chrom017_oxamyl-1_RED.png
test3_37,trichlorfon-1,59,1,1,0,0,GREEN,1688,plots\test3_37\1688_chrom059_trichlorfon-1_GREEN.png
test3_32,flutriafol-2,194,1,1,0,0,GREEN,1689,plots\test3_32\1689_chrom194_flutriafol-2_GREEN.png
test3_22,albendazole-2,268,1,1,0,0,GREEN,1690,plots\test3_22\1690_chrom268_albendazole-2_GREEN.png
test3_32,nitenpyram-2,16,1,1,0,0,GREEN,1691,plots\test3_32\1691_chrom016_nitenpyram-2_GREEN.png
test3_37,fluopyram-2,372,1,1,0,0,GREEN,1692,plots\test3_37\1692_chrom372_fluopyram-2_GREEN.png
test3_33,phoxim-1,437,1,1,0,0,GREEN,1693,plots\test3_33\1693_chrom437_phoxim-1_GREEN.png
test3_8,forchlorfenuron-1,213,1,1,0,0,GREEN,1694,plots\test3_8\1694_chrom213_forchlorfenuron-1_GREEN.png
test3_24,methoxyfenozide-1,367,1,1,0,0,GREEN,1695,plots\test3_24\1695_chrom367_methoxyfenozide-1_GREEN.png
test3_22,methoprene-1,693,2,1,0,1,RED,1696,plots\test3_22\1696_chrom693_methoprene-1_RED.png
test3_16,fluopicolide-1,321,1,1,0,0,GREEN,1697,plots\test3_16\1697_chrom321_fluopicolide-1_GREEN.png
test3_10,flurtamone-1,297,1,1,0,0,GREEN,1698,plots\test3_10\1698_chrom297_flurtamone-1_GREEN.png
test3_51,phenmedipham-2,250,1,1,0,0,GREEN,1699,plots\test3_51\1699_chrom250_phenmedipham-2_GREEN.png
test3_7,pyriftalid-2,272,3,1,0,2,RED,1700,plots\test3_7\1700_chrom272_pyriftalid-2_RED.png
test3_36,Fenoxycarb-2,426,1,1,0,0,GREEN,1701,plots\test3_36\1701_chrom426_Fenoxycarb-2_GREEN.png
test3_26,albendazole-2,268,1,1,0,0,GREEN,1702,plots\test3_26\1702_chrom268_albendazole-2_GREEN.png
test3_45,vamidothion-1,49,1,1,0,1,YELLOW,1703,plots\test3_45\1703_chrom049_vamidothion-1_YELLOW.png
test3_5,novaluron-1,605,1,1,0,0,GREEN,1704,plots\test3_5\1704_chrom605_novaluron-1_GREEN.png
test3_7,prometryn-2,338,1,1,0,0,GREEN,1705,plots\test3_7\1705_chrom338_prometryn-2_GREEN.png
test3_19,halosulfuron-methyl-1,301,1,1,0,0,GREEN,1706,plots\test3_19\1706_chrom301_halosulfuron-methyl-1_GREEN.png
test3_56,fenamiphos sulfone-1,161,1,1,0,0,GREEN,1707,plots\test3_56\1707_chrom161_fenamiphos sulfone-1_GREEN.png
test3_43,trifloxystrobin-2,570,1,1,0,0,GREEN,1708,plots\test3_43\1708_chrom570_trifloxystrobin-2_GREEN.png
test3_41,chlordimeform-1,27,1,1,0,0,GREEN,1709,plots\test3_41\1709_chrom027_chlordimeform-1_GREEN.png
test3_37,oxydemeton-methyl-1,19,1,1,0,0,GREEN,1710,plots\test3_37\1710_chrom019_oxydemeton-methyl-1_GREEN.png
test3_48,fenpyrazamine-1,369,1,1,0,0,GREEN,1711,plots\test3_48\1711_chrom369_fenpyrazamine-1_GREEN.png
test3_40,triallate-2,640,1,1,0,0,GREEN,1712,plots\test3_40\1712_chrom640_triallate-2_GREEN.png
test3_42,chlorbenzuron-2,442,1,1,0,0,GREEN,1713,plots\test3_42\1713_chrom442_chlorbenzuron-2_GREEN.png
test3_43,tritosulfuron-1,199,4,1,0,4,RED,1714,plots\test3_43\1714_chrom199_tritosulfuron-1_RED.png
test3_14,quinalphos-1,439,1,1,0,0,GREEN,1715,plots\test3_14\1715_chrom439_quinalphos-1_GREEN.png
test3_39,dinotefuran-2,14,1,1,0,0,GREEN,1716,plots\test3_39\1716_chrom014_dinotefuran-2_GREEN.png
test3_12,trifloxystrobin-1,569,1,1,0,0,GREEN,1717,plots\test3_12\1717_chrom569_trifloxystrobin-1_GREEN.png
test3_30,Diclobutrazol-1,449,2,1,0,1,RED,1718,plots\test3_30\1718_chrom449_Diclobutrazol-1_RED.png
test3_26,emamectin B1a-1,655,1,1,0,0,GREEN,1719,plots\test3_26\1719_chrom655_emamectin B1a-1_GREEN.png
test3_33,simazine-1,137,1,1,0,0,GREEN,1720,plots\test3_33\1720_chrom137_simazine-1_GREEN.png
test3_14,pyridalyl-1,701,2,1,1,0,GREEN,1721,plots\test3_14\1721_chrom701_pyridalyl-1_GREEN.png
test3_56,methiocarb sulfoxide-2,48,1,1,0,0,GREEN,1722,plots\test3_56\1722_chrom048_methiocarb sulfoxide-2_GREEN.png
test3_11,spirotetramat-mono-hydroxy-2,132,3,1,1,1,RED,1723,plots\test3_11\1723_chrom132_spirotetramat-mono-hydroxy-2_RED.png
test3_10,coumoxystrobin-1,653,1,1,0,0,GREEN,1724,plots\test3_10\1724_chrom653_coumoxystrobin-1_GREEN.png
test3_7,cyclosulfamuron-1,391,1,1,0,0,GREEN,1725,plots\test3_7\1725_chrom391_cyclosulfamuron-1_GREEN.png
test3_35,sulfentrazone-1,153,1,1,0,0,GREEN,1726,plots\test3_35\1726_chrom153_sulfentrazone-1_GREEN.png
test3_42,florasulam-1,83,1,1,0,0,GREEN,1727,plots\test3_42\1727_chrom083_florasulam-1_GREEN.png
test3_43,diazinon-1,497,1,1,0,0,GREEN,1728,plots\test3_43\1728_chrom497_diazinon-1_GREEN.png
test3_24,bendiocarb-1,125,1,1,0,0,GREEN,1729,plots\test3_24\1729_chrom125_bendiocarb-1_GREEN.png
test3_47,cycloxydim-1,561,1,1,0,0,GREEN,1730,plots\test3_47\1730_chrom561_cycloxydim-1_GREEN.png
test3_28,fonofos-1,461,1,1,0,0,GREEN,1731,plots\test3_28\1731_chrom461_fonofos-1_GREEN.png
test3_27,etoxazole-1,669,1,1,0,0,GREEN,1732,plots\test3_27\1732_chrom669_etoxazole-1_GREEN.png
test3_48,edifenphos-2,494,1,1,0,0,GREEN,1733,plots\test3_48\1733_chrom494_edifenphos-2_GREEN.png
test3_54,linuron-1,263,1,1,0,1,YELLOW,1734,plots\test3_54\1734_chrom263_linuron-1_YELLOW.png
test3_56,alachlor-1,381,1,1,0,0,GREEN,1735,plots\test3_56\1735_chrom381_alachlor-1_GREEN.png
test3_15,boscalid-1,305,1,1,0,0,GREEN,1736,plots\test3_15\1736_chrom305_boscalid-1_GREEN.png
test3_5,benazolin-ethyl-1,269,3,1,0,2,RED,1737,plots\test3_5\1737_chrom269_benazolin-ethyl-1_RED.png
test3_42,spirotetramat-enol-glucoside-1,37,1,1,0,0,GREEN,1738,plots\test3_42\1738_chrom037_spirotetramat-enol-glucoside-1_GREEN.png
test3_30,sedaxane-1,345,2,1,0,1,RED,1739,plots\test3_30\1739_chrom345_sedaxane-1_RED.png
test3_6,isazofos-2,358,3,1,2,0,GREEN,1740,plots\test3_6\1740_chrom358_isazofos-2_GREEN.png
test3_42,fensulfothion oxon sulfone-2,90,1,1,0,0,GREEN,1741,plots\test3_42\1741_chrom090_fensulfothion oxon sulfone-2_GREEN.png
test3_13,mandipropamid-1,335,1,1,0,0,GREEN,1742,plots\test3_13\1742_chrom335_mandipropamid-1_GREEN.png
test3_27,imidacloprid-1,39,1,1,0,0,GREEN,1743,plots\test3_27\1743_chrom039_imidacloprid-1_GREEN.png
test3_49,metsulfuron-methyl-1,127,1,1,0,0,GREEN,1744,plots\test3_49\1744_chrom127_metsulfuron-methyl-1_GREEN.png
test3_39,pirimiphos-methyl-1,513,1,1,0,0,GREEN,1745,plots\test3_39\1745_chrom513_pirimiphos-methyl-1_GREEN.png
test3_27,pyrethrins I-1,677,1,1,0,0,GREEN,1746,plots\test3_27\1746_chrom677_pyrethrins I-1_GREEN.png
test3_26,oxadiazon-1,623,1,1,0,0,GREEN,1747,plots\test3_26\1747_chrom623_oxadiazon-1_GREEN.png
test3_27,boscalid-1,305,1,1,0,0,GREEN,1748,plots\test3_27\1748_chrom305_boscalid-1_GREEN.png
test3_39,propiconazole-1,491,1,1,0,1,YELLOW,1749,plots\test3_39\1749_chrom491_propiconazole-1_YELLOW.png
test3_45,parathion-1,427,1,1,0,0,GREEN,1750,plots\test3_45\1750_chrom427_parathion-1_GREEN.png
test3_42,cyprodinil-1,419,1,1,0,0,GREEN,1751,plots\test3_42\1751_chrom419_cyprodinil-1_GREEN.png
test3_45,saflufenacil-2,288,1,1,0,0,GREEN,1752,plots\test3_45\1752_chrom288_saflufenacil-2_GREEN.png
test3_6,benalaxyl-1,507,1,1,0,0,GREEN,1753,plots\test3_6\1753_chrom507_benalaxyl-1_GREEN.png
test3_4,pyraoxystrobin-2,542,1,1,0,0,GREEN,1754,plots\test3_4\1754_chrom542_pyraoxystrobin-2_GREEN.png
test3_18,difenoconazole-2,550,1,1,0,0,GREEN,1755,plots\test3_18\1755_chrom550_difenoconazole-2_GREEN.png
test3_16,cyazofamid-2,402,4,1,0,4,RED,1756,plots\test3_16\1756_chrom402_cyazofamid-2_RED.png
test3_46,indoxacarb-2,574,1,1,0,0,GREEN,1757,plots\test3_46\1757_chrom574_indoxacarb-2_GREEN.png
test3_47,fluxapyroxad-1,319,1,1,0,0,GREEN,1758,plots\test3_47\1758_chrom319_fluxapyroxad-1_GREEN.png
test3_46,propanil-2,266,1,1,0,0,GREEN,1759,plots\test3_46\1759_chrom266_propanil-2_GREEN.png
test3_45,Chloridazon-2,72,1,1,0,0,GREEN,1760,plots\test3_45\1760_chrom072_Chloridazon-2_GREEN.png
test3_15,Chloridazon-2,72,1,1,0,0,GREEN,1761,plots\test3_15\1761_chrom072_Chloridazon-2_GREEN.png
test3_27,fenpropathrin-2,672,1,1,0,0,GREEN,1762,plots\test3_27\1762_chrom672_fenpropathrin-2_GREEN.png
test3_13,silthiofam-2,448,1,1,0,0,GREEN,1763,plots\test3_13\1763_chrom448_silthiofam-2_GREEN.png
test3_21,anilofos-1,489,1,1,0,0,GREEN,1764,plots\test3_21\1764_chrom489_anilofos-1_GREEN.png
test3_42,thiabendazole-2,94,1,1,0,0,GREEN,1765,plots\test3_42\1765_chrom094_thiabendazole-2_GREEN.png
test3_42,pretilachlor-2,578,1,1,0,0,GREEN,1766,plots\test3_42\1766_chrom578_pretilachlor-2_GREEN.png
test3_43,disulfoton sulfone-1,187,1,1,0,0,GREEN,1767,plots\test3_43\1767_chrom187_disulfoton sulfone-1_GREEN.png
test3_9,clethodim sulfone-2,232,2,1,0,1,RED,1768,plots\test3_9\1768_chrom232_clethodim sulfone-2_RED.png
test3_21,fenamiphos sulfone-2,162,1,1,0,0,GREEN,1769,plots\test3_21\1769_chrom162_fenamiphos sulfone-2_GREEN.png
test3_23,diazinon-1,497,1,1,0,0,GREEN,1770,plots\test3_23\1770_chrom497_diazinon-1_GREEN.png
test3_42,cyproconazole-2,410,2,1,0,2,RED,1771,plots\test3_42\1771_chrom410_cyproconazole-2_RED.png
test3_41,oxaziclomefone-2,598,1,1,0,0,GREEN,1772,plots\test3_41\1772_chrom598_oxaziclomefone-2_GREEN.png
test3_24,kresoxim-methyl-1,443,1,1,0,0,GREEN,1773,plots\test3_24\1773_chrom443_kresoxim-methyl-1_GREEN.png
test3_14,flumorph-1,243,1,1,0,0,GREEN,1774,plots\test3_14\1774_chrom243_flumorph-1_GREEN.png
test3_32,isoprocarb-1,185,1,1,0,0,GREEN,1775,plots\test3_32\1775_chrom185_isoprocarb-1_GREEN.png
test3_34,Picolinafen-2,630,1,1,0,0,GREEN,1776,plots\test3_34\1776_chrom630_Picolinafen-2_GREEN.png
test3_17,oxamyl-2,18,1,1,0,1,YELLOW,1777,plots\test3_17\1777_chrom018_oxamyl-2_YELLOW.png
test3_18,albendazole-2,268,1,1,0,0,GREEN,1778,plots\test3_18\1778_chrom268_albendazole-2_GREEN.png
test3_36,sedaxane-2,346,2,1,0,1,RED,1779,plots\test3_36\1779_chrom346_sedaxane-2_RED.png
test3_28,quizalofop-ethyl-1,593,1,1,0,0,GREEN,1780,plots\test3_28\1780_chrom593_quizalofop-ethyl-1_GREEN.png
test3_43,quinalphos-1,439,1,1,0,0,GREEN,1781,plots\test3_43\1781_chrom439_quinalphos-1_GREEN.png
test3_45,phorate sulfoxide-1,183,1,1,0,0,GREEN,1782,plots\test3_45\1782_chrom183_phorate sulfoxide-1_GREEN.png
test3_10,spirotetramat-mono-hydroxy-2,132,1,1,0,0,GREEN,1783,plots\test3_10\1783_chrom132_spirotetramat-mono-hydroxy-2_GREEN.png
test3_12,flutolanil-2,324,1,1,0,0,GREEN,1784,plots\test3_12\1784_chrom324_flutolanil-2_GREEN.png
test3_40,furathiocarb-1,621,1,1,0,0,GREEN,1785,plots\test3_40\1785_chrom621_furathiocarb-1_GREEN.png
test3_30,propisochlor-2,398,1,1,0,0,GREEN,1786,plots\test3_30\1786_chrom398_propisochlor-2_GREEN.png
test3_13,thiacloprid-2,76,1,1,0,1,YELLOW,1787,plots\test3_13\1787_chrom076_thiacloprid-2_YELLOW.png
test3_37,thiabendazole-1,93,1,1,0,0,GREEN,1788,plots\test3_37\1788_chrom093_thiabendazole-1_GREEN.png
test3_21,sethoxydim-2,608,3,1,1,2,RED,1789,plots\test3_21\1789_chrom608_sethoxydim-2_RED.png
test3_27,metazosulfuron-2,242,1,1,0,0,GREEN,1790,plots\test3_27\1790_chrom242_metazosulfuron-2_GREEN.png
test3_17,ethoxysulfuron-1,339,1,1,0,0,GREEN,1791,plots\test3_17\1791_chrom339_ethoxysulfuron-1_GREEN.png
test3_23,dimethomorph-2,318,2,1,0,1,RED,1792,plots\test3_23\1792_chrom318_dimethomorph-2_RED.png
test3_19,vamidothion-2,50,1,1,0,0,GREEN,1793,plots\test3_19\1793_chrom050_vamidothion-2_GREEN.png
test3_42,flubendiamide-2,504,2,1,0,1,RED,1794,plots\test3_42\1794_chrom504_flubendiamide-2_RED.png
test3_43,spinetoram L-1,641,1,1,0,0,GREEN,1795,plots\test3_43\1795_chrom641_spinetoram L-1_GREEN.png
test3_45,spirotetramat-mono-hydroxy-2,132,1,1,0,0,GREEN,1796,plots\test3_45\1796_chrom132_spirotetramat-mono-hydroxy-2_GREEN.png
test3_7,cinosulfuron-1,107,1,1,0,0,GREEN,1797,plots\test3_7\1797_chrom107_cinosulfuron-1_GREEN.png
test3_8,fensulfothion oxon sulfone-2,90,2,1,0,1,RED,1798,plots\test3_8\1798_chrom090_fensulfothion oxon sulfone-2_RED.png
test3_21,flumorph-2,244,1,1,0,0,GREEN,1799,plots\test3_21\1799_chrom244_flumorph-2_GREEN.png
test3_27,cyflufenamid-2,540,1,1,0,0,GREEN,1800,plots\test3_27\1800_chrom540_cyflufenamid-2_GREEN.png
test3_47,metamitron-2,64,1,1,0,0,GREEN,1801,plots\test3_47\1801_chrom064_metamitron-2_GREEN.png
test3_32,penconazole-1,445,1,1,0,0,GREEN,1802,plots\test3_32\1802_chrom445_penconazole-1_GREEN.png
test3_39,pyribenzoxim-1,657,1,1,0,0,GREEN,1803,plots\test3_39\1803_chrom657_pyribenzoxim-1_GREEN.png
test3_38,emamectin B1a-2,656,1,1,0,0,GREEN,1804,plots\test3_38\1804_chrom656_emamectin B1a-2_GREEN.png
test3_16,fenamidone-1,289,1,1,0,0,GREEN,1805,plots\test3_16\1805_chrom289_fenamidone-1_GREEN.png
test3_42,cyantraniliprole-1,169,1,1,0,0,GREEN,1806,plots\test3_42\1806_chrom169_cyantraniliprole-1_GREEN.png
test3_8,procymidone-1,341,1,1,0,1,YELLOW,1807,plots\test3_8\1807_chrom341_procymidone-1_YELLOW.png
test3_10,isoxaflutole-2,220,2,1,0,1,RED,1808,plots\test3_10\1808_chrom220_isoxaflutole-2_RED.png
test3_47,myclobutanil-2,334,1,1,0,0,GREEN,1809,plots\test3_47\1809_chrom334_myclobutanil-2_GREEN.png
test3_32,sulfotep-1,473,1,1,0,0,GREEN,1810,plots\test3_32\1810_chrom473_sulfotep-1_GREEN.png
test3_14,chromafenozide-2,408,2,1,0,1,RED,1811,plots\test3_14\1811_chrom408_chromafenozide-2_RED.png
test3_30,imidacloprid-1,39,1,1,0,0,GREEN,1812,plots\test3_30\1812_chrom039_imidacloprid-1_GREEN.png
test3_3,mandipropamid-2,336,2,1,1,0,GREEN,1813,plots\test3_3\1813_chrom336_mandipropamid-2_GREEN.png
test3_9,flusilazole-1,429,1,1,0,0,GREEN,1814,plots\test3_9\1814_chrom429_flusilazole-1_GREEN.png
test3_43,fenthion-1,453,1,1,0,0,GREEN,1815,plots\test3_43\1815_chrom453_fenthion-1_GREEN.png
test3_32,disulfoton sulfoxide-1,179,1,1,0,0,GREEN,1816,plots\test3_32\1816_chrom179_disulfoton sulfoxide-1_GREEN.png
test3_33,bioresmethrin-1,689,1,1,0,0,GREEN,1817,plots\test3_33\1817_chrom689_bioresmethrin-1_GREEN.png
test3_35,triflumizole-2,566,1,1,0,0,GREEN,1818,plots\test3_35\1818_chrom566_triflumizole-2_GREEN.png
test3_8,Penflufen-2,468,1,1,0,0,GREEN,1819,plots\test3_8\1819_chrom468_Penflufen-2_GREEN.png
test3_33,phenamacril-2,122,1,1,0,0,GREEN,1820,plots\test3_33\1820_chrom122_phenamacril-2_GREEN.png
test3_35,ipconazole-2,564,2,1,0,1,RED,1821,plots\test3_35\1821_chrom564_ipconazole-2_RED.png
test3_9,flutriafol-1,193,1,1,0,1,YELLOW,1822,plots\test3_9\1822_chrom193_flutriafol-1_YELLOW.png
test3_10,spirotetramat-mono-hydroxy-1,131,1,1,0,1,YELLOW,1823,plots\test3_10\1823_chrom131_spirotetramat-mono-hydroxy-1_YELLOW.png
test3_48,anilofos-2,490,1,1,0,0,GREEN,1824,plots\test3_48\1824_chrom490_anilofos-2_GREEN.png
test3_42,phosmet oxon-1,97,1,1,0,0,GREEN,1825,plots\test3_42\1825_chrom097_phosmet oxon-1_GREEN.png
test3_44,fenamiphos sulfone-2,162,1,1,0,0,GREEN,1826,plots\test3_44\1826_chrom162_fenamiphos sulfone-2_GREEN.png
test3_40,chlorsulfuron-2,144,1,1,0,0,GREEN,1827,plots\test3_40\1827_chrom144_chlorsulfuron-2_GREEN.png
test3_29,mevinphos-2,80,1,1,0,0,GREEN,1828,plots\test3_29\1828_chrom080_mevinphos-2_GREEN.png
test3_15,triadimenol-1,347,1,1,0,0,GREEN,1829,plots\test3_15\1829_chrom347_triadimenol-1_GREEN.png
test3_36,monocrotophos-2,30,2,1,0,1,RED,1830,plots\test3_36\1830_chrom030_monocrotophos-2_RED.png
test3_33,diazinon-2,498,1,1,0,0,GREEN,1831,plots\test3_33\1831_chrom498_diazinon-2_GREEN.png
test3_28,spinosad A-1,555,1,1,0,0,GREEN,1832,plots\test3_28\1832_chrom555_spinosad A-1_GREEN.png
test3_40,amisulbrom-2,568,1,1,0,0,GREEN,1833,plots\test3_40\1833_chrom568_amisulbrom-2_GREEN.png
test3_56,Dimethenamid-P-1,293,1,1,0,0,GREEN,1834,plots\test3_56\1834_chrom293_Dimethenamid-P-1_GREEN.png
test3_25,uniconazole-1,411,2,1,0,1,RED,1835,plots\test3_25\1835_chrom411_uniconazole-1_RED.png
test3_10,napropamide-1,387,1,1,0,0,GREEN,1836,plots\test3_10\1836_chrom387_napropamide-1_GREEN.png
test3_15,pyriproxyfen-2,628,1,1,0,0,GREEN,1837,plots\test3_15\1837_chrom628_pyriproxyfen-2_GREEN.png
test3_3,triadimefon-1,343,1,1,0,1,YELLOW,1838,plots\test3_3\1838_chrom343_triadimefon-1_YELLOW.png
test3_30,monocrotophos-2,30,1,1,0,0,GREEN,1839,plots\test3_30\1839_chrom030_monocrotophos-2_GREEN.png
test3_44,linuron-1,263,1,1,0,0,GREEN,1840,plots\test3_44\1840_chrom263_linuron-1_GREEN.png
test3_7,prosulfocarb-2,560,2,1,1,0,GREEN,1841,plots\test3_7\1841_chrom560_prosulfocarb-2_GREEN.png
test3_48,myclobutanil-2,334,1,1,0,0,GREEN,1842,plots\test3_48\1842_chrom334_myclobutanil-2_GREEN.png
test3_52,spirotetramat-enol-2,36,1,1,0,0,GREEN,1843,plots\test3_52\1843_chrom036_spirotetramat-enol-2_GREEN.png
test3_47,chlorpropham-1,311,1,1,0,0,GREEN,1844,plots\test3_47\1844_chrom311_chlorpropham-1_GREEN.png
test3_40,oxamyl-1,17,4,1,1,2,RED,1845,plots\test3_40\1845_chrom017_oxamyl-1_RED.png
test3_24,amidosulfuron-2,150,1,1,0,0,GREEN,1846,plots\test3_24\1846_chrom150_amidosulfuron-2_GREEN.png
test3_24,iprovalicarb-1,375,1,1,0,0,GREEN,1847,plots\test3_24\1847_chrom375_iprovalicarb-1_GREEN.png
test3_38,fenpropidin-1,227,1,1,0,1,YELLOW,1848,plots\test3_38\1848_chrom227_fenpropidin-1_YELLOW.png
test3_6,oxyfluorfen-2,604,1,1,0,0,GREEN,1849,plots\test3_6\1849_chrom604_oxyfluorfen-2_GREEN.png
test3_17,halosulfuron-methyl-2,302,1,1,0,0,GREEN,1850,plots\test3_17\1850_chrom302_halosulfuron-methyl-2_GREEN.png
test3_12,phosalone-1,519,1,1,0,0,GREEN,1851,plots\test3_12\1851_chrom519_phosalone-1_GREEN.png
test3_11,chlorantraniliprole-1,253,1,1,0,0,GREEN,1852,plots\test3_11\1852_chrom253_chlorantraniliprole-1_GREEN.png
test3_7,isofenphos-methyl-1,475,1,1,0,0,GREEN,1853,plots\test3_7\1853_chrom475_isofenphos-methyl-1_GREEN.png
test3_12,pyriftalid-1,271,1,1,0,0,GREEN,1854,plots\test3_12\1854_chrom271_pyriftalid-1_GREEN.png
test3_40,fenothiocarb-2,418,1,1,0,0,GREEN,1855,plots\test3_40\1855_chrom418_fenothiocarb-2_GREEN.png
test3_39,flufenacet-1,383,1,1,0,0,GREEN,1856,plots\test3_39\1856_chrom383_flufenacet-1_GREEN.png
test3_46,triasulfuron-2,118,1,1,0,0,GREEN,1857,plots\test3_46\1857_chrom118_triasulfuron-2_GREEN.png
test3_24,fenthion sulfone-2,166,1,1,0,0,GREEN,1858,plots\test3_24\1858_chrom166_fenthion sulfone-2_GREEN.png
test3_56,phorate sulfone-2,192,1,1,0,0,GREEN,1859,plots\test3_56\1859_chrom192_phorate sulfone-2_GREEN.png
test3_36,fenothiocarb-1,417,1,1,0,0,GREEN,1860,plots\test3_36\1860_chrom417_fenothiocarb-1_GREEN.png
test3_17,methomyl-1,5,3,1,1,1,RED,1861,plots\test3_17\1861_chrom005_methomyl-1_RED.png
test3_32,prochloraz metabolite BTS44595-2,488,1,1,0,0,GREEN,1862,plots\test3_32\1862_chrom488_prochloraz metabolite BTS44595-2_GREEN.png
test3_45,aldicarb sulfoxide-2,12,2,1,0,1,RED,1863,plots\test3_45\1863_chrom012_aldicarb sulfoxide-2_RED.png
test3_5,sulfoxaflor-1,65,2,1,0,1,RED,1864,plots\test3_5\1864_chrom065_sulfoxaflor-1_RED.png
test3_24,alachlor-1,381,1,1,0,0,GREEN,1865,plots\test3_24\1865_chrom381_alachlor-1_GREEN.png
test3_17,clethodim sulfone-2,232,1,1,0,0,GREEN,1866,plots\test3_17\1866_chrom232_clethodim sulfone-2_GREEN.png
test3_40,fenthion sulfoxide-2,164,1,1,0,0,GREEN,1867,plots\test3_40\1867_chrom164_fenthion sulfoxide-2_GREEN.png
test3_54,cyflufenamid-1,539,1,1,0,0,GREEN,1868,plots\test3_54\1868_chrom539_cyflufenamid-1_GREEN.png
test3_49,cyflumetofen-2,610,1,1,0,0,GREEN,1869,plots\test3_49\1869_chrom610_cyflumetofen-2_GREEN.png
test3_15,albendazole-1,267,1,1,0,0,GREEN,1870,plots\test3_15\1870_chrom267_albendazole-1_GREEN.png
test3_4,pyrethrins II-1,585,2,1,1,0,GREEN,1871,plots\test3_4\1871_chrom585_pyrethrins II-1_GREEN.png
test3_38,Dimethenamid-P-2,294,1,1,0,0,GREEN,1872,plots\test3_38\1872_chrom294_Dimethenamid-P-2_GREEN.png
test3_37,epoxiconazole-2,406,1,1,0,0,GREEN,1873,plots\test3_37\1873_chrom406_epoxiconazole-2_GREEN.png
test3_17,imidacloprid-1,39,1,1,0,0,GREEN,1874,plots\test3_17\1874_chrom039_imidacloprid-1_GREEN.png
test3_15,pyrimethanil-1,257,1,1,0,0,GREEN,1875,plots\test3_15\1875_chrom257_pyrimethanil-1_GREEN.png
test3_30,cyprodinil-1,419,1,1,0,0,GREEN,1876,plots\test3_30\1876_chrom419_cyprodinil-1_GREEN.png
test3_53,clothianidin-1,41,1,1,0,0,GREEN,1877,plots\test3_53\1877_chrom041_clothianidin-1_GREEN.png
test3_3,albendazole-2,268,1,1,0,0,GREEN,1878,plots\test3_3\1878_chrom268_albendazole-2_GREEN.png
test3_27,hexazinone-1,139,1,1,0,0,GREEN,1879,plots\test3_27\1879_chrom139_hexazinone-1_GREEN.png
test3_27,Fenoxycarb-2,426,1,1,0,0,GREEN,1880,plots\test3_27\1880_chrom426_Fenoxycarb-2_GREEN.png
test3_55,triasulfuron-2,118,1,1,0,0,GREEN,1881,plots\test3_55\1881_chrom118_triasulfuron-2_GREEN.png
test3_3,hexythiazox-2,650,2,1,0,2,RED,1882,plots\test3_3\1882_chrom650_hexythiazox-2_RED.png
test3_41,flumetralin-2,664,1,1,0,0,GREEN,1883,plots\test3_41\1883_chrom664_flumetralin-2_GREEN.png
test3_35,tribenuron-methyl-1,215,1,1,0,0,GREEN,1884,plots\test3_35\1884_chrom215_tribenuron-methyl-1_GREEN.png
test3_25,oxyfluorfen-1,603,2,1,1,0,GREEN,1885,plots\test3_25\1885_chrom603_oxyfluorfen-1_GREEN.png
test3_14,butachlor-2,576,3,1,1,1,RED,1886,plots\test3_14\1886_chrom576_butachlor-2_RED.png
test3_41,etrimfos-1,455,1,1,0,0,GREEN,1887,plots\test3_41\1887_chrom455_etrimfos-1_GREEN.png
test3_21,prochloraz-1,521,1,1,0,0,GREEN,1888,plots\test3_21\1888_chrom521_prochloraz-1_GREEN.png
test3_21,oxamyl oxime-2,10,1,1,0,1,YELLOW,1889,plots\test3_21\1889_chrom010_oxamyl oxime-2_YELLOW.png
test3_9,promecarb-2,262,3,1,0,2,RED,1890,plots\test3_9\1890_chrom262_promecarb-2_RED.png
test3_40,ethion-2,644,1,1,0,0,GREEN,1891,plots\test3_40\1891_chrom644_ethion-2_GREEN.png
test3_11,fensulfothion sulfone-2,234,1,1,0,0,GREEN,1892,plots\test3_11\1892_chrom234_fensulfothion sulfone-2_GREEN.png
test3_54,fenoxanil-1,421,1,1,0,0,GREEN,1893,plots\test3_54\1893_chrom421_fenoxanil-1_GREEN.png
test3_24,acetochlor-1,379,1,1,0,0,GREEN,1894,plots\test3_24\1894_chrom379_acetochlor-1_GREEN.png
test3_51,isoprocarb-1,185,1,1,0,0,GREEN,1895,plots\test3_51\1895_chrom185_isoprocarb-1_GREEN.png
test3_33,pyrethrins II-1,585,1,1,0,0,GREEN,1896,plots\test3_33\1896_chrom585_pyrethrins II-1_GREEN.png
test3_50,fenpropimorph-1,291,1,1,0,0,GREEN,1897,plots\test3_50\1897_chrom291_fenpropimorph-1_GREEN.png
test3_15,spirodiclofen-1,683,3,1,0,2,RED,1898,plots\test3_15\1898_chrom683_spirodiclofen-1_RED.png
test3_27,fluopyram-2,372,1,1,0,0,GREEN,1899,plots\test3_27\1899_chrom372_fluopyram-2_GREEN.png
test3_20,pyraclostrobin-1,529,1,1,0,0,GREEN,1900,plots\test3_20\1900_chrom529_pyraclostrobin-1_GREEN.png
test3_23,demeton-S-sulfoxide-1,67,1,1,0,1,YELLOW,1901,plots\test3_23\1901_chrom067_demeton-S-sulfoxide-1_YELLOW.png
test3_42,anilofos-2,490,1,1,0,0,GREEN,1902,plots\test3_42\1902_chrom490_anilofos-2_GREEN.png
test3_25,hexazinone-2,140,1,1,0,0,GREEN,1903,plots\test3_25\1903_chrom140_hexazinone-2_GREEN.png
test3_8,chlorfluazuron-1,679,1,1,0,0,GREEN,1904,plots\test3_8\1904_chrom679_chlorfluazuron-1_GREEN.png
test3_43,dichlorvos-1,115,1,1,0,0,GREEN,1905,plots\test3_43\1905_chrom115_dichlorvos-1_GREEN.png
test3_27,azoxystrobin-1,309,1,1,0,0,GREEN,1906,plots\test3_27\1906_chrom309_azoxystrobin-1_GREEN.png
test3_40,fenbuconazole-1,415,1,1,0,0,GREEN,1907,plots\test3_40\1907_chrom415_fenbuconazole-1_GREEN.png
test3_30,chlorpyrifos-1,635,1,1,0,0,GREEN,1908,plots\test3_30\1908_chrom635_chlorpyrifos-1_GREEN.png
test3_50,fluazifop-1,617,1,1,0,0,GREEN,1909,plots\test3_50\1909_chrom617_fluazifop-1_GREEN.png
test3_38,lactofen-2,634,1,1,0,0,GREEN,1910,plots\test3_38\1910_chrom634_lactofen-2_GREEN.png
test3_50,iprodione-1,393,1,1,0,0,GREEN,1911,plots\test3_50\1911_chrom393_iprodione-1_GREEN.png
test3_38,spinosad D-2,590,1,1,0,0,GREEN,1912,plots\test3_38\1912_chrom590_spinosad D-2_GREEN.png
test3_13,fenothiocarb-2,418,1,1,0,0,GREEN,1913,plots\test3_13\1913_chrom418_fenothiocarb-2_GREEN.png
test3_31,phenthoate-2,452,2,1,0,1,RED,1914,plots\test3_31\1914_chrom452_phenthoate-2_RED.png
test3_51,flumetralin-2,664,1,1,0,0,GREEN,1915,plots\test3_51\1915_chrom664_flumetralin-2_GREEN.png
test3_4,pyriftalid-1,271,1,1,0,0,GREEN,1916,plots\test3_4\1916_chrom271_pyriftalid-1_GREEN.png
test3_53,sulfotep-1,473,1,1,0,0,GREEN,1917,plots\test3_53\1917_chrom473_sulfotep-1_GREEN.png
test3_22,propachlor-1,209,1,1,0,0,GREEN,1918,plots\test3_22\1918_chrom209_propachlor-1_GREEN.png
test3_16,ethoxysulfuron-2,340,1,1,0,0,GREEN,1919,plots\test3_16\1919_chrom340_ethoxysulfuron-2_GREEN.png
test3_34,triflumizole-1,565,1,1,0,0,GREEN,1920,plots\test3_34\1920_chrom565_triflumizole-1_GREEN.png
test3_20,flufenoxuron-2,668,1,1,0,0,GREEN,1921,plots\test3_20\1921_chrom668_flufenoxuron-2_GREEN.png
test3_3,simetryn-2,178,1,1,0,0,GREEN,1922,plots\test3_3\1922_chrom178_simetryn-2_GREEN.png
test3_7,hexythiazox-1,649,1,1,0,0,GREEN,1923,plots\test3_7\1923_chrom649_hexythiazox-1_GREEN.png
test3_32,tricyclazole-2,92,1,1,0,0,GREEN,1924,plots\test3_32\1924_chrom092_tricyclazole-2_GREEN.png
test3_30,metamitron-2,64,1,1,0,0,GREEN,1925,plots\test3_30\1925_chrom064_metamitron-2_GREEN.png
test3_25,ethoprophos-2,390,1,1,0,0,GREEN,1926,plots\test3_25\1926_chrom390_ethoprophos-2_GREEN.png
test3_15,methoxyfenozide-2,368,2,1,0,2,RED,1927,plots\test3_15\1927_chrom368_methoxyfenozide-2_RED.png
test3_26,spirotetramat-enol-glucoside-1,37,5,1,0,4,RED,1928,plots\test3_26\1928_chrom037_spirotetramat-enol-glucoside-1_RED.png
test3_48,atrazine-2,196,1,1,0,0,GREEN,1929,plots\test3_48\1929_chrom196_atrazine-2_GREEN.png
test3_39,emamectin B1a-2,656,1,1,0,0,GREEN,1930,plots\test3_39\1930_chrom656_emamectin B1a-2_GREEN.png
test3_39,metamifop-2,616,1,1,0,0,GREEN,1931,plots\test3_39\1931_chrom616_metamifop-2_GREEN.png
test3_47,pyraoxystrobin-1,541,1,1,0,0,GREEN,1932,plots\test3_47\1932_chrom541_pyraoxystrobin-1_GREEN.png
test3_15,terbufos sulfoxide-2,284,2,1,0,2,RED,1933,plots\test3_15\1933_chrom284_terbufos sulfoxide-2_RED.png
test3_50,thiamethoxam-2,26,1,1,0,0,GREEN,1934,plots\test3_50\1934_chrom026_thiamethoxam-2_GREEN.png
test3_56,benazolin-ethyl-1,269,1,1,0,0,GREEN,1935,plots\test3_56\1935_chrom269_benazolin-ethyl-1_GREEN.png
test3_4,propamocarb-1,3,1,1,0,0,GREEN,1936,plots\test3_4\1936_chrom003_propamocarb-1_GREEN.png
test3_31,dichlorvos-2,116,1,1,0,0,GREEN,1937,plots\test3_31\1937_chrom116_dichlorvos-2_GREEN.png
test3_51,metazachlor-2,208,1,1,0,0,GREEN,1938,plots\test3_51\1938_chrom208_metazachlor-2_GREEN.png
test3_43,fenthion sulfone-2,166,1,1,0,0,GREEN,1939,plots\test3_43\1939_chrom166_fenthion sulfone-2_GREEN.png
test3_39,chlorpyrifos-1,635,1,1,0,0,GREEN,1940,plots\test3_39\1940_chrom635_chlorpyrifos-1_GREEN.png
test3_42,fenpyroximate-2,682,1,1,0,0,GREEN,1941,plots\test3_42\1941_chrom682_fenpyroximate-2_GREEN.png
test3_50,pencycuron-1,537,1,1,0,0,GREEN,1942,plots\test3_50\1942_chrom537_pencycuron-1_GREEN.png
test3_42,thiacloprid-1,75,1,1,0,0,GREEN,1943,plots\test3_42\1943_chrom075_thiacloprid-1_GREEN.png
test3_25,ethiprole-2,300,1,1,0,0,GREEN,1944,plots\test3_25\1944_chrom300_ethiprole-2_GREEN.png
test3_48,propachlor-1,209,1,1,0,0,GREEN,1945,plots\test3_48\1945_chrom209_propachlor-1_GREEN.png
test3_18,trifloxystrobin-1,569,1,1,0,0,GREEN,1946,plots\test3_18\1946_chrom569_trifloxystrobin-1_GREEN.png
test3_42,procymidone-2,342,1,1,0,0,GREEN,1947,plots\test3_42\1947_chrom342_procymidone-2_GREEN.png
test3_32,prochloraz-2,522,1,1,0,0,GREEN,1948,plots\test3_32\1948_chrom522_prochloraz-2_GREEN.png
test3_38,fenaminstrobin-2,588,1,1,0,0,GREEN,1949,plots\test3_38\1949_chrom588_fenaminstrobin-2_GREEN.png
test3_10,ipconazole-1,563,2,1,0,1,RED,1950,plots\test3_10\1950_chrom563_ipconazole-1_RED.png
test3_21,disulfoton sulfone-1,187,1,1,0,0,GREEN,1951,plots\test3_21\1951_chrom187_disulfoton sulfone-1_GREEN.png
test3_52,simazine-1,137,1,1,0,0,GREEN,1952,plots\test3_52\1952_chrom137_simazine-1_GREEN.png
test3_8,fenaminstrobin-2,588,1,1,0,0,GREEN,1953,plots\test3_8\1953_chrom588_fenaminstrobin-2_GREEN.png
test3_49,pyrametostrobin-1,483,1,1,0,0,GREEN,1954,plots\test3_49\1954_chrom483_pyrametostrobin-1_GREEN.png
test3_40,benazolin-ethyl-1,269,1,1,0,0,GREEN,1955,plots\test3_40\1955_chrom269_benazolin-ethyl-1_GREEN.png
test3_11,diethyl aminoethyl hexanoate-1,53,1,1,0,0,GREEN,1956,plots\test3_11\1956_chrom053_diethyl aminoethyl hexanoate-1_GREEN.png
test3_37,cyantraniliprole-1,169,1,1,0,0,GREEN,1957,plots\test3_37\1957_chrom169_cyantraniliprole-1_GREEN.png
test3_27,disulfoton sulfone-1,187,1,1,0,0,GREEN,1958,plots\test3_27\1958_chrom187_disulfoton sulfone-1_GREEN.png
test3_46,fluoroglycofen-ethyl-2,582,1,1,0,0,GREEN,1959,plots\test3_46\1959_chrom582_fluoroglycofen-ethyl-2_GREEN.png
test3_4,methoprene-1,693,1,1,0,0,GREEN,1960,plots\test3_4\1960_chrom693_methoprene-1_GREEN.png
test3_35,boscalid-2,306,1,1,0,0,GREEN,1961,plots\test3_35\1961_chrom306_boscalid-2_GREEN.png
test3_41,alachlor-2,382,1,1,0,0,GREEN,1962,plots\test3_41\1962_chrom382_alachlor-2_GREEN.png
test3_26,oxydemeton-methyl-1,19,1,1,0,0,GREEN,1963,plots\test3_26\1963_chrom019_oxydemeton-methyl-1_GREEN.png
test3_17,uniconazole-2,412,2,1,0,1,RED,1964,plots\test3_17\1964_chrom412_uniconazole-2_RED.png
test3_6,triflusulfuron-methyl-2,354,5,1,0,4,RED,1965,plots\test3_6\1965_chrom354_triflusulfuron-methyl-2_RED.png
test3_19,tau-fluvalinate-2,692,4,1,0,3,RED,1966,plots\test3_19\1966_chrom692_tau-fluvalinate-2_RED.png
test3_52,ametryn-2,252,1,1,0,0,GREEN,1967,plots\test3_52\1967_chrom252_ametryn-2_GREEN.png
test3_32,ethofumesate-1,281,1,1,0,1,YELLOW,1968,plots\test3_32\1968_chrom281_ethofumesate-1_YELLOW.png
test3_44,methoxyfenozide-2,368,1,1,0,0,GREEN,1969,plots\test3_44\1969_chrom368_methoxyfenozide-2_GREEN.png
test3_51,clethodim-1,571,1,1,0,0,GREEN,1970,plots\test3_51\1970_chrom571_clethodim-1_GREEN.png
test3_38,isoproturon-2,204,1,1,0,0,GREEN,1971,plots\test3_38\1971_chrom204_isoproturon-2_GREEN.png
test3_4,fensulfothion sulfone-2,234,1,1,0,1,YELLOW,1972,plots\test3_4\1972_chrom234_fensulfothion sulfone-2_YELLOW.png
test3_12,bensulfuron-methyl-1,273,1,1,0,0,GREEN,1973,plots\test3_12\1973_chrom273_bensulfuron-methyl-1_GREEN.png
test3_14,iprodione-2,394,2,1,0,2,RED,1974,plots\test3_14\1974_chrom394_iprodione-2_RED.png
test3_49,triallate-1,639,1,1,0,0,GREEN,1975,plots\test3_49\1975_chrom639_triallate-1_GREEN.png
test3_40,amidosulfuron-1,149,1,1,0,0,GREEN,1976,plots\test3_40\1976_chrom149_amidosulfuron-1_GREEN.png
test3_42,triadimefon-1,343,1,1,0,0,GREEN,1977,plots\test3_42\1977_chrom343_triadimefon-1_GREEN.png
test3_28,picoxystrobin-1,457,1,1,0,0,GREEN,1978,plots\test3_28\1978_chrom457_picoxystrobin-1_GREEN.png
test3_23,phorate-1,495,4,1,2,1,RED,1979,plots\test3_23\1979_chrom495_phorate-1_RED.png
test3_35,demeton-S-sulfone-2,74,1,1,0,0,GREEN,1980,plots\test3_35\1980_chrom074_demeton-S-sulfone-2_GREEN.png
test3_49,chlorpyrifos-2,636,1,1,0,0,GREEN,1981,plots\test3_49\1981_chrom636_chlorpyrifos-2_GREEN.png
test3_33,etrimfos-2,456,1,1,0,0,GREEN,1982,plots\test3_33\1982_chrom456_etrimfos-2_GREEN.png
test3_35,dimethomorph-2,318,2,1,0,1,RED,1983,plots\test3_35\1983_chrom318_dimethomorph-2_RED.png
test3_11,fenpyroximate-2,682,2,1,1,0,GREEN,1984,plots\test3_11\1984_chrom682_fenpyroximate-2_GREEN.png
test3_7,pyrazosulfuron-ethyl-2,352,1,1,0,0,GREEN,1985,plots\test3_7\1985_chrom352_pyrazosulfuron-ethyl-2_GREEN.png
test3_21,promecarb-1,261,2,1,0,1,RED,1986,plots\test3_21\1986_chrom261_promecarb-1_RED.png
test3_42,chlordimeform-1,27,1,1,0,0,GREEN,1987,plots\test3_42\1987_chrom027_chlordimeform-1_GREEN.png
test3_32,metrafenone-1,533,1,1,0,0,GREEN,1988,plots\test3_32\1988_chrom533_metrafenone-1_GREEN.png
test3_37,Picolinafen-2,630,1,1,0,0,GREEN,1989,plots\test3_37\1989_chrom630_Picolinafen-2_GREEN.png
test3_14,carboxin-1,159,1,1,0,0,GREEN,1990,plots\test3_14\1990_chrom159_carboxin-1_GREEN.png
test3_22,mefenacet-1,355,1,1,0,0,GREEN,1991,plots\test3_22\1991_chrom355_mefenacet-1_GREEN.png
test3_8,triticonazole-2,374,1,1,0,0,GREEN,1992,plots\test3_8\1992_chrom374_triticonazole-2_GREEN.png
test3_53,kresoxim-methyl-2,444,1,1,0,0,GREEN,1993,plots\test3_53\1993_chrom444_kresoxim-methyl-2_GREEN.png
test3_19,cinosulfuron-1,107,1,1,0,0,GREEN,1994,plots\test3_19\1994_chrom107_cinosulfuron-1_GREEN.png
test3_25,simazine-2,138,2,1,0,1,RED,1995,plots\test3_25\1995_chrom138_simazine-2_RED.png
test3_46,quizalofop-ethyl-1,593,1,1,0,0,GREEN,1996,plots\test3_46\1996_chrom593_quizalofop-ethyl-1_GREEN.png
test3_11,cinosulfuron-2,108,1,1,0,0,GREEN,1997,plots\test3_11\1997_chrom108_cinosulfuron-2_GREEN.png
test3_27,azoxystrobin-2,310,1,1,0,0,GREEN,1998,plots\test3_27\1998_chrom310_azoxystrobin-2_GREEN.png
test3_24,triazophos-2,362,1,1,0,0,GREEN,1999,plots\test3_24\1999_chrom362_triazophos-2_GREEN.png
test3_51,spiromesifen-1,673,1,1,0,0,GREEN,2000,plots\test3_51\2000_chrom673_spiromesifen-1_GREEN.png
test3_46,dimethomorph-1,317,2,1,0,1,RED,2001,plots\test3_46\2001_chrom317_dimethomorph-1_RED.png
test3_7,spirotetramat-enol-2,36,2,1,0,2,RED,2002,plots\test3_7\2002_chrom036_spirotetramat-enol-2_RED.png
test3_11,fenamiphos sulfoxide-1,151,3,1,1,1,RED,2003,plots\test3_11\2003_chrom151_fenamiphos sulfoxide-1_RED.png
test3_18,dinotefuran-2,14,1,1,0,0,GREEN,2004,plots\test3_18\2004_chrom014_dinotefuran-2_GREEN.png
test3_56,mevinphos-2,80,1,1,0,0,GREEN,2005,plots\test3_56\2005_chrom080_mevinphos-2_GREEN.png
test3_34,azinphos-methyl-1,247,1,1,0,0,GREEN,2006,plots\test3_34\2006_chrom247_azinphos-methyl-1_GREEN.png
test3_19,phorate sulfoxide-2,184,1,1,0,0,GREEN,2007,plots\test3_19\2007_chrom184_phorate sulfoxide-2_GREEN.png
test3_21,fluthiacet-methyl-2,460,1,1,0,0,GREEN,2008,plots\test3_21\2008_chrom460_fluthiacet-methyl-2_GREEN.png
test3_9,oxadiargyl-1,515,3,1,0,2,RED,2009,plots\test3_9\2009_chrom515_oxadiargyl-1_RED.png
test3_52,ipconazole-2,564,2,1,0,1,RED,2010,plots\test3_52\2010_chrom564_ipconazole-2_RED.png
test3_24,epoxiconazole-1,405,1,1,0,0,GREEN,2011,plots\test3_24\2011_chrom405_epoxiconazole-1_GREEN.png
test3_20,fenazaquin-2,688,1,1,0,0,GREEN,2012,plots\test3_20\2012_chrom688_fenazaquin-2_GREEN.png
test3_24,methiocarb sulfone-2,70,1,1,0,0,GREEN,2013,plots\test3_24\2013_chrom070_methiocarb sulfone-2_GREEN.png
test3_45,simazine-1,137,1,1,0,0,GREEN,2014,plots\test3_45\2014_chrom137_simazine-1_GREEN.png
test3_29,piperonyl butoxide-2,638,1,1,0,0,GREEN,2015,plots\test3_29\2015_chrom638_piperonyl butoxide-2_GREEN.png
test3_33,phosphamidon-2,104,1,1,0,0,GREEN,2016,plots\test3_33\2016_chrom104_phosphamidon-2_GREEN.png
test3_56,tau-fluvalinate-2,692,2,1,0,1,RED,2017,plots\test3_56\2017_chrom692_tau-fluvalinate-2_RED.png
test3_43,tribenuron-methyl-1,215,1,1,0,0,GREEN,2018,plots\test3_43\2018_chrom215_tribenuron-methyl-1_GREEN.png
test3_44,imidaclothiz-1,45,1,1,0,0,GREEN,2019,plots\test3_44\2019_chrom045_imidaclothiz-1_GREEN.png
test3_35,picoxystrobin-1,457,1,1,0,0,GREEN,2020,plots\test3_35\2020_chrom457_picoxystrobin-1_GREEN.png
test3_36,pyraoxystrobin-1,541,2,1,0,1,RED,2021,plots\test3_36\2021_chrom541_pyraoxystrobin-1_RED.png
test3_24,iodosulfuron-methyl-sodium-1,229,1,1,0,0,GREEN,2022,plots\test3_24\2022_chrom229_iodosulfuron-methyl-sodium-1_GREEN.png
test3_14,isofenphos-methyl-2,476,1,1,0,0,GREEN,2023,plots\test3_14\2023_chrom476_isofenphos-methyl-2_GREEN.png
test3_13,diazinon-2,498,1,1,0,0,GREEN,2024,plots\test3_13\2024_chrom498_diazinon-2_GREEN.png
test3_41,ethoxysulfuron-1,339,1,1,0,0,GREEN,2025,plots\test3_41\2025_chrom339_ethoxysulfuron-1_GREEN.png
test3_19,chlorpyrifos-2,636,1,1,0,0,GREEN,2026,plots\test3_19\2026_chrom636_chlorpyrifos-2_GREEN.png
test3_51,ethion-1,643,1,1,0,0,GREEN,2027,plots\test3_51\2027_chrom643_ethion-1_GREEN.png
test3_53,terbuthylazine-2,296,1,1,0,0,GREEN,2028,plots\test3_53\2028_chrom296_terbuthylazine-2_GREEN.png
test3_53,chlorpyrifos-methyl-1,517,1,1,0,0,GREEN,2029,plots\test3_53\2029_chrom517_chlorpyrifos-methyl-1_GREEN.png
test3_9,imidaclothiz-1,45,1,1,0,0,GREEN,2030,plots\test3_9\2030_chrom045_imidaclothiz-1_GREEN.png
test3_41,lufenuron-2,660,1,1,0,0,GREEN,2031,plots\test3_41\2031_chrom660_lufenuron-2_GREEN.png
test3_47,phosphamidon-2,104,1,1,0,0,GREEN,2032,plots\test3_47\2032_chrom104_phosphamidon-2_GREEN.png
test3_6,clethodim sulfoxide-1,237,2,1,0,1,RED,2033,plots\test3_6\2033_chrom237_clethodim sulfoxide-1_RED.png
test3_56,disulfoton sulfone-1,187,1,1,0,0,GREEN,2034,plots\test3_56\2034_chrom187_disulfoton sulfone-1_GREEN.png
test3_48,isopyrazam-1,553,1,1,0,0,GREEN,2035,plots\test3_48\2035_chrom553_isopyrazam-1_GREEN.png
test3_49,ethiprole-2,300,1,1,0,0,GREEN,2036,plots\test3_49\2036_chrom300_ethiprole-2_GREEN.png
test3_37,trichlorfon-2,60,1,1,0,0,GREEN,2037,plots\test3_37\2037_chrom060_trichlorfon-2_GREEN.png
test3_23,cyproconazole-2,410,2,1,0,1,RED,2038,plots\test3_23\2038_chrom410_cyproconazole-2_RED.png
test3_17,trichlorfon-2,60,2,1,0,1,RED,2039,plots\test3_17\2039_chrom060_trichlorfon-2_RED.png
test3_27,terbufos sulfoxide-2,284,3,1,2,0,GREEN,2040,plots\test3_27\2040_chrom284_terbufos sulfoxide-2_GREEN.png
test3_25,malaoxon-2,148,1,1,0,0,GREEN,2041,plots\test3_25\2041_chrom148_malaoxon-2_GREEN.png
test3_6,phosalone-1,519,2,1,0,1,RED,2042,plots\test3_6\2042_chrom519_phosalone-1_RED.png
test3_20,phosalone-1,519,1,1,0,0,GREEN,2043,plots\test3_20\2043_chrom519_phosalone-1_GREEN.png
test3_38,benalaxyl-2,508,1,1,0,0,GREEN,2044,plots\test3_38\2044_chrom508_benalaxyl-2_GREEN.png
test3_46,sulfotep-2,474,1,1,0,0,GREEN,2045,plots\test3_46\2045_chrom474_sulfotep-2_GREEN.png
test3_32,oxadixyl-1,99,1,1,0,0,GREEN,2046,plots\test3_32\2046_chrom099_oxadixyl-1_GREEN.png
test3_52,phenamacril-1,121,2,1,1,0,GREEN,2047,plots\test3_52\2047_chrom121_phenamacril-1_GREEN.png
test3_8,propiconazole-2,492,2,1,0,2,RED,2048,plots\test3_8\2048_chrom492_propiconazole-2_RED.png
test3_38,fenthion-2,454,1,1,0,0,GREEN,2049,plots\test3_38\2049_chrom454_fenthion-2_GREEN.png
test3_20,tebuconazole-1,465,2,1,1,0,GREEN,2050,plots\test3_20\2050_chrom465_tebuconazole-1_GREEN.png
test3_31,bensulfuron-methyl-1,273,1,1,0,0,GREEN,2051,plots\test3_31\2051_chrom273_bensulfuron-methyl-1_GREEN.png
test3_52,etoxazole-1,669,1,1,0,0,GREEN,2052,plots\test3_52\2052_chrom669_etoxazole-1_GREEN.png
test3_30,pyriproxyfen-2,628,1,1,0,0,GREEN,2053,plots\test3_30\2053_chrom628_pyriproxyfen-2_GREEN.png
test3_48,ipconazole-1,563,2,1,0,1,RED,2054,plots\test3_48\2054_chrom563_ipconazole-1_RED.png
test3_45,methamidophos-2,2,1,1,0,1,YELLOW,2055,plots\test3_45\2055_chrom002_methamidophos-2_YELLOW.png
test3_44,phoxim-2,438,1,1,0,0,GREEN,2056,plots\test3_44\2056_chrom438_phoxim-2_GREEN.png
test3_4,diethyl aminoethyl hexanoate-1,53,1,1,0,0,GREEN,2057,plots\test3_4\2057_chrom053_diethyl aminoethyl hexanoate-1_GREEN.png
test3_35,Proquinazid-2,676,1,1,0,0,GREEN,2058,plots\test3_35\2058_chrom676_Proquinazid-2_GREEN.png
test3_56,enestroburin-2,612,1,1,0,0,GREEN,2059,plots\test3_56\2059_chrom612_enestroburin-2_GREEN.png
test3_31,tricyclazole-1,91,1,1,0,0,GREEN,2060,plots\test3_31\2060_chrom091_tricyclazole-1_GREEN.png
test3_50,metazachlor-1,207,1,1,0,0,GREEN,2061,plots\test3_50\2061_chrom207_metazachlor-1_GREEN.png
test3_41,ametryn-1,251,1,1,0,0,GREEN,2062,plots\test3_41\2062_chrom251_ametryn-1_GREEN.png
test3_39,propamocarb-1,3,1,1,0,0,GREEN,2063,plots\test3_39\2063_chrom003_propamocarb-1_GREEN.png
test3_10,tebufenozide-2,464,3,1,0,2,RED,2064,plots\test3_10\2064_chrom464_tebufenozide-2_RED.png
test3_38,penoxsulam-1,171,1,1,0,0,GREEN,2065,plots\test3_38\2065_chrom171_penoxsulam-1_GREEN.png
test3_14,pyraoxystrobin-2,542,2,1,0,1,RED,2066,plots\test3_14\2066_chrom542_pyraoxystrobin-2_RED.png
test3_4,terbufos sulfoxide-1,283,2,1,0,1,RED,2067,plots\test3_4\2067_chrom283_terbufos sulfoxide-1_RED.png
test3_22,benalaxyl-2,508,2,1,1,0,GREEN,2068,plots\test3_22\2068_chrom508_benalaxyl-2_GREEN.png
test3_48,pyrazosulfuron-ethyl-2,352,1,1,0,0,GREEN,2069,plots\test3_48\2069_chrom352_pyrazosulfuron-ethyl-2_GREEN.png
test3_14,metconazole-1,505,2,1,0,1,RED,2070,plots\test3_14\2070_chrom505_metconazole-1_RED.png
test3_41,phenthoate-1,451,2,1,0,1,RED,2071,plots\test3_41\2071_chrom451_phenthoate-1_RED.png
test3_44,fensulfothion-2,218,1,1,0,0,GREEN,2072,plots\test3_44\2072_chrom218_fensulfothion-2_GREEN.png
test3_10,pendimethalin-1,645,1,1,0,0,GREEN,2073,plots\test3_10\2073_chrom645_pendimethalin-1_GREEN.png
test3_53,mandipropamid-1,335,1,1,0,0,GREEN,2074,plots\test3_53\2074_chrom335_mandipropamid-1_GREEN.png
test3_16,pyrazosulfuron-ethyl-2,352,1,1,0,0,GREEN,2075,plots\test3_16\2075_chrom352_pyrazosulfuron-ethyl-2_GREEN.png
test3_45,cyprodinil-1,419,1,1,0,0,GREEN,2076,plots\test3_45\2076_chrom419_cyprodinil-1_GREEN.png
test3_40,fensulfothion oxon-2,86,1,1,0,0,GREEN,2077,plots\test3_40\2077_chrom086_fensulfothion oxon-2_GREEN.png
test3_20,isofenphos-methyl-1,475,1,1,0,0,GREEN,2078,plots\test3_20\2078_chrom475_isofenphos-methyl-1_GREEN.png
test3_8,butralin-1,661,1,1,0,0,GREEN,2079,plots\test3_8\2079_chrom661_butralin-1_GREEN.png
test3_30,amisulbrom-1,567,1,1,0,0,GREEN,2080,plots\test3_30\2080_chrom567_amisulbrom-1_GREEN.png
test3_24,fluopicolide-2,322,1,1,0,0,GREEN,2081,plots\test3_24\2081_chrom322_fluopicolide-2_GREEN.png
test3_31,albendazole-1,267,1,1,0,0,GREEN,2082,plots\test3_31\2082_chrom267_albendazole-1_GREEN.png
test3_9,chlortoluron-2,176,1,1,0,0,GREEN,2083,plots\test3_9\2083_chrom176_chlortoluron-2_GREEN.png
test3_12,difenoconazole-1,549,1,1,0,0,GREEN,2084,plots\test3_12\2084_chrom549_difenoconazole-1_GREEN.png
test3_45,bifenox-2,536,4,1,1,2,RED,2085,plots\test3_45\2085_chrom536_bifenox-2_RED.png
test3_31,kresoxim-methyl-1,443,1,1,0,0,GREEN,2086,plots\test3_31\2086_chrom443_kresoxim-methyl-1_GREEN.png
test3_11,methomyl-1,5,1,1,0,0,GREEN,2087,plots\test3_11\2087_chrom005_methomyl-1_GREEN.png
test3_12,3-hydroxy carbofuran-1,51,1,1,0,1,YELLOW,2088,plots\test3_12\2088_chrom051_3-hydroxy carbofuran-1_YELLOW.png
test3_36,mefenacet-1,355,1,1,0,0,GREEN,2089,plots\test3_36\2089_chrom355_mefenacet-1_GREEN.png
test3_5,coumoxystrobin-2,654,1,1,0,0,GREEN,2090,plots\test3_5\2090_chrom654_coumoxystrobin-2_GREEN.png
test3_21,triticonazole-1,373,1,1,0,0,GREEN,2091,plots\test3_21\2091_chrom373_triticonazole-1_GREEN.png
test3_49,pyrimorph-2,510,1,1,0,0,GREEN,2092,plots\test3_49\2092_chrom510_pyrimorph-2_GREEN.png
test3_16,oxydemeton-methyl-2,20,5,1,1,4,RED,2093,plots\test3_16\2093_chrom020_oxydemeton-methyl-2_RED.png
test3_54,pyrimethanil-1,257,1,1,0,0,GREEN,2094,plots\test3_54\2094_chrom257_pyrimethanil-1_GREEN.png
test3_30,coumoxystrobin-1,653,1,1,0,0,GREEN,2095,plots\test3_30\2095_chrom653_coumoxystrobin-1_GREEN.png
test3_25,Diclobutrazol-1,449,2,1,0,1,RED,2096,plots\test3_25\2096_chrom449_Diclobutrazol-1_RED.png
test3_47,amisulbrom-1,567,1,1,0,0,GREEN,2097,plots\test3_47\2097_chrom567_amisulbrom-1_GREEN.png
test3_19,paclobutrazol-2,316,1,1,0,0,GREEN,2098,plots\test3_19\2098_chrom316_paclobutrazol-2_GREEN.png
test3_20,phosfolan-2,88,1,1,0,0,GREEN,2099,plots\test3_20\2099_chrom088_phosfolan-2_GREEN.png
test3_52,albendazole-2,268,1,1,0,0,GREEN,2100,plots\test3_52\2100_chrom268_albendazole-2_GREEN.png
test3_42,ethoprophos-2,390,1,1,0,0,GREEN,2101,plots\test3_42\2101_chrom390_ethoprophos-2_GREEN.png
test3_11,oxyfluorfen-2,604,1,1,0,0,GREEN,2102,plots\test3_11\2102_chrom604_oxyfluorfen-2_GREEN.png
test3_16,fluthiacet-methyl-2,460,1,1,0,0,GREEN,2103,plots\test3_16\2103_chrom460_fluthiacet-methyl-2_GREEN.png
test3_11,chlorpyrifos-1,635,3,1,2,0,GREEN,2104,plots\test3_11\2104_chrom635_chlorpyrifos-1_GREEN.png
test3_17,myclobutanil-1,333,1,1,0,0,GREEN,2105,plots\test3_17\2105_chrom333_myclobutanil-1_GREEN.png
test3_32,epoxiconazole-2,406,1,1,0,0,GREEN,2106,plots\test3_32\2106_chrom406_epoxiconazole-2_GREEN.png
test3_4,oxyfluorfen-1,603,2,1,0,1,RED,2107,plots\test3_4\2107_chrom603_oxyfluorfen-1_RED.png
test3_22,fenthion sulfone-2,166,2,1,0,1,RED,2108,plots\test3_22\2108_chrom166_fenthion sulfone-2_RED.png
test3_10,promecarb-1,261,3,1,0,3,RED,2109,plots\test3_10\2109_chrom261_promecarb-1_RED.png
test3_19,pyrethrins I-2,678,2,1,0,1,RED,2110,plots\test3_19\2110_chrom678_pyrethrins I-2_RED.png
test3_55,monocrotophos-1,29,1,1,0,0,GREEN,2111,plots\test3_55\2111_chrom029_monocrotophos-1_GREEN.png
test3_31,Diclobutrazol-1,449,2,1,0,1,RED,2112,plots\test3_31\2112_chrom449_Diclobutrazol-1_RED.png
test3_39,aldicarb sulfoxide-1,11,1,1,0,0,GREEN,2113,plots\test3_39\2113_chrom011_aldicarb sulfoxide-1_GREEN.png
test3_55,oxaziclomefone-1,597,1,1,0,0,GREEN,2114,plots\test3_55\2114_chrom597_oxaziclomefone-1_GREEN.png
test3_22,pyridaphenthion-1,363,1,1,0,0,GREEN,2115,plots\test3_22\2115_chrom363_pyridaphenthion-1_GREEN.png
test3_32,isazofos-2,358,1,1,0,0,GREEN,2116,plots\test3_32\2116_chrom358_isazofos-2_GREEN.png
test3_30,chlorpyrifos-methyl-1,517,1,1,0,0,GREEN,2117,plots\test3_30\2117_chrom517_chlorpyrifos-methyl-1_GREEN.png
test3_8,bitertanol-1,525,3,1,0,3,RED,2118,plots\test3_8\2118_chrom525_bitertanol-1_RED.png
test3_53,triflumizole-2,566,1,1,0,0,GREEN,2119,plots\test3_53\2119_chrom566_triflumizole-2_GREEN.png
test3_23,iprodione-2,394,2,1,0,1,RED,2120,plots\test3_23\2120_chrom394_iprodione-2_RED.png
test3_55,spirodiclofen-2,684,1,1,0,0,GREEN,2121,plots\test3_55\2121_chrom684_spirodiclofen-2_GREEN.png
test3_48,ametoctradin-2,548,1,1,0,0,GREEN,2122,plots\test3_48\2122_chrom548_ametoctradin-2_GREEN.png
test3_49,edifenphos-2,494,1,1,0,0,GREEN,2123,plots\test3_49\2123_chrom494_edifenphos-2_GREEN.png
test3_16,bitertanol-1,525,3,1,0,2,RED,2124,plots\test3_16\2124_chrom525_bitertanol-1_RED.png
test3_43,penconazole-1,445,1,1,0,0,GREEN,2125,plots\test3_43\2125_chrom445_penconazole-1_GREEN.png
test3_45,phosfolan-2,88,1,1,0,0,GREEN,2126,plots\test3_45\2126_chrom088_phosfolan-2_GREEN.png
test3_22,metalaxyl-1,223,1,1,0,0,GREEN,2127,plots\test3_22\2127_chrom223_metalaxyl-1_GREEN.png
test3_13,zoxamide-2,480,1,1,0,0,GREEN,2128,plots\test3_13\2128_chrom480_zoxamide-2_GREEN.png
test3_18,clothianidin-1,41,1,1,0,0,GREEN,2129,plots\test3_18\2129_chrom041_clothianidin-1_GREEN.png
test3_12,silthiofam-1,447,1,1,0,1,YELLOW,2130,plots\test3_12\2130_chrom447_silthiofam-1_YELLOW.png
test3_8,tebufenozide-1,463,2,1,0,2,RED,2131,plots\test3_8\2131_chrom463_tebufenozide-1_RED.png
test3_56,ethirimol-2,146,1,1,0,0,GREEN,2132,plots\test3_56\2132_chrom146_ethirimol-2_GREEN.png
test3_12,bupirimate-2,424,1,1,0,0,GREEN,2133,plots\test3_12\2133_chrom424_bupirimate-2_GREEN.png
test3_29,metolachlor-2,396,1,1,0,0,GREEN,2134,plots\test3_29\2134_chrom396_metolachlor-2_GREEN.png
test3_41,metolcarb-1,101,1,1,0,0,GREEN,2135,plots\test3_41\2135_chrom101_metolcarb-1_GREEN.png
test3_14,cyazofamid-2,402,2,1,0,2,RED,2136,plots\test3_14\2136_chrom402_cyazofamid-2_RED.png
test3_9,fenpropathrin-1,671,5,1,0,5,RED,2137,plots\test3_9\2137_chrom671_fenpropathrin-1_RED.png
test3_36,fluoroglycofen-ethyl-2,582,1,1,0,0,GREEN,2138,plots\test3_36\2138_chrom582_fluoroglycofen-ethyl-2_GREEN.png
test3_52,diflubenzuron-1,399,2,1,0,1,RED,2139,plots\test3_52\2139_chrom399_diflubenzuron-1_RED.png
test3_33,methiocarb sulfoxide-2,48,1,1,0,0,GREEN,2140,plots\test3_33\2140_chrom048_methiocarb sulfoxide-2_GREEN.png
test3_41,spirodiclofen-2,684,1,1,0,0,GREEN,2141,plots\test3_41\2141_chrom684_spirodiclofen-2_GREEN.png
test3_21,propisochlor-2,398,2,1,0,1,RED,2142,plots\test3_21\2142_chrom398_propisochlor-2_RED.png
test3_36,cyprodinil-2,420,2,1,0,1,RED,2143,plots\test3_36\2143_chrom420_cyprodinil-2_RED.png
test3_48,emamectin B1a-2,656,1,1,0,0,GREEN,2144,plots\test3_48\2144_chrom656_emamectin B1a-2_GREEN.png
test3_28,zoxamide-1,479,1,1,0,0,GREEN,2145,plots\test3_28\2145_chrom479_zoxamide-1_GREEN.png
test3_41,propaquizafop-1,625,1,1,0,0,GREEN,2146,plots\test3_41\2146_chrom625_propaquizafop-1_GREEN.png
test3_50,azoxystrobin-2,310,1,1,0,0,GREEN,2147,plots\test3_50\2147_chrom310_azoxystrobin-2_GREEN.png
test3_38,methoprene-2,694,2,1,0,1,RED,2148,plots\test3_38\2148_chrom694_methoprene-2_RED.png
test3_53,phorate-1,495,1,1,0,0,GREEN,2149,plots\test3_53\2149_chrom495_phorate-1_GREEN.png
test3_27,amisulbrom-2,568,2,1,0,1,RED,2150,plots\test3_27\2150_chrom568_amisulbrom-2_RED.png
test3_25,ipconazole-1,563,2,1,1,0,GREEN,2151,plots\test3_25\2151_chrom563_ipconazole-1_GREEN.png
test3_13,orthosulfamuron-2,226,1,1,0,0,GREEN,2152,plots\test3_13\2152_chrom226_orthosulfamuron-2_GREEN.png
test3_52,phenthoate-2,452,1,1,0,0,GREEN,2153,plots\test3_52\2153_chrom452_phenthoate-2_GREEN.png
test3_13,pyraflufen-ethyl-1,499,1,1,0,0,GREEN,2154,plots\test3_13\2154_chrom499_pyraflufen-ethyl-1_GREEN.png
test3_20,hexythiazox-1,649,1,1,0,0,GREEN,2155,plots\test3_20\2155_chrom649_hexythiazox-1_GREEN.png
test3_35,spirodiclofen-2,684,1,1,0,0,GREEN,2156,plots\test3_35\2156_chrom684_spirodiclofen-2_GREEN.png
test3_52,thiamethoxam-1,25,1,1,0,0,GREEN,2157,plots\test3_52\2157_chrom025_thiamethoxam-1_GREEN.png
test3_38,diethyl aminoethyl hexanoate-2,54,1,1,0,0,GREEN,2158,plots\test3_38\2158_chrom054_diethyl aminoethyl hexanoate-2_GREEN.png
test3_7,pyraflufen-ethyl-2,500,4,1,3,0,GREEN,2159,plots\test3_7\2159_chrom500_pyraflufen-ethyl-2_GREEN.png
test3_10,halosulfuron-methyl-1,301,1,1,0,0,GREEN,2160,plots\test3_10\2160_chrom301_halosulfuron-methyl-1_GREEN.png
test3_11,terbufos sulfoxide-2,284,2,1,0,2,RED,2161,plots\test3_11\2161_chrom284_terbufos sulfoxide-2_RED.png
test3_53,cyazofamid-1,401,1,1,0,0,GREEN,2162,plots\test3_53\2162_chrom401_cyazofamid-1_GREEN.png
test3_36,flumorph-2,244,1,1,0,0,GREEN,2163,plots\test3_36\2163_chrom244_flumorph-2_GREEN.png
test3_54,enestroburin-1,611,1,1,0,0,GREEN,2164,plots\test3_54\2164_chrom611_enestroburin-1_GREEN.png
test3_23,fenazaquin-1,687,1,1,0,0,GREEN,2165,plots\test3_23\2165_chrom687_fenazaquin-1_GREEN.png
test3_55,imibenconazole-1,613,1,1,0,0,GREEN,2166,plots\test3_55\2166_chrom613_imibenconazole-1_GREEN.png
test3_10,propiconazole-1,491,2,1,0,2,RED,2167,plots\test3_10\2167_chrom491_propiconazole-1_RED.png
test3_6,flufenoxuron-2,668,1,1,0,0,GREEN,2168,plots\test3_6\2168_chrom668_flufenoxuron-2_GREEN.png
test3_10,pyrametostrobin-2,484,1,1,0,0,GREEN,2169,plots\test3_10\2169_chrom484_pyrametostrobin-2_GREEN.png
test3_27,fenthion sulfoxide-1,163,1,1,0,0,GREEN,2170,plots\test3_27\2170_chrom163_fenthion sulfoxide-1_GREEN.png
test3_52,diniconazole-1,527,1,1,0,0,GREEN,2171,plots\test3_52\2171_chrom527_diniconazole-1_GREEN.png
test3_39,mefenacet-2,356,1,1,0,0,GREEN,2172,plots\test3_39\2172_chrom356_mefenacet-2_GREEN.png
test3_25,fensulfothion-1,217,1,1,0,0,GREEN,2173,plots\test3_25\2173_chrom217_fensulfothion-1_GREEN.png
test3_8,tolclofos-methyl-1,501,1,1,0,0,GREEN,2174,plots\test3_8\2174_chrom501_tolclofos-methyl-1_GREEN.png
test3_18,iprobenfos-2,470,2,1,1,1,YELLOW,2175,plots\test3_18\2175_chrom470_iprobenfos-2_YELLOW.png
test3_32,vamidothion-1,49,1,1,0,0,GREEN,2176,plots\test3_32\2176_chrom049_vamidothion-1_GREEN.png
test3_35,propoxur-1,129,1,1,0,0,GREEN,2177,plots\test3_35\2177_chrom129_propoxur-1_GREEN.png
test3_41,acetamiprid-2,58,1,1,0,0,GREEN,2178,plots\test3_41\2178_chrom058_acetamiprid-2_GREEN.png
test3_34,propargite-1,665,1,1,0,0,GREEN,2179,plots\test3_34\2179_chrom665_propargite-1_GREEN.png
test3_31,methiocarb sulfone-1,69,1,1,0,0,GREEN,2180,plots\test3_31\2180_chrom069_methiocarb sulfone-1_GREEN.png
test3_50,epoxiconazole-2,406,1,1,0,0,GREEN,2181,plots\test3_50\2181_chrom406_epoxiconazole-2_GREEN.png
test3_22,phorate-1,495,2,1,1,0,GREEN,2182,plots\test3_22\2182_chrom495_phorate-1_GREEN.png
test3_35,cyantraniliprole-2,170,1,1,0,0,GREEN,2183,plots\test3_35\2183_chrom170_cyantraniliprole-2_GREEN.png
test3_4,anilofos-1,489,1,1,0,0,GREEN,2184,plots\test3_4\2184_chrom489_anilofos-1_GREEN.png
test3_28,chlorpyrifos-methyl-1,517,1,1,0,0,GREEN,2185,plots\test3_28\2185_chrom517_chlorpyrifos-methyl-1_GREEN.png
test3_16,chlorfluazuron-2,680,1,1,0,0,GREEN,2186,plots\test3_16\2186_chrom680_chlorfluazuron-2_GREEN.png
test3_47,fenhexamid-2,366,1,1,0,0,GREEN,2187,plots\test3_47\2187_chrom366_fenhexamid-2_GREEN.png
test3_38,propamocarb-1,3,1,1,0,0,GREEN,2188,plots\test3_38\2188_chrom003_propamocarb-1_GREEN.png
test3_9,disulfoton sulfone-2,188,5,1,2,3,RED,2189,plots\test3_9\2189_chrom188_disulfoton sulfone-2_RED.png
test3_33,indoxacarb-2,574,1,1,0,0,GREEN,2190,plots\test3_33\2190_chrom574_indoxacarb-2_GREEN.png
test3_23,fenamidone-2,290,1,1,0,0,GREEN,2191,plots\test3_23\2191_chrom290_fenamidone-2_GREEN.png
test3_54,benalaxyl-1,507,1,1,0,0,GREEN,2192,plots\test3_54\2192_chrom507_benalaxyl-1_GREEN.png
test3_39,vamidothion-1,49,1,1,0,0,GREEN,2193,plots\test3_39\2193_chrom049_vamidothion-1_GREEN.png
test3_30,bioresmethrin-2,690,1,1,0,0,GREEN,2194,plots\test3_30\2194_chrom690_bioresmethrin-2_GREEN.png
test3_41,diuron-1,205,1,1,0,0,GREEN,2195,plots\test3_41\2195_chrom205_diuron-1_GREEN.png
test3_8,etofenprox-2,696,2,1,0,2,RED,2196,plots\test3_8\2196_chrom696_etofenprox-2_RED.png
test3_39,spirotetramat-1,403,1,1,0,0,GREEN,2197,plots\test3_39\2197_chrom403_spirotetramat-1_GREEN.png
test3_22,isoproturon-2,204,1,1,0,0,GREEN,2198,plots\test3_22\2198_chrom204_isoproturon-2_GREEN.png
test3_23,chlorpropham-1,311,1,1,0,0,GREEN,2199,plots\test3_23\2199_chrom311_chlorpropham-1_GREEN.png
test3_35,amisulbrom-2,568,1,1,0,0,GREEN,2200,plots\test3_35\2200_chrom568_amisulbrom-2_GREEN.png
test3_36,bendiocarb-2,126,2,1,1,0,GREEN,2201,plots\test3_36\2201_chrom126_bendiocarb-2_GREEN.png
test3_50,benazolin-ethyl-2,270,1,1,0,0,GREEN,2202,plots\test3_50\2202_chrom270_benazolin-ethyl-2_GREEN.png
test3_29,Chloridazon-1,71,1,1,0,0,GREEN,2203,plots\test3_29\2203_chrom071_Chloridazon-1_GREEN.png
test3_51,bioresmethrin-1,689,1,1,0,0,GREEN,2204,plots\test3_51\2204_chrom689_bioresmethrin-1_GREEN.png
test3_9,amisulbrom-2,568,3,1,0,3,RED,2205,plots\test3_9\2205_chrom568_amisulbrom-2_RED.png
test3_24,piperonyl butoxide-1,637,1,1,0,0,GREEN,2206,plots\test3_24\2206_chrom637_piperonyl butoxide-1_GREEN.png
test3_12,monocrotophos-2,30,1,1,0,0,GREEN,2207,plots\test3_12\2207_chrom030_monocrotophos-2_GREEN.png
test3_19,phenthoate-2,452,2,1,0,1,RED,2208,plots\test3_19\2208_chrom452_phenthoate-2_RED.png
test3_41,clethodim sulfoxide-2,238,1,1,0,0,GREEN,2209,plots\test3_41\2209_chrom238_clethodim sulfoxide-2_GREEN.png
test3_32,malaoxon-2,148,1,1,0,0,GREEN,2210,plots\test3_32\2210_chrom148_malaoxon-2_GREEN.png
test3_56,omethoate-1,7,1,1,0,1,YELLOW,2211,plots\test3_56\2211_chrom007_omethoate-1_YELLOW.png
test3_41,fosthiazate-1,173,1,1,0,0,GREEN,2212,plots\test3_41\2212_chrom173_fosthiazate-1_GREEN.png
test3_41,fluazifop-2,618,1,1,0,0,GREEN,2213,plots\test3_41\2213_chrom618_fluazifop-2_GREEN.png
test3_5,fenamiphos sulfoxide-1,151,2,1,0,2,RED,2214,plots\test3_5\2214_chrom151_fenamiphos sulfoxide-1_RED.png
test3_39,metamifop-1,615,1,1,0,0,GREEN,2215,plots\test3_39\2215_chrom615_metamifop-1_GREEN.png
test3_21,propiconazole-1,491,1,1,0,1,YELLOW,2216,plots\test3_21\2216_chrom491_propiconazole-1_YELLOW.png
test3_27,bendiocarb-1,125,1,1,0,0,GREEN,2217,plots\test3_27\2217_chrom125_bendiocarb-1_GREEN.png
test3_52,fensulfothion oxon sulfone-2,90,1,1,0,0,GREEN,2218,plots\test3_52\2218_chrom090_fensulfothion oxon sulfone-2_GREEN.png
test3_44,edifenphos-1,493,1,1,0,0,GREEN,2219,plots\test3_44\2219_chrom493_edifenphos-1_GREEN.png
test3_55,nitenpyram-1,15,1,1,0,0,GREEN,2220,plots\test3_55\2220_chrom015_nitenpyram-1_GREEN.png
test3_21,epoxiconazole-1,405,1,1,0,0,GREEN,2221,plots\test3_21\2221_chrom405_epoxiconazole-1_GREEN.png
test3_5,pyrametostrobin-1,483,1,1,0,0,GREEN,2222,plots\test3_5\2222_chrom483_pyrametostrobin-1_GREEN.png
test3_3,methiocarb sulfoxide-2,48,2,1,0,1,RED,2223,plots\test3_3\2223_chrom048_methiocarb sulfoxide-2_RED.png
test3_54,rotenone-2,434,1,1,0,0,GREEN,2224,plots\test3_54\2224_chrom434_rotenone-2_GREEN.png
test3_45,diflufenican-1,557,1,1,0,0,GREEN,2225,plots\test3_45\2225_chrom557_diflufenican-1_GREEN.png
test3_18,triadimenol-2,348,1,1,0,1,YELLOW,2226,plots\test3_18\2226_chrom348_triadimenol-2_YELLOW.png
test3_43,methomyl-1,5,1,1,0,0,GREEN,2227,plots\test3_43\2227_chrom005_methomyl-1_GREEN.png
test3_29,pirimicarb-desmethyl-formamido-1,141,1,1,0,0,GREEN,2228,plots\test3_29\2228_chrom141_pirimicarb-desmethyl-formamido-1_GREEN.png
test3_12,thiophanate-methyl-2,120,2,1,0,1,RED,2229,plots\test3_12\2229_chrom120_thiophanate-methyl-2_RED.png
test3_12,sedaxane-1,345,2,1,0,1,RED,2230,plots\test3_12\2230_chrom345_sedaxane-1_RED.png
test3_46,tritosulfuron-2,200,3,1,0,3,RED,2231,plots\test3_46\2231_chrom200_tritosulfuron-2_RED.png
test3_50,tolfenpyrad-1,631,1,1,0,0,GREEN,2232,plots\test3_50\2232_chrom631_tolfenpyrad-1_GREEN.png
test3_46,clethodim-1,571,1,1,0,1,YELLOW,2233,plots\test3_46\2233_chrom571_clethodim-1_YELLOW.png
test3_53,flutriafol-2,194,1,1,0,0,GREEN,2234,plots\test3_53\2234_chrom194_flutriafol-2_GREEN.png
test3_14,Picolinafen-2,630,1,1,0,0,GREEN,2235,plots\test3_14\2235_chrom630_Picolinafen-2_GREEN.png
test3_42,malathion-2,332,1,1,0,0,GREEN,2236,plots\test3_42\2236_chrom332_malathion-2_GREEN.png
test3_52,propyrisulfuron-1,359,1,1,0,1,YELLOW,2237,plots\test3_52\2237_chrom359_propyrisulfuron-1_YELLOW.png
test3_5,linuron-1,263,2,1,0,2,RED,2238,plots\test3_5\2238_chrom263_linuron-1_RED.png
test3_51,tebuthiuron-2,156,1,1,0,0,GREEN,2239,plots\test3_51\2239_chrom156_tebuthiuron-2_GREEN.png
test3_40,fenarimol-1,377,1,1,0,0,GREEN,2240,plots\test3_40\2240_chrom377_fenarimol-1_GREEN.png
test3_7,prosulfocarb-1,559,1,1,0,0,GREEN,2241,plots\test3_7\2241_chrom559_prosulfocarb-1_GREEN.png
test3_34,cyazofamid-2,402,1,1,0,0,GREEN,2242,plots\test3_34\2242_chrom402_cyazofamid-2_GREEN.png
test3_19,rotenone-2,434,1,1,0,0,GREEN,2243,plots\test3_19\2243_chrom434_rotenone-2_GREEN.png
test3_46,enestroburin-2,612,1,1,0,0,GREEN,2244,plots\test3_46\2244_chrom612_enestroburin-2_GREEN.png
test3_29,tralkoxydim-1,651,1,1,0,1,RED,2245,plots\test3_29\2245_chrom651_tralkoxydim-1_RED.png
test3_12,diethofencarb-1,285,1,1,0,0,GREEN,2246,plots\test3_12\2246_chrom285_diethofencarb-1_GREEN.png
test3_5,forchlorfenuron-1,213,1,1,0,0,GREEN,2247,plots\test3_5\2247_chrom213_forchlorfenuron-1_GREEN.png
test3_52,spinetoram J-2,600,1,1,0,0,GREEN,2248,plots\test3_52\2248_chrom600_spinetoram J-2_GREEN.png
test3_4,ethiprole-1,299,2,1,0,2,RED,2249,plots\test3_4\2249_chrom299_ethiprole-1_RED.png
test3_27,ethoprophos-1,389,1,1,0,0,GREEN,2250,plots\test3_27\2250_chrom389_ethoprophos-1_GREEN.png
test3_11,hexaflumuron-1,583,1,1,0,0,GREEN,2251,plots\test3_11\2251_chrom583_hexaflumuron-1_GREEN.png
test3_40,terbufos sulfone-2,278,2,1,0,1,RED,2252,plots\test3_40\2252_chrom278_terbufos sulfone-2_RED.png
test3_43,oxadiargyl-1,515,1,1,0,0,GREEN,2253,plots\test3_43\2253_chrom515_oxadiargyl-1_GREEN.png
test3_7,azoxystrobin-2,310,1,1,0,0,GREEN,2254,plots\test3_7\2254_chrom310_azoxystrobin-2_GREEN.png
test3_31,propaquizafop-2,626,1,1,0,0,GREEN,2255,plots\test3_31\2255_chrom626_propaquizafop-2_GREEN.png
test3_51,diuron-2,206,1,1,0,0,GREEN,2256,plots\test3_51\2256_chrom206_diuron-2_GREEN.png
test3_25,prochloraz metabolite BTS44595-2,488,1,1,0,0,GREEN,2257,plots\test3_25\2257_chrom488_prochloraz metabolite BTS44595-2_GREEN.png
test3_5,cyprodinil-1,419,1,1,0,1,YELLOW,2258,plots\test3_5\2258_chrom419_cyprodinil-1_YELLOW.png
test3_32,phosfolan-1,87,1,1,0,0,GREEN,2259,plots\test3_32\2259_chrom087_phosfolan-1_GREEN.png
test3_19,clomazone-2,246,1,1,0,0,GREEN,2260,plots\test3_19\2260_chrom246_clomazone-2_GREEN.png
test3_44,fenothiocarb-2,418,1,1,0,0,GREEN,2261,plots\test3_44\2261_chrom418_fenothiocarb-2_GREEN.png
test3_37,kresoxim-methyl-1,443,1,1,0,0,GREEN,2262,plots\test3_37\2262_chrom443_kresoxim-methyl-1_GREEN.png
test3_43,flumorph-2,244,1,1,0,0,GREEN,2263,plots\test3_43\2263_chrom244_flumorph-2_GREEN.png
test3_49,fenazaquin-1,687,1,1,0,0,GREEN,2264,plots\test3_49\2264_chrom687_fenazaquin-1_GREEN.png
test3_47,imidaclothiz-1,45,1,1,0,0,GREEN,2265,plots\test3_47\2265_chrom045_imidaclothiz-1_GREEN.png
test3_30,nitenpyram-2,16,1,1,0,0,GREEN,2266,plots\test3_30\2266_chrom016_nitenpyram-2_GREEN.png
test3_15,mevinphos-1,79,2,1,0,1,RED,2267,plots\test3_15\2267_chrom079_mevinphos-1_RED.png
test3_16,zoxamide-2,480,1,1,0,0,GREEN,2268,plots\test3_16\2268_chrom480_zoxamide-2_GREEN.png
test3_34,fenthion sulfoxide-1,163,1,1,0,0,GREEN,2269,plots\test3_34\2269_chrom163_fenthion sulfoxide-1_GREEN.png
test3_36,bifenthrin-1,699,3,1,0,2,RED,2270,plots\test3_36\2270_chrom699_bifenthrin-1_RED.png
test3_25,isoproturon-2,204,1,1,0,1,YELLOW,2271,plots\test3_25\2271_chrom204_isoproturon-2_YELLOW.png
test3_36,ethion-1,643,1,1,0,0,GREEN,2272,plots\test3_36\2272_chrom643_ethion-1_GREEN.png
test3_49,epoxiconazole-1,405,1,1,0,0,GREEN,2273,plots\test3_49\2273_chrom405_epoxiconazole-1_GREEN.png
test3_17,pendimethalin-1,645,1,1,0,0,GREEN,2274,plots\test3_17\2274_chrom645_pendimethalin-1_GREEN.png
test3_55,pirimicarb-1,167,1,1,0,0,GREEN,2275,plots\test3_55\2275_chrom167_pirimicarb-1_GREEN.png
test3_15,isoproturon-2,204,2,1,0,1,RED,2276,plots\test3_15\2276_chrom204_isoproturon-2_RED.png
test3_10,metolachlor-2,396,1,1,0,0,GREEN,2277,plots\test3_10\2277_chrom396_metolachlor-2_GREEN.png
test3_39,propyrisulfuron-1,359,1,1,0,0,GREEN,2278,plots\test3_39\2278_chrom359_propyrisulfuron-1_GREEN.png
test3_6,tetraconazole-2,386,4,1,0,4,RED,2279,plots\test3_6\2279_chrom386_tetraconazole-2_RED.png
test3_17,pyrethrins II-2,586,3,1,0,2,RED,2280,plots\test3_17\2280_chrom586_pyrethrins II-2_RED.png
test3_31,benazolin-ethyl-2,270,1,1,0,0,GREEN,2281,plots\test3_31\2281_chrom270_benazolin-ethyl-2_GREEN.png
test3_42,cyazofamid-1,401,1,1,0,0,GREEN,2282,plots\test3_42\2282_chrom401_cyazofamid-1_GREEN.png
test3_7,fenobucarb-2,260,1,1,0,1,RED,2283,plots\test3_7\2283_chrom260_fenobucarb-2_RED.png
test3_8,methoxyfenozide-2,368,2,1,0,2,RED,2284,plots\test3_8\2284_chrom368_methoxyfenozide-2_RED.png
test3_12,saflufenacil-2,288,1,1,0,0,GREEN,2285,plots\test3_12\2285_chrom288_saflufenacil-2_GREEN.png
test3_10,pirimicarb-2,168,1,1,0,0,GREEN,2286,plots\test3_10\2286_chrom168_pirimicarb-2_GREEN.png
test3_44,carbofuran-1,135,1,1,0,0,GREEN,2287,plots\test3_44\2287_chrom135_carbofuran-1_GREEN.png
test3_53,simetryn-1,177,1,1,0,1,YELLOW,2288,plots\test3_53\2288_chrom177_simetryn-1_YELLOW.png
test3_51,amidosulfuron-1,149,1,1,0,0,GREEN,2289,plots\test3_51\2289_chrom149_amidosulfuron-1_GREEN.png
test3_47,dinotefuran-1,13,1,1,0,0,GREEN,2290,plots\test3_47\2290_chrom013_dinotefuran-1_GREEN.png
test3_55,iodosulfuron-methyl-sodium-2,230,1,1,0,0,GREEN,2291,plots\test3_55\2291_chrom230_iodosulfuron-methyl-sodium-2_GREEN.png
test3_39,promecarb-2,262,1,1,0,0,GREEN,2292,plots\test3_39\2292_chrom262_promecarb-2_GREEN.png
test3_22,pyriproxyfen-2,628,1,1,0,0,GREEN,2293,plots\test3_22\2293_chrom628_pyriproxyfen-2_GREEN.png
test3_41,phorate-1,495,1,1,0,0,GREEN,2294,plots\test3_41\2294_chrom495_phorate-1_GREEN.png
test3_22,prochloraz-1,521,1,1,0,0,GREEN,2295,plots\test3_22\2295_chrom521_prochloraz-1_GREEN.png
test3_53,chromafenozide-2,408,1,1,0,0,GREEN,2296,plots\test3_53\2296_chrom408_chromafenozide-2_GREEN.png
test3_26,enestroburin-2,612,1,1,0,0,GREEN,2297,plots\test3_26\2297_chrom612_enestroburin-2_GREEN.png
test3_20,fenbuconazole-1,415,1,1,0,0,GREEN,2298,plots\test3_20\2298_chrom415_fenbuconazole-1_GREEN.png
test3_20,flurtamone-2,298,1,1,0,0,GREEN,2299,plots\test3_20\2299_chrom298_flurtamone-2_GREEN.png
test3_17,oxadiargyl-1,515,1,1,0,0,GREEN,2300,plots\test3_17\2300_chrom515_oxadiargyl-1_GREEN.png
test3_11,flumetralin-1,663,3,1,0,2,RED,2301,plots\test3_11\2301_chrom663_flumetralin-1_RED.png
test3_18,fonofos-2,462,1,1,0,0,GREEN,2302,plots\test3_18\2302_chrom462_fonofos-2_GREEN.png
test3_53,spinetoram L-1,641,1,1,0,0,GREEN,2303,plots\test3_53\2303_chrom641_spinetoram L-1_GREEN.png
test3_45,isocarbophos-1,211,1,1,0,0,GREEN,2304,plots\test3_45\2304_chrom211_isocarbophos-1_GREEN.png
test3_39,bromuconazole-2,350,2,1,0,1,RED,2305,plots\test3_39\2305_chrom350_bromuconazole-2_RED.png
test3_23,pyraflufen-ethyl-1,499,1,1,0,0,GREEN,2306,plots\test3_23\2306_chrom499_pyraflufen-ethyl-1_GREEN.png
test3_18,buprofezin-2,620,1,1,0,0,GREEN,2307,plots\test3_18\2307_chrom620_buprofezin-2_GREEN.png
test3_29,cyanazine-2,110,1,1,0,0,GREEN,2308,plots\test3_29\2308_chrom110_cyanazine-2_GREEN.png
test3_50,methoxyfenozide-2,368,1,1,0,1,YELLOW,2309,plots\test3_50\2309_chrom368_methoxyfenozide-2_YELLOW.png
test3_8,phosalone-1,519,4,1,3,0,GREEN,2310,plots\test3_8\2310_chrom519_phosalone-1_GREEN.png
test3_55,vamidothion-2,50,1,1,0,0,GREEN,2311,plots\test3_55\2311_chrom050_vamidothion-2_GREEN.png
test3_31,flufenoxuron-2,668,1,1,0,0,GREEN,2312,plots\test3_31\2312_chrom668_flufenoxuron-2_GREEN.png
test3_49,tetraconazole-2,386,1,1,0,0,GREEN,2313,plots\test3_49\2313_chrom386_tetraconazole-2_GREEN.png
test3_11,pyrimethanil-1,257,1,1,0,0,GREEN,2314,plots\test3_11\2314_chrom257_pyrimethanil-1_GREEN.png
test3_11,fenazaquin-1,687,1,1,0,0,GREEN,2315,plots\test3_11\2315_chrom687_fenazaquin-1_GREEN.png
test3_56,flucetosulfuron-1,275,1,1,0,0,GREEN,2316,plots\test3_56\2316_chrom275_flucetosulfuron-1_GREEN.png
test3_35,cycloxydim-2,562,1,1,0,0,GREEN,2317,plots\test3_35\2317_chrom562_cycloxydim-2_GREEN.png
test3_19,terbufos sulfoxide-2,284,3,1,1,1,RED,2318,plots\test3_19\2318_chrom284_terbufos sulfoxide-2_RED.png
test3_7,chlortoluron-2,176,1,1,0,0,GREEN,2319,plots\test3_7\2319_chrom176_chlortoluron-2_GREEN.png
test3_49,novaluron-2,606,1,1,0,0,GREEN,2320,plots\test3_49\2320_chrom606_novaluron-2_GREEN.png
test3_11,demeton-S-methyl-sulfone-2,22,3,1,0,3,RED,2321,plots\test3_11\2321_chrom022_demeton-S-methyl-sulfone-2_RED.png
test3_28,clothianidin-1,41,1,1,0,0,GREEN,2322,plots\test3_28\2322_chrom041_clothianidin-1_GREEN.png
test3_8,tau-fluvalinate-2,692,4,1,0,4,RED,2323,plots\test3_8\2323_chrom692_tau-fluvalinate-2_RED.png
test3_39,chlorpyrifos-methyl-2,518,2,1,0,1,RED,2324,plots\test3_39\2324_chrom518_chlorpyrifos-methyl-2_RED.png
test3_41,fluazifop-1,617,1,1,0,0,GREEN,2325,plots\test3_41\2325_chrom617_fluazifop-1_GREEN.png
test3_33,edifenphos-2,494,1,1,0,0,GREEN,2326,plots\test3_33\2326_chrom494_edifenphos-2_GREEN.png
test3_49,prochloraz metabolite BTS44595-2,488,1,1,0,0,GREEN,2327,plots\test3_49\2327_chrom488_prochloraz metabolite BTS44595-2_GREEN.png
test3_11,methiocarb sulfoxide-1,47,1,1,0,0,GREEN,2328,plots\test3_11\2328_chrom047_methiocarb sulfoxide-1_GREEN.png
test3_38,flucetosulfuron-2,276,1,1,0,0,GREEN,2329,plots\test3_38\2329_chrom276_flucetosulfuron-2_GREEN.png
test3_46,propiconazole-2,492,1,1,0,0,GREEN,2330,plots\test3_46\2330_chrom492_propiconazole-2_GREEN.png
test3_12,oxyfluorfen-2,604,2,1,1,0,GREEN,2331,plots\test3_12\2331_chrom604_oxyfluorfen-2_GREEN.png
test3_41,spinosad D-1,589,1,1,0,0,GREEN,2332,plots\test3_41\2332_chrom589_spinosad D-1_GREEN.png
test3_53,fenthion sulfoxide-1,163,1,1,0,0,GREEN,2333,plots\test3_53\2333_chrom163_fenthion sulfoxide-1_GREEN.png
test3_21,ethiprole-2,300,1,1,0,0,GREEN,2334,plots\test3_21\2334_chrom300_ethiprole-2_GREEN.png
test3_14,chlorfluazuron-1,679,1,1,0,0,GREEN,2335,plots\test3_14\2335_chrom679_chlorfluazuron-1_GREEN.png
test3_24,isofenphos-methyl-2,476,1,1,0,0,GREEN,2336,plots\test3_24\2336_chrom476_isofenphos-methyl-2_GREEN.png
test3_35,flumetsulam-1,43,1,1,0,0,GREEN,2337,plots\test3_35\2337_chrom043_flumetsulam-1_GREEN.png
test3_16,uniconazole-1,411,2,1,0,1,RED,2338,plots\test3_16\2338_chrom411_uniconazole-1_RED.png
test3_56,difenoconazole-1,549,1,1,0,0,GREEN,2339,plots\test3_56\2339_chrom549_difenoconazole-1_GREEN.png
test3_20,mefenacet-1,355,1,1,0,0,GREEN,2340,plots\test3_20\2340_chrom355_mefenacet-1_GREEN.png
test3_6,oxadiargyl-1,515,1,1,0,0,GREEN,2341,plots\test3_6\2341_chrom515_oxadiargyl-1_GREEN.png
test3_11,profenofos-1,579,1,1,0,0,GREEN,2342,plots\test3_11\2342_chrom579_profenofos-1_GREEN.png
test3_15,ethoxysulfuron-2,340,1,1,0,0,GREEN,2343,plots\test3_15\2343_chrom340_ethoxysulfuron-2_GREEN.png
test3_17,chlorpyrifos-2,636,1,1,0,0,GREEN,2344,plots\test3_17\2344_chrom636_chlorpyrifos-2_GREEN.png
test3_45,imidacloprid-2,40,1,1,0,0,GREEN,2345,plots\test3_45\2345_chrom040_imidacloprid-2_GREEN.png
test3_30,orthosulfamuron-2,226,1,1,0,0,GREEN,2346,plots\test3_30\2346_chrom226_orthosulfamuron-2_GREEN.png
test3_42,propanil-1,265,1,1,0,0,GREEN,2347,plots\test3_42\2347_chrom265_propanil-1_GREEN.png
test3_5,spirotetramat-mono-hydroxy-1,131,3,1,2,1,YELLOW,2348,plots\test3_5\2348_chrom131_spirotetramat-mono-hydroxy-1_YELLOW.png
test3_20,phenthoate-2,452,2,1,0,1,RED,2349,plots\test3_20\2349_chrom452_phenthoate-2_RED.png
test3_41,propisochlor-1,397,2,1,1,0,GREEN,2350,plots\test3_41\2350_chrom397_propisochlor-1_GREEN.png
test3_55,phosphamidon-2,104,1,1,0,0,GREEN,2351,plots\test3_55\2351_chrom104_phosphamidon-2_GREEN.png
test3_49,heptenophos-2,222,1,1,0,0,GREEN,2352,plots\test3_49\2352_chrom222_heptenophos-2_GREEN.png
test3_16,dimoxystrobin-1,435,1,1,0,0,GREEN,2353,plots\test3_16\2353_chrom435_dimoxystrobin-1_GREEN.png
test3_13,lufenuron-2,660,1,1,0,0,GREEN,2354,plots\test3_13\2354_chrom660_lufenuron-2_GREEN.png
test3_6,phosfolan-1,87,1,1,0,0,GREEN,2355,plots\test3_6\2355_chrom087_phosfolan-1_GREEN.png
test3_51,monocrotophos-1,29,1,1,0,0,GREEN,2356,plots\test3_51\2356_chrom029_monocrotophos-1_GREEN.png
test3_15,metconazole-1,505,2,1,0,1,RED,2357,plots\test3_15\2357_chrom505_metconazole-1_RED.png
test3_18,flonicamid-1,23,1,1,0,0,GREEN,2358,plots\test3_18\2358_chrom023_flonicamid-1_GREEN.png
test3_15,methiocarb sulfoxide-2,48,1,1,0,0,GREEN,2359,plots\test3_15\2359_chrom048_methiocarb sulfoxide-2_GREEN.png
test3_49,thiophanate-methyl-1,119,1,1,0,0,GREEN,2360,plots\test3_49\2360_chrom119_thiophanate-methyl-1_GREEN.png
test3_16,EPN-1,545,2,1,1,0,GREEN,2361,plots\test3_16\2361_chrom545_EPN-1_GREEN.png
test3_48,carbaryl-2,158,1,1,0,0,GREEN,2362,plots\test3_48\2362_chrom158_carbaryl-2_GREEN.png
test3_16,cyflumetofen-2,610,1,1,0,0,GREEN,2363,plots\test3_16\2363_chrom610_cyflumetofen-2_GREEN.png
test3_34,EPN-2,546,2,1,1,0,GREEN,2364,plots\test3_34\2364_chrom546_EPN-2_GREEN.png
test3_14,fenpyrazamine-2,370,1,1,0,0,GREEN,2365,plots\test3_14\2365_chrom370_fenpyrazamine-2_GREEN.png
test3_30,penthiopyrad-1,481,1,1,0,0,GREEN,2366,plots\test3_30\2366_chrom481_penthiopyrad-1_GREEN.png
test3_47,spirotetramat-mono-hydroxy-1,131,1,1,0,0,GREEN,2367,plots\test3_47\2367_chrom131_spirotetramat-mono-hydroxy-1_GREEN.png
test3_39,chlorpropham-2,312,1,1,0,0,GREEN,2368,plots\test3_39\2368_chrom312_chlorpropham-2_GREEN.png
test3_20,terbufos-2,596,4,1,0,4,RED,2369,plots\test3_20\2369_chrom596_terbufos-2_RED.png
test3_4,cyflufenamid-1,539,1,1,0,0,GREEN,2370,plots\test3_4\2370_chrom539_cyflufenamid-1_GREEN.png
test3_49,benalaxyl-2,508,1,1,0,0,GREEN,2371,plots\test3_49\2371_chrom508_benalaxyl-2_GREEN.png
test3_40,carboxin-2,160,1,1,0,0,GREEN,2372,plots\test3_40\2372_chrom160_carboxin-2_GREEN.png
test3_46,phorate sulfone-2,192,1,1,0,0,GREEN,2373,plots\test3_46\2373_chrom192_phorate sulfone-2_GREEN.png
test3_45,methacrifos-2,190,2,1,0,1,RED,2374,plots\test3_45\2374_chrom190_methacrifos-2_RED.png
test3_45,pretilachlor-1,577,1,1,0,0,GREEN,2375,plots\test3_45\2375_chrom577_pretilachlor-1_GREEN.png
test3_11,fluoroglycofen-ethyl-2,582,3,1,0,3,RED,2376,plots\test3_11\2376_chrom582_fluoroglycofen-ethyl-2_RED.png
test3_18,procymidone-2,342,1,1,0,1,YELLOW,2377,plots\test3_18\2377_chrom342_procymidone-2_YELLOW.png
test3_10,malaoxon-2,148,1,1,0,0,GREEN,2378,plots\test3_10\2378_chrom148_malaoxon-2_GREEN.png
test3_32,fensulfothion sulfone-1,233,1,1,0,0,GREEN,2379,plots\test3_32\2379_chrom233_fensulfothion sulfone-1_GREEN.png
test3_46,profenofos-2,580,2,1,0,1,RED,2380,plots\test3_46\2380_chrom580_profenofos-2_RED.png
test3_50,paclobutrazol-1,315,2,1,0,1,RED,2381,plots\test3_50\2381_chrom315_paclobutrazol-1_RED.png
test3_21,propyrisulfuron-2,360,1,1,0,0,GREEN,2382,plots\test3_21\2382_chrom360_propyrisulfuron-2_GREEN.png
test3_39,thiabendazole-1,93,1,1,0,0,GREEN,2383,plots\test3_39\2383_chrom093_thiabendazole-1_GREEN.png
test3_29,propamocarb-1,3,1,1,0,0,GREEN,2384,plots\test3_29\2384_chrom003_propamocarb-1_GREEN.png
test3_28,metamitron-2,64,1,1,0,0,GREEN,2385,plots\test3_28\2385_chrom064_metamitron-2_GREEN.png
test3_56,halosulfuron-methyl-1,301,1,1,0,0,GREEN,2386,plots\test3_56\2386_chrom301_halosulfuron-methyl-1_GREEN.png
test3_4,paclobutrazol-1,315,1,1,0,0,GREEN,2387,plots\test3_4\2387_chrom315_paclobutrazol-1_GREEN.png
test3_35,triadimefon-2,344,1,1,0,0,GREEN,2388,plots\test3_35\2388_chrom344_triadimefon-2_GREEN.png
test3_51,ethiprole-2,300,1,1,0,0,GREEN,2389,plots\test3_51\2389_chrom300_ethiprole-2_GREEN.png
test3_4,propanil-2,266,2,1,0,2,RED,2390,plots\test3_4\2390_chrom266_propanil-2_RED.png
test3_13,carbendazim-1,55,3,1,0,2,RED,2391,plots\test3_13\2391_chrom055_carbendazim-1_RED.png
test3_18,triflumizole-2,566,1,1,0,0,GREEN,2392,plots\test3_18\2392_chrom566_triflumizole-2_GREEN.png
test3_48,methoxyfenozide-2,368,1,1,0,0,GREEN,2393,plots\test3_48\2393_chrom368_methoxyfenozide-2_GREEN.png
test3_32,phosfolan-methyl-2,32,1,1,0,0,GREEN,2394,plots\test3_32\2394_chrom032_phosfolan-methyl-2_GREEN.png
test3_53,dimethomorph-1,317,2,1,0,1,RED,2395,plots\test3_53\2395_chrom317_dimethomorph-1_RED.png
test3_53,methiocarb sulfone-1,69,1,1,0,0,GREEN,2396,plots\test3_53\2396_chrom069_methiocarb sulfone-1_GREEN.png
test3_16,triflumizole-1,565,1,1,0,0,GREEN,2397,plots\test3_16\2397_chrom565_triflumizole-1_GREEN.png
test3_11,demeton-S-methyl-2,182,1,1,0,0,GREEN,2398,plots\test3_11\2398_chrom182_demeton-S-methyl-2_GREEN.png
test3_56,etofenprox-1,695,1,1,0,0,GREEN,2399,plots\test3_56\2399_chrom695_etofenprox-1_GREEN.png
test3_7,spirotetramat-2,404,1,1,0,0,GREEN,2400,plots\test3_7\2400_chrom404_spirotetramat-2_GREEN.png
test3_41,amidosulfuron-2,150,1,1,0,0,GREEN,2401,plots\test3_41\2401_chrom150_amidosulfuron-2_GREEN.png
test3_5,flucetosulfuron-2,276,1,1,0,0,GREEN,2402,plots\test3_5\2402_chrom276_flucetosulfuron-2_GREEN.png
test3_27,acetochlor-1,379,1,1,0,0,GREEN,2403,plots\test3_27\2403_chrom379_acetochlor-1_GREEN.png
test3_12,bensulfuron-methyl-2,274,1,1,0,0,GREEN,2404,plots\test3_12\2404_chrom274_bensulfuron-methyl-2_GREEN.png
test3_16,metolachlor-1,395,1,1,0,0,GREEN,2405,plots\test3_16\2405_chrom395_metolachlor-1_GREEN.png
test3_23,propyrisulfuron-2,360,1,1,0,0,GREEN,2406,plots\test3_23\2406_chrom360_propyrisulfuron-2_GREEN.png
test3_41,flucetosulfuron-1,275,1,1,0,0,GREEN,2407,plots\test3_41\2407_chrom275_flucetosulfuron-1_GREEN.png
test3_48,pencycuron-1,537,1,1,0,0,GREEN,2408,plots\test3_48\2408_chrom537_pencycuron-1_GREEN.png
test3_12,oxadixyl-2,100,3,1,0,2,RED,2409,plots\test3_12\2409_chrom100_oxadixyl-2_RED.png
test3_49,Chloridazon-2,72,1,1,0,0,GREEN,2410,plots\test3_49\2410_chrom072_Chloridazon-2_GREEN.png
test3_6,ethoprophos-1,389,2,1,0,2,RED,2411,plots\test3_6\2411_chrom389_ethoprophos-1_RED.png
test3_50,propyrisulfuron-1,359,1,1,0,0,GREEN,2412,plots\test3_50\2412_chrom359_propyrisulfuron-1_GREEN.png
test3_28,tetraconazole-2,386,1,1,0,0,GREEN,2413,plots\test3_28\2413_chrom386_tetraconazole-2_GREEN.png
test3_24,triflumuron-2,524,1,1,0,0,GREEN,2414,plots\test3_24\2414_chrom524_triflumuron-2_GREEN.png
test3_19,isoxaflutole-1,219,1,1,0,0,GREEN,2415,plots\test3_19\2415_chrom219_isoxaflutole-1_GREEN.png
test3_39,diniconazole-1,527,1,1,0,0,GREEN,2416,plots\test3_39\2416_chrom527_diniconazole-1_GREEN.png
test3_21,dinotefuran-1,13,1,1,0,0,GREEN,2417,plots\test3_21\2417_chrom013_dinotefuran-1_GREEN.png
test3_29,cinosulfuron-2,108,1,1,0,0,GREEN,2418,plots\test3_29\2418_chrom108_cinosulfuron-2_GREEN.png
test3_28,methidathion-2,236,3,1,1,1,RED,2419,plots\test3_28\2419_chrom236_methidathion-2_RED.png
test3_50,fenpropimorph-2,292,1,1,0,0,GREEN,2420,plots\test3_50\2420_chrom292_fenpropimorph-2_GREEN.png
test3_47,bensulfuron-methyl-1,273,1,1,0,0,GREEN,2421,plots\test3_47\2421_chrom273_bensulfuron-methyl-1_GREEN.png
test3_12,phosphamidon-1,103,1,1,0,1,YELLOW,2422,plots\test3_12\2422_chrom103_phosphamidon-1_YELLOW.png
test3_45,pyrisoxazole-2,304,2,1,0,1,RED,2423,plots\test3_45\2423_chrom304_pyrisoxazole-2_RED.png
test3_55,pyraclostrobin-1,529,1,1,0,0,GREEN,2424,plots\test3_55\2424_chrom529_pyraclostrobin-1_GREEN.png
test3_25,fenpropimorph-1,291,1,1,0,0,GREEN,2425,plots\test3_25\2425_chrom291_fenpropimorph-1_GREEN.png
test3_32,flumetralin-2,664,1,1,0,0,GREEN,2426,plots\test3_32\2426_chrom664_flumetralin-2_GREEN.png
test3_4,chlorpyrifos-2,636,3,1,1,1,RED,2427,plots\test3_4\2427_chrom636_chlorpyrifos-2_RED.png
test3_11,zoxamide-2,480,4,1,0,3,RED,2428,plots\test3_11\2428_chrom480_zoxamide-2_RED.png
test3_17,mefenacet-2,356,1,1,0,0,GREEN,2429,plots\test3_17\2429_chrom356_mefenacet-2_GREEN.png
test3_12,mesosulfuron-methyl-1,201,1,1,0,0,GREEN,2430,plots\test3_12\2430_chrom201_mesosulfuron-methyl-1_GREEN.png
test3_22,acetamiprid-2,58,1,1,0,0,GREEN,2431,plots\test3_22\2431_chrom058_acetamiprid-2_GREEN.png
test3_45,phosalone-2,520,1,1,0,0,GREEN,2432,plots\test3_45\2432_chrom520_phosalone-2_GREEN.png
test3_34,fenoxanil-2,422,1,1,0,0,GREEN,2433,plots\test3_34\2433_chrom422_fenoxanil-2_GREEN.png
test3_44,propiconazole-2,492,1,1,0,0,GREEN,2434,plots\test3_44\2434_chrom492_propiconazole-2_GREEN.png
test3_27,simazine-1,137,1,1,0,0,GREEN,2435,plots\test3_27\2435_chrom137_simazine-1_GREEN.png
test3_7,flumorph-2,244,1,1,0,0,GREEN,2436,plots\test3_7\2436_chrom244_flumorph-2_GREEN.png
test3_14,fenthion sulfoxide-1,163,1,1,0,0,GREEN,2437,plots\test3_14\2437_chrom163_fenthion sulfoxide-1_GREEN.png
test3_3,pirimicarb-1,167,1,1,0,0,GREEN,2438,plots\test3_3\2438_chrom167_pirimicarb-1_GREEN.png
test3_21,flutriafol-2,194,1,1,0,0,GREEN,2439,plots\test3_21\2439_chrom194_flutriafol-2_GREEN.png
test3_16,triflumuron-2,524,1,1,0,0,GREEN,2440,plots\test3_16\2440_chrom524_triflumuron-2_GREEN.png
test3_53,azinphos-methyl-1,247,1,1,0,0,GREEN,2441,plots\test3_53\2441_chrom247_azinphos-methyl-1_GREEN.png
test3_29,prochloraz-2,522,1,1,0,0,GREEN,2442,plots\test3_29\2442_chrom522_prochloraz-2_GREEN.png
test3_7,chlorfluazuron-1,679,1,1,0,0,GREEN,2443,plots\test3_7\2443_chrom679_chlorfluazuron-1_GREEN.png
test3_31,pyriproxyfen-2,628,1,1,0,0,GREEN,2444,plots\test3_31\2444_chrom628_pyriproxyfen-2_GREEN.png
test3_49,oxadiazon-2,624,1,1,0,0,GREEN,2445,plots\test3_49\2445_chrom624_oxadiazon-2_GREEN.png
test3_54,dichlorvos-2,116,1,1,0,0,GREEN,2446,plots\test3_54\2446_chrom116_dichlorvos-2_GREEN.png
test3_30,pyrimethanil-2,258,1,1,0,0,GREEN,2447,plots\test3_30\2447_chrom258_pyrimethanil-2_GREEN.png
test3_40,pyriproxyfen-1,627,1,1,0,0,GREEN,2448,plots\test3_40\2448_chrom627_pyriproxyfen-1_GREEN.png
test3_41,fenazaquin-2,688,1,1,0,0,GREEN,2449,plots\test3_41\2449_chrom688_fenazaquin-2_GREEN.png
test3_11,lactofen-2,634,3,1,0,3,RED,2450,plots\test3_11\2450_chrom634_lactofen-2_RED.png
test3_56,prochloraz-1,521,1,1,0,0,GREEN,2451,plots\test3_56\2451_chrom521_prochloraz-1_GREEN.png
test3_36,metrafenone-2,534,1,1,0,0,GREEN,2452,plots\test3_36\2452_chrom534_metrafenone-2_GREEN.png
test3_38,spinosad D-1,589,1,1,0,0,GREEN,2453,plots\test3_38\2453_chrom589_spinosad D-1_GREEN.png
test3_47,tebuthiuron-1,155,1,1,0,0,GREEN,2454,plots\test3_47\2454_chrom155_tebuthiuron-1_GREEN.png
test3_24,benazolin-ethyl-2,270,1,1,0,0,GREEN,2455,plots\test3_24\2455_chrom270_benazolin-ethyl-2_GREEN.png
test3_8,furathiocarb-2,622,2,1,0,1,RED,2456,plots\test3_8\2456_chrom622_furathiocarb-2_RED.png
test3_10,metolcarb-1,101,1,1,0,0,GREEN,2457,plots\test3_10\2457_chrom101_metolcarb-1_GREEN.png
test3_28,uniconazole-1,411,2,1,0,1,RED,2458,plots\test3_28\2458_chrom411_uniconazole-1_RED.png
test3_47,methiocarb-1,279,1,1,0,0,GREEN,2459,plots\test3_47\2459_chrom279_methiocarb-1_GREEN.png
test3_7,disulfoton sulfone-2,188,1,1,0,0,GREEN,2460,plots\test3_7\2460_chrom188_disulfoton sulfone-2_GREEN.png
test3_12,bioresmethrin-2,690,1,1,0,0,GREEN,2461,plots\test3_12\2461_chrom690_bioresmethrin-2_GREEN.png
test3_11,phosphamidon-2,104,1,1,0,0,GREEN,2462,plots\test3_11\2462_chrom104_phosphamidon-2_GREEN.png
test3_51,mevinphos-1,79,1,1,0,0,GREEN,2463,plots\test3_51\2463_chrom079_mevinphos-1_GREEN.png
test3_45,furathiocarb-2,622,1,1,0,0,GREEN,2464,plots\test3_45\2464_chrom622_furathiocarb-2_GREEN.png
test3_43,mevinphos-1,79,1,1,0,0,GREEN,2465,plots\test3_43\2465_chrom079_mevinphos-1_GREEN.png
test3_18,metalaxyl-2,224,1,1,0,0,GREEN,2466,plots\test3_18\2466_chrom224_metalaxyl-2_GREEN.png
test3_31,prosulfocarb-1,559,1,1,0,0,GREEN,2467,plots\test3_31\2467_chrom559_prosulfocarb-1_GREEN.png
test3_5,pyridaphenthion-2,364,1,1,0,0,GREEN,2468,plots\test3_5\2468_chrom364_pyridaphenthion-2_GREEN.png
test3_7,diethofencarb-2,286,3,1,0,3,RED,2469,plots\test3_7\2469_chrom286_diethofencarb-2_RED.png
test3_12,fensulfothion sulfone-1,233,1,1,0,0,GREEN,2470,plots\test3_12\2470_chrom233_fensulfothion sulfone-1_GREEN.png
test3_9,pyraoxystrobin-2,542,1,1,0,0,GREEN,2471,plots\test3_9\2471_chrom542_pyraoxystrobin-2_GREEN.png
test3_17,isoxaflutole-2,220,3,1,1,1,RED,2472,plots\test3_17\2472_chrom220_isoxaflutole-2_RED.png
test3_13,fenthion sulfoxide-1,163,1,1,0,0,GREEN,2473,plots\test3_13\2473_chrom163_fenthion sulfoxide-1_GREEN.png
test3_14,carfentrazone-ethyl-1,471,1,1,0,0,GREEN,2474,plots\test3_14\2474_chrom471_carfentrazone-ethyl-1_GREEN.png
test3_28,pirimiphos-methyl-1,513,1,1,0,0,GREEN,2475,plots\test3_28\2475_chrom513_pirimiphos-methyl-1_GREEN.png
test3_33,cyflumetofen-1,609,1,1,0,0,GREEN,2476,plots\test3_33\2476_chrom609_cyflumetofen-1_GREEN.png
test3_36,pyrimethanil-2,258,1,1,0,0,GREEN,2477,plots\test3_36\2477_chrom258_pyrimethanil-2_GREEN.png
test3_10,omethoate-1,7,1,1,0,0,GREEN,2478,plots\test3_10\2478_chrom007_omethoate-1_GREEN.png
test3_31,flumetralin-1,663,1,1,0,0,GREEN,2479,plots\test3_31\2479_chrom663_flumetralin-1_GREEN.png
test3_45,penoxsulam-2,172,1,1,0,0,GREEN,2480,plots\test3_45\2480_chrom172_penoxsulam-2_GREEN.png
test3_23,phenmedipham-2,250,1,1,0,0,GREEN,2481,plots\test3_23\2481_chrom250_phenmedipham-2_GREEN.png
test3_56,mesosulfuron-methyl-2,202,1,1,0,0,GREEN,2482,plots\test3_56\2482_chrom202_mesosulfuron-methyl-2_GREEN.png
test3_40,iprodione-2,394,2,1,0,1,RED,2483,plots\test3_40\2483_chrom394_iprodione-2_RED.png
test3_27,fenpyrazamine-1,369,1,1,0,0,GREEN,2484,plots\test3_27\2484_chrom369_fenpyrazamine-1_GREEN.png
test3_10,chlorfluazuron-2,680,1,1,0,0,GREEN,2485,plots\test3_10\2485_chrom680_chlorfluazuron-2_GREEN.png
test3_19,linuron-2,264,1,1,0,0,GREEN,2486,plots\test3_19\2486_chrom264_linuron-2_GREEN.png
test3_50,propiconazole-2,492,1,1,0,0,GREEN,2487,plots\test3_50\2487_chrom492_propiconazole-2_GREEN.png
test3_8,dimoxystrobin-1,435,2,1,1,0,GREEN,2488,plots\test3_8\2488_chrom435_dimoxystrobin-1_GREEN.png
test3_5,fluazifop-1,617,1,1,0,0,GREEN,2489,plots\test3_5\2489_chrom617_fluazifop-1_GREEN.png
test3_14,triflumuron-2,524,2,1,0,1,RED,2490,plots\test3_14\2490_chrom524_triflumuron-2_RED.png
test3_21,phosmet-2,256,2,1,0,1,RED,2491,plots\test3_21\2491_chrom256_phosmet-2_RED.png
test3_47,demeton-S-methyl-1,181,1,1,0,0,GREEN,2492,plots\test3_47\2492_chrom181_demeton-S-methyl-1_GREEN.png
test3_29,propargite-2,666,2,1,1,0,GREEN,2493,plots\test3_29\2493_chrom666_propargite-2_GREEN.png
test3_29,heptenophos-2,222,1,1,0,0,GREEN,2494,plots\test3_29\2494_chrom222_heptenophos-2_GREEN.png
test3_31,fenpyroximate-2,682,1,1,0,0,GREEN,2495,plots\test3_31\2495_chrom682_fenpyroximate-2_GREEN.png
test3_33,metamitron-1,63,1,1,0,0,GREEN,2496,plots\test3_33\2496_chrom063_metamitron-1_GREEN.png
test3_22,spirodiclofen-2,684,1,1,0,0,GREEN,2497,plots\test3_22\2497_chrom684_spirodiclofen-2_GREEN.png
test3_31,penoxsulam-2,172,1,1,0,0,GREEN,2498,plots\test3_31\2498_chrom172_penoxsulam-2_GREEN.png
test3_17,flubendiamide-1,503,1,1,0,0,GREEN,2499,plots\test3_17\2499_chrom503_flubendiamide-1_GREEN.png
test3_3,dichlorvos-1,115,1,1,0,0,GREEN,2500,plots\test3_3\2500_chrom115_dichlorvos-1_GREEN.png
test3_24,Fenoxycarb-1,425,1,1,0,0,GREEN,2501,plots\test3_24\2501_chrom425_Fenoxycarb-1_GREEN.png
test3_13,bifenthrin-2,700,6,1,1,5,RED,2502,plots\test3_13\2502_chrom700_bifenthrin-2_RED.png
test3_36,methiocarb sulfoxide-1,47,1,1,0,0,GREEN,2503,plots\test3_36\2503_chrom047_methiocarb sulfoxide-1_GREEN.png
test3_19,molinate-1,313,1,1,0,0,GREEN,2504,plots\test3_19\2504_chrom313_molinate-1_GREEN.png
test3_44,flurtamone-2,298,1,1,0,0,GREEN,2505,plots\test3_44\2505_chrom298_flurtamone-2_GREEN.png
test3_47,malaoxon-1,147,1,1,0,0,GREEN,2506,plots\test3_47\2506_chrom147_malaoxon-1_GREEN.png
test3_13,zoxamide-1,479,1,1,0,0,GREEN,2507,plots\test3_13\2507_chrom479_zoxamide-1_GREEN.png
test3_22,tebuthiuron-2,156,1,1,0,0,GREEN,2508,plots\test3_22\2508_chrom156_tebuthiuron-2_GREEN.png
test3_55,isoxaflutole-1,219,1,1,0,0,GREEN,2509,plots\test3_55\2509_chrom219_isoxaflutole-1_GREEN.png
test3_10,isoproturon-1,203,1,1,0,0,GREEN,2510,plots\test3_10\2510_chrom203_isoproturon-1_GREEN.png
test3_38,methoxyfenozide-2,368,3,1,1,1,RED,2511,plots\test3_38\2511_chrom368_methoxyfenozide-2_RED.png
test3_21,ethiprole-1,299,1,1,0,0,GREEN,2512,plots\test3_21\2512_chrom299_ethiprole-1_GREEN.png
test3_28,dimethoate-2,62,1,1,0,0,GREEN,2513,plots\test3_28\2513_chrom062_dimethoate-2_GREEN.png
test3_55,propamocarb-1,3,1,1,0,0,GREEN,2514,plots\test3_55\2514_chrom003_propamocarb-1_GREEN.png
test3_15,napropamide-1,387,1,1,0,0,GREEN,2515,plots\test3_15\2515_chrom387_napropamide-1_GREEN.png
test3_39,imidaclothiz-1,45,1,1,0,0,GREEN,2516,plots\test3_39\2516_chrom045_imidaclothiz-1_GREEN.png
test3_6,sulfotep-1,473,2,1,1,0,GREEN,2517,plots\test3_6\2517_chrom473_sulfotep-1_GREEN.png
test3_39,sulfentrazone-2,154,1,1,0,0,GREEN,2518,plots\test3_39\2518_chrom154_sulfentrazone-2_GREEN.png
test3_8,pencycuron-2,538,1,1,0,0,GREEN,2519,plots\test3_8\2519_chrom538_pencycuron-2_GREEN.png
test3_26,fenamiphos sulfone-1,161,1,1,0,0,GREEN,2520,plots\test3_26\2520_chrom161_fenamiphos sulfone-1_GREEN.png
test3_7,spinetoram L-1,641,1,1,0,0,GREEN,2521,plots\test3_7\2521_chrom641_spinetoram L-1_GREEN.png
test3_53,tribenuron-methyl-1,215,1,1,0,0,GREEN,2522,plots\test3_53\2522_chrom215_tribenuron-methyl-1_GREEN.png
test3_42,cyflufenamid-1,539,1,1,0,0,GREEN,2523,plots\test3_42\2523_chrom539_cyflufenamid-1_GREEN.png
test3_31,lufenuron-1,659,1,1,0,0,GREEN,2524,plots\test3_31\2524_chrom659_lufenuron-1_GREEN.png
test3_45,coumoxystrobin-2,654,1,1,0,0,GREEN,2525,plots\test3_45\2525_chrom654_coumoxystrobin-2_GREEN.png
test3_5,nitenpyram-2,16,1,1,0,0,GREEN,2526,plots\test3_5\2526_chrom016_nitenpyram-2_GREEN.png
test3_12,simetryn-1,177,1,1,0,0,GREEN,2527,plots\test3_12\2527_chrom177_simetryn-1_GREEN.png
test3_42,terbufos-1,595,1,1,0,0,GREEN,2528,plots\test3_42\2528_chrom595_terbufos-1_GREEN.png
test3_47,fluazifop-1,617,1,1,0,0,GREEN,2529,plots\test3_47\2529_chrom617_fluazifop-1_GREEN.png
test3_26,disulfoton sulfoxide-2,180,1,1,0,0,GREEN,2530,plots\test3_26\2530_chrom180_disulfoton sulfoxide-2_GREEN.png
test3_34,fensulfothion oxon-2,86,1,1,0,0,GREEN,2531,plots\test3_34\2531_chrom086_fensulfothion oxon-2_GREEN.png
test3_44,dimepiperate-1,543,1,1,0,0,GREEN,2532,plots\test3_44\2532_chrom543_dimepiperate-1_GREEN.png
test3_20,pretilachlor-2,578,1,1,0,0,GREEN,2533,plots\test3_20\2533_chrom578_pretilachlor-2_GREEN.png
test3_7,lactofen-1,633,5,1,1,3,RED,2534,plots\test3_7\2534_chrom633_lactofen-1_RED.png
test3_37,fenobucarb-1,259,1,1,0,0,GREEN,2535,plots\test3_37\2535_chrom259_fenobucarb-1_GREEN.png
test3_49,phorate sulfoxide-2,184,1,1,0,0,GREEN,2536,plots\test3_49\2536_chrom184_phorate sulfoxide-2_GREEN.png
test3_22,fenpropidin-2,228,1,1,0,0,GREEN,2537,plots\test3_22\2537_chrom228_fenpropidin-2_GREEN.png
test3_7,fosthiazate-1,173,1,1,0,0,GREEN,2538,plots\test3_7\2538_chrom173_fosthiazate-1_GREEN.png
test3_44,triflusulfuron-methyl-1,353,1,1,0,0,GREEN,2539,plots\test3_44\2539_chrom353_triflusulfuron-methyl-1_GREEN.png
test3_38,vamidothion-2,50,1,1,0,0,GREEN,2540,plots\test3_38\2540_chrom050_vamidothion-2_GREEN.png
test3_16,cyproconazole-1,409,2,1,0,1,RED,2541,plots\test3_16\2541_chrom409_cyproconazole-1_RED.png
test3_17,etoxazole-1,669,1,1,0,0,GREEN,2542,plots\test3_17\2542_chrom669_etoxazole-1_GREEN.png
test3_18,bensulfuron-methyl-1,273,1,1,0,0,GREEN,2543,plots\test3_18\2543_chrom273_bensulfuron-methyl-1_GREEN.png
test3_44,hexythiazox-2,650,1,1,0,0,GREEN,2544,plots\test3_44\2544_chrom650_hexythiazox-2_GREEN.png
test3_21,Chloridazon-2,72,1,1,0,0,GREEN,2545,plots\test3_21\2545_chrom072_Chloridazon-2_GREEN.png
test3_28,3-hydroxy carbofuran-1,51,1,1,0,0,GREEN,2546,plots\test3_28\2546_chrom051_3-hydroxy carbofuran-1_GREEN.png
test3_7,procymidone-1,341,1,1,0,1,YELLOW,2547,plots\test3_7\2547_chrom341_procymidone-1_YELLOW.png
test3_44,flucetosulfuron-1,275,1,1,0,0,GREEN,2548,plots\test3_44\2548_chrom275_flucetosulfuron-1_GREEN.png
test3_15,isoprocarb-2,186,1,1,0,0,GREEN,2549,plots\test3_15\2549_chrom186_isoprocarb-2_GREEN.png
test3_55,spinetoram J-2,600,1,1,0,0,GREEN,2550,plots\test3_55\2550_chrom600_spinetoram J-2_GREEN.png
test3_26,triflumuron-1,523,1,1,0,0,GREEN,2551,plots\test3_26\2551_chrom523_triflumuron-1_GREEN.png
test3_34,spinetoram J-1,599,1,1,0,1,YELLOW,2552,plots\test3_34\2552_chrom599_spinetoram J-1_YELLOW.png
test3_13,metazosulfuron-1,241,1,1,0,0,GREEN,2553,plots\test3_13\2553_chrom241_metazosulfuron-1_GREEN.png
test3_34,carbofuran-1,135,1,1,0,0,GREEN,2554,plots\test3_34\2554_chrom135_carbofuran-1_GREEN.png
test3_50,azinphos-methyl-1,247,1,1,0,0,GREEN,2555,plots\test3_50\2555_chrom247_azinphos-methyl-1_GREEN.png
test3_42,pyrethrins I-2,678,1,1,0,0,GREEN,2556,plots\test3_42\2556_chrom678_pyrethrins I-2_GREEN.png
test3_38,methiocarb sulfone-2,70,1,1,0,0,GREEN,2557,plots\test3_38\2557_chrom070_methiocarb sulfone-2_GREEN.png
test3_21,pyraflufen-ethyl-2,500,1,1,0,0,GREEN,2558,plots\test3_21\2558_chrom500_pyraflufen-ethyl-2_GREEN.png
test3_46,oxaziclomefone-2,598,1,1,0,0,GREEN,2559,plots\test3_46\2559_chrom598_oxaziclomefone-2_GREEN.png
test3_40,metrafenone-1,533,1,1,0,0,GREEN,2560,plots\test3_40\2560_chrom533_metrafenone-1_GREEN.png
test3_25,etrimfos-2,456,1,1,0,0,GREEN,2561,plots\test3_25\2561_chrom456_etrimfos-2_GREEN.png
test3_18,napropamide-1,387,1,1,0,0,GREEN,2562,plots\test3_18\2562_chrom387_napropamide-1_GREEN.png
test3_26,bromuconazole-2,350,2,1,0,2,RED,2563,plots\test3_26\2563_chrom350_bromuconazole-2_RED.png
test3_47,tribenuron-methyl-2,216,1,1,0,0,GREEN,2564,plots\test3_47\2564_chrom216_tribenuron-methyl-2_GREEN.png
test3_23,coumoxystrobin-2,654,1,1,0,0,GREEN,2565,plots\test3_23\2565_chrom654_coumoxystrobin-2_GREEN.png
test3_33,diflubenzuron-1,399,2,1,0,2,RED,2566,plots\test3_33\2566_chrom399_diflubenzuron-1_RED.png
test3_29,procymidone-2,342,1,1,0,0,GREEN,2567,plots\test3_29\2567_chrom342_procymidone-2_GREEN.png
test3_7,sulfotep-2,474,1,1,0,1,YELLOW,2568,plots\test3_7\2568_chrom474_sulfotep-2_YELLOW.png
test3_30,clothianidin-2,42,1,1,0,0,GREEN,2569,plots\test3_30\2569_chrom042_clothianidin-2_GREEN.png
test3_5,fenoxanil-1,421,3,1,0,3,RED,2570,plots\test3_5\2570_chrom421_fenoxanil-1_RED.png
test3_28,fluthiacet-methyl-2,460,1,1,0,0,GREEN,2571,plots\test3_28\2571_chrom460_fluthiacet-methyl-2_GREEN.png
test3_27,chlortoluron-2,176,1,1,0,0,GREEN,2572,plots\test3_27\2572_chrom176_chlortoluron-2_GREEN.png
test3_19,novaluron-2,606,1,1,0,0,GREEN,2573,plots\test3_19\2573_chrom606_novaluron-2_GREEN.png
test3_40,coumoxystrobin-2,654,1,1,0,0,GREEN,2574,plots\test3_40\2574_chrom654_coumoxystrobin-2_GREEN.png
test3_28,hexythiazox-1,649,1,1,0,0,GREEN,2575,plots\test3_28\2575_chrom649_hexythiazox-1_GREEN.png
test3_25,fenazaquin-2,688,1,1,0,0,GREEN,2576,plots\test3_25\2576_chrom688_fenazaquin-2_GREEN.png
test3_8,paclobutrazol-2,316,2,1,0,2,RED,2577,plots\test3_8\2577_chrom316_paclobutrazol-2_RED.png
test3_14,oxadixyl-2,100,3,1,0,2,RED,2578,plots\test3_14\2578_chrom100_oxadixyl-2_RED.png
test3_53,isoproturon-2,204,1,1,0,0,GREEN,2579,plots\test3_53\2579_chrom204_isoproturon-2_GREEN.png
test3_21,propoxur-1,129,1,1,0,0,GREEN,2580,plots\test3_21\2580_chrom129_propoxur-1_GREEN.png
test3_52,chlorbenzuron-1,441,1,1,0,0,GREEN,2581,plots\test3_52\2581_chrom441_chlorbenzuron-1_GREEN.png
test3_33,terbufos sulfone-2,278,3,1,1,1,RED,2582,plots\test3_33\2582_chrom278_terbufos sulfone-2_RED.png
test3_51,pirimicarb-desmethyl-1,81,1,1,0,0,GREEN,2583,plots\test3_51\2583_chrom081_pirimicarb-desmethyl-1_GREEN.png
test3_56,oxamyl oxime-2,10,1,1,0,0,GREEN,2584,plots\test3_56\2584_chrom010_oxamyl oxime-2_GREEN.png
test3_48,dimethoate-1,61,1,1,0,0,GREEN,2585,plots\test3_48\2585_chrom061_dimethoate-1_GREEN.png
test3_40,isofenphos-methyl-2,476,1,1,0,0,GREEN,2586,plots\test3_40\2586_chrom476_isofenphos-methyl-2_GREEN.png
test3_21,methoprene-2,694,2,1,0,1,RED,2587,plots\test3_21\2587_chrom694_methoprene-2_RED.png
test3_46,oxyfluorfen-2,604,1,1,0,0,GREEN,2588,plots\test3_46\2588_chrom604_oxyfluorfen-2_GREEN.png
test3_6,pyraclostrobin-2,530,1,1,0,0,GREEN,2589,plots\test3_6\2589_chrom530_pyraclostrobin-2_GREEN.png
test3_7,chlorpyrifos-methyl-1,517,1,1,0,1,YELLOW,2590,plots\test3_7\2590_chrom517_chlorpyrifos-methyl-1_YELLOW.png
test3_24,halosulfuron-methyl-1,301,1,1,0,0,GREEN,2591,plots\test3_24\2591_chrom301_halosulfuron-methyl-1_GREEN.png
test3_3,fenothiocarb-2,418,1,1,0,0,GREEN,2592,plots\test3_3\2592_chrom418_fenothiocarb-2_GREEN.png
test3_35,chlorantraniliprole-1,253,1,1,0,0,GREEN,2593,plots\test3_35\2593_chrom253_chlorantraniliprole-1_GREEN.png
test3_29,prochloraz metabolite BTS44595-2,488,1,1,0,0,GREEN,2594,plots\test3_29\2594_chrom488_prochloraz metabolite BTS44595-2_GREEN.png
test3_28,pyridaphenthion-2,364,1,1,0,0,GREEN,2595,plots\test3_28\2595_chrom364_pyridaphenthion-2_GREEN.png
test3_7,fenpropidin-2,228,2,1,1,0,GREEN,2596,plots\test3_7\2596_chrom228_fenpropidin-2_GREEN.png
test3_46,silthiofam-1,447,1,1,0,0,GREEN,2597,plots\test3_46\2597_chrom447_silthiofam-1_GREEN.png
test3_39,fonofos-2,462,1,1,0,0,GREEN,2598,plots\test3_39\2598_chrom462_fonofos-2_GREEN.png
test3_48,iodosulfuron-methyl-sodium-2,230,1,1,0,0,GREEN,2599,plots\test3_48\2599_chrom230_iodosulfuron-methyl-sodium-2_GREEN.png
test3_18,promecarb-1,261,2,1,0,1,RED,2600,plots\test3_18\2600_chrom261_promecarb-1_RED.png
test3_54,fensulfothion oxon-1,85,1,1,0,0,GREEN,2601,plots\test3_54\2601_chrom085_fensulfothion oxon-1_GREEN.png
test3_25,fenpropathrin-1,671,1,1,0,0,GREEN,2602,plots\test3_25\2602_chrom671_fenpropathrin-1_GREEN.png
test3_29,simazine-2,138,1,1,0,0,GREEN,2603,plots\test3_29\2603_chrom138_simazine-2_GREEN.png
test3_54,diuron-2,206,1,1,0,0,GREEN,2604,plots\test3_54\2604_chrom206_diuron-2_GREEN.png
test3_34,spirotetramat-enol-2,36,1,1,0,0,GREEN,2605,plots\test3_34\2605_chrom036_spirotetramat-enol-2_GREEN.png
test3_5,benzoximate-1,531,2,1,0,1,RED,2606,plots\test3_5\2606_chrom531_benzoximate-1_RED.png
test3_51,tricyclazole-1,91,1,1,0,0,GREEN,2607,plots\test3_51\2607_chrom091_tricyclazole-1_GREEN.png
test3_51,spirotetramat-enol-glucoside-1,37,1,1,0,0,GREEN,2608,plots\test3_51\2608_chrom037_spirotetramat-enol-glucoside-1_GREEN.png
test3_9,triflumuron-2,524,2,1,1,0,GREEN,2609,plots\test3_9\2609_chrom524_triflumuron-2_GREEN.png
test3_21,methidathion-2,236,2,1,0,1,RED,2610,plots\test3_21\2610_chrom236_methidathion-2_RED.png
test3_12,picoxystrobin-1,457,2,1,0,1,RED,2611,plots\test3_12\2611_chrom457_picoxystrobin-1_RED.png
test3_34,quizalofop-ethyl-2,594,1,1,0,0,GREEN,2612,plots\test3_34\2612_chrom594_quizalofop-ethyl-2_GREEN.png
test3_47,pyrametostrobin-1,483,1,1,0,0,GREEN,2613,plots\test3_47\2613_chrom483_pyrametostrobin-1_GREEN.png
test3_21,benazolin-ethyl-2,270,1,1,0,0,GREEN,2614,plots\test3_21\2614_chrom270_benazolin-ethyl-2_GREEN.png
test3_22,phosfolan-1,87,1,1,0,0,GREEN,2615,plots\test3_22\2615_chrom087_phosfolan-1_GREEN.png
test3_43,tau-fluvalinate-2,692,1,1,0,0,GREEN,2616,plots\test3_43\2616_chrom692_tau-fluvalinate-2_GREEN.png
test3_55,pretilachlor-1,577,1,1,0,0,GREEN,2617,plots\test3_55\2617_chrom577_pretilachlor-1_GREEN.png
test3_14,oxaziclomefone-2,598,1,1,0,0,GREEN,2618,plots\test3_14\2618_chrom598_oxaziclomefone-2_GREEN.png
test3_47,omethoate-1,7,1,1,0,0,GREEN,2619,plots\test3_47\2619_chrom007_omethoate-1_GREEN.png
test3_42,methomyl-1,5,1,1,0,0,GREEN,2620,plots\test3_42\2620_chrom005_methomyl-1_GREEN.png
test3_34,butachlor-1,575,1,1,0,0,GREEN,2621,plots\test3_34\2621_chrom575_butachlor-1_GREEN.png
test3_19,demeton-S-sulfone-2,74,1,1,0,0,GREEN,2622,plots\test3_19\2622_chrom074_demeton-S-sulfone-2_GREEN.png
test3_17,propamocarb-1,3,1,1,0,0,GREEN,2623,plots\test3_17\2623_chrom003_propamocarb-1_GREEN.png
test3_33,iodosulfuron-methyl-sodium-1,229,1,1,0,0,GREEN,2624,plots\test3_33\2624_chrom229_iodosulfuron-methyl-sodium-1_GREEN.png
test3_25,fosthiazate-2,174,1,1,0,0,GREEN,2625,plots\test3_25\2625_chrom174_fosthiazate-2_GREEN.png
test3_46,diflubenzuron-2,400,2,1,0,1,RED,2626,plots\test3_46\2626_chrom400_diflubenzuron-2_RED.png
test3_13,quizalofop-ethyl-2,594,1,1,0,0,GREEN,2627,plots\test3_13\2627_chrom594_quizalofop-ethyl-2_GREEN.png
test3_38,demeton-S-methyl-sulfone-2,22,1,1,0,0,GREEN,2628,plots\test3_38\2628_chrom022_demeton-S-methyl-sulfone-2_GREEN.png
test3_6,metazosulfuron-2,242,1,1,0,0,GREEN,2629,plots\test3_6\2629_chrom242_metazosulfuron-2_GREEN.png
test3_20,methoprene-2,694,3,1,0,2,RED,2630,plots\test3_20\2630_chrom694_methoprene-2_RED.png
test3_40,disulfoton sulfoxide-2,180,1,1,0,0,GREEN,2631,plots\test3_40\2631_chrom180_disulfoton sulfoxide-2_GREEN.png
test3_39,fenamiphos sulfoxide-1,151,1,1,0,0,GREEN,2632,plots\test3_39\2632_chrom151_fenamiphos sulfoxide-1_GREEN.png
test3_33,triazophos-1,361,2,1,0,1,RED,2633,plots\test3_33\2633_chrom361_triazophos-1_RED.png
test3_5,monocrotophos-2,30,3,1,2,1,YELLOW,2634,plots\test3_5\2634_chrom030_monocrotophos-2_YELLOW.png
test3_4,diniconazole-1,527,2,1,0,1,RED,2635,plots\test3_4\2635_chrom527_diniconazole-1_RED.png
test3_25,penoxsulam-1,171,1,1,0,0,GREEN,2636,plots\test3_25\2636_chrom171_penoxsulam-1_GREEN.png
test3_28,dichlorvos-2,116,2,1,1,1,YELLOW,2637,plots\test3_28\2637_chrom116_dichlorvos-2_YELLOW.png
test3_29,flusilazole-1,429,1,1,0,0,GREEN,2638,plots\test3_29\2638_chrom429_flusilazole-1_GREEN.png
test3_49,fluopyram-2,372,1,1,0,0,GREEN,2639,plots\test3_49\2639_chrom372_fluopyram-2_GREEN.png
test3_50,thiophanate-methyl-2,120,1,1,0,0,GREEN,2640,plots\test3_50\2640_chrom120_thiophanate-methyl-2_GREEN.png
test3_8,ethion-1,643,1,1,0,0,GREEN,2641,plots\test3_8\2641_chrom643_ethion-1_GREEN.png
test3_49,spinetoram L-2,642,1,1,0,0,GREEN,2642,plots\test3_49\2642_chrom642_spinetoram L-2_GREEN.png
test3_48,oxadiargyl-2,516,1,1,0,0,GREEN,2643,plots\test3_48\2643_chrom516_oxadiargyl-2_GREEN.png
test3_13,chlorantraniliprole-1,253,1,1,0,0,GREEN,2644,plots\test3_13\2644_chrom253_chlorantraniliprole-1_GREEN.png
test3_34,amidosulfuron-2,150,1,1,0,0,GREEN,2645,plots\test3_34\2645_chrom150_amidosulfuron-2_GREEN.png
test3_14,hexazinone-2,140,1,1,0,0,GREEN,2646,plots\test3_14\2646_chrom140_hexazinone-2_GREEN.png
test3_38,propoxur-1,129,1,1,0,0,GREEN,2647,plots\test3_38\2647_chrom129_propoxur-1_GREEN.png
test3_4,phenmedipham-1,249,1,1,0,0,GREEN,2648,plots\test3_4\2648_chrom249_phenmedipham-1_GREEN.png
test3_47,spirotetramat-enol-2,36,1,1,0,0,GREEN,2649,plots\test3_47\2649_chrom036_spirotetramat-enol-2_GREEN.png
test3_22,ethiprole-2,300,1,1,0,0,GREEN,2650,plots\test3_22\2650_chrom300_ethiprole-2_GREEN.png
test3_11,propachlor-1,209,1,1,0,0,GREEN,2651,plots\test3_11\2651_chrom209_propachlor-1_GREEN.png
test3_56,dimethomorph-2,318,2,1,0,1,RED,2652,plots\test3_56\2652_chrom318_dimethomorph-2_RED.png
test3_28,cyproconazole-1,409,2,1,0,1,RED,2653,plots\test3_28\2653_chrom409_cyproconazole-1_RED.png
test3_39,triadimefon-1,343,1,1,0,0,GREEN,2654,plots\test3_39\2654_chrom343_triadimefon-1_GREEN.png
test3_24,spirotetramat-enol-glucoside-2,38,3,1,1,2,RED,2655,plots\test3_24\2655_chrom038_spirotetramat-enol-glucoside-2_RED.png
test3_12,tebuconazole-2,466,1,1,0,1,YELLOW,2656,plots\test3_12\2656_chrom466_tebuconazole-2_YELLOW.png
test3_5,pyraoxystrobin-1,541,1,1,0,0,GREEN,2657,plots\test3_5\2657_chrom541_pyraoxystrobin-1_GREEN.png
test3_28,prometryn-1,337,1,1,0,0,GREEN,2658,plots\test3_28\2658_chrom337_prometryn-1_GREEN.png
test3_37,hexaflumuron-2,584,1,1,0,0,GREEN,2659,plots\test3_37\2659_chrom584_hexaflumuron-2_GREEN.png
test3_20,novaluron-1,605,1,1,0,0,GREEN,2660,plots\test3_20\2660_chrom605_novaluron-1_GREEN.png
test3_6,propanil-1,265,2,1,0,1,RED,2661,plots\test3_6\2661_chrom265_propanil-1_RED.png
test3_45,ethofumesate-1,281,1,1,0,0,GREEN,2662,plots\test3_45\2662_chrom281_ethofumesate-1_GREEN.png
test3_53,methiocarb sulfoxide-1,47,1,1,0,0,GREEN,2663,plots\test3_53\2663_chrom047_methiocarb sulfoxide-1_GREEN.png
test3_17,clothianidin-2,42,1,1,0,0,GREEN,2664,plots\test3_17\2664_chrom042_clothianidin-2_GREEN.png
test3_40,metazachlor-2,208,1,1,0,0,GREEN,2665,plots\test3_40\2665_chrom208_metazachlor-2_GREEN.png
test3_15,triticonazole-1,373,1,1,0,0,GREEN,2666,plots\test3_15\2666_chrom373_triticonazole-1_GREEN.png
test3_32,emamectin B1a-2,656,1,1,0,0,GREEN,2667,plots\test3_32\2667_chrom656_emamectin B1a-2_GREEN.png
test3_7,metaflumizone-2,648,1,1,0,0,GREEN,2668,plots\test3_7\2668_chrom648_metaflumizone-2_GREEN.png
test3_42,oxyfluorfen-1,603,2,1,1,0,GREEN,2669,plots\test3_42\2669_chrom603_oxyfluorfen-1_GREEN.png
test3_17,oxaziclomefone-2,598,2,1,1,0,GREEN,2670,plots\test3_17\2670_chrom598_oxaziclomefone-2_GREEN.png
test3_18,pirimicarb-desmethyl-1,81,1,1,0,0,GREEN,2671,plots\test3_18\2671_chrom081_pirimicarb-desmethyl-1_GREEN.png
test3_17,fensulfothion oxon-1,85,1,1,0,0,GREEN,2672,plots\test3_17\2672_chrom085_fensulfothion oxon-1_GREEN.png
test3_16,dichlorvos-2,116,3,1,0,2,RED,2673,plots\test3_16\2673_chrom116_dichlorvos-2_RED.png
test3_42,azinphos-methyl-2,248,1,1,0,0,GREEN,2674,plots\test3_42\2674_chrom248_azinphos-methyl-2_GREEN.png
test3_29,chlorpropham-1,311,1,1,0,0,GREEN,2675,plots\test3_29\2675_chrom311_chlorpropham-1_GREEN.png
test3_49,Diclobutrazol-1,449,2,1,0,1,RED,2676,plots\test3_49\2676_chrom449_Diclobutrazol-1_RED.png
test3_47,coumoxystrobin-2,654,1,1,0,0,GREEN,2677,plots\test3_47\2677_chrom654_coumoxystrobin-2_GREEN.png
test3_51,fluoroglycofen-ethyl-2,582,1,1,0,0,GREEN,2678,plots\test3_51\2678_chrom582_fluoroglycofen-ethyl-2_GREEN.png
test3_27,boscalid-2,306,1,1,0,0,GREEN,2679,plots\test3_27\2679_chrom306_boscalid-2_GREEN.png
test3_50,prochloraz metabolite BTS44595-1,487,1,1,0,0,GREEN,2680,plots\test3_50\2680_chrom487_prochloraz metabolite BTS44595-1_GREEN.png
test3_7,kresoxim-methyl-1,443,4,1,0,4,RED,2681,plots\test3_7\2681_chrom443_kresoxim-methyl-1_RED.png
test3_26,bioresmethrin-2,690,1,1,0,0,GREEN,2682,plots\test3_26\2682_chrom690_bioresmethrin-2_GREEN.png
test3_40,cycloxydim-1,561,1,1,0,1,YELLOW,2683,plots\test3_40\2683_chrom561_cycloxydim-1_YELLOW.png
test3_46,metconazole-2,506,2,1,0,1,RED,2684,plots\test3_46\2684_chrom506_metconazole-2_RED.png
test3_51,methiocarb sulfoxide-1,47,1,1,0,0,GREEN,2685,plots\test3_51\2685_chrom047_methiocarb sulfoxide-1_GREEN.png
test3_42,prochloraz-2,522,1,1,0,0,GREEN,2686,plots\test3_42\2686_chrom522_prochloraz-2_GREEN.png
test3_5,iprobenfos-2,470,2,1,0,1,RED,2687,plots\test3_5\2687_chrom470_iprobenfos-2_RED.png
test3_40,prochloraz metabolite BTS44595-2,488,1,1,0,0,GREEN,2688,plots\test3_40\2688_chrom488_prochloraz metabolite BTS44595-2_GREEN.png
test3_22,tau-fluvalinate-2,692,2,1,1,1,YELLOW,2689,plots\test3_22\2689_chrom692_tau-fluvalinate-2_YELLOW.png
test3_47,methoxyfenozide-1,367,1,1,0,0,GREEN,2690,plots\test3_47\2690_chrom367_methoxyfenozide-1_GREEN.png
test3_8,dimethomorph-2,318,2,1,0,1,RED,2691,plots\test3_8\2691_chrom318_dimethomorph-2_RED.png
test3_10,hexazinone-1,139,1,1,0,0,GREEN,2692,plots\test3_10\2692_chrom139_hexazinone-1_GREEN.png
test3_55,buprofezin-2,620,1,1,0,0,GREEN,2693,plots\test3_55\2693_chrom620_buprofezin-2_GREEN.png
test3_14,heptenophos-2,222,1,1,0,0,GREEN,2694,plots\test3_14\2694_chrom222_heptenophos-2_GREEN.png
test3_30,bupirimate-1,423,1,1,0,0,GREEN,2695,plots\test3_30\2695_chrom423_bupirimate-1_GREEN.png
test3_28,ethiprole-1,299,1,1,0,0,GREEN,2696,plots\test3_28\2696_chrom299_ethiprole-1_GREEN.png
test3_33,forchlorfenuron-1,213,1,1,0,0,GREEN,2697,plots\test3_33\2697_chrom213_forchlorfenuron-1_GREEN.png
test3_53,silthiofam-2,448,1,1,0,0,GREEN,2698,plots\test3_53\2698_chrom448_silthiofam-2_GREEN.png
test3_49,imidacloprid-1,39,1,1,0,0,GREEN,2699,plots\test3_49\2699_chrom039_imidacloprid-1_GREEN.png
test3_28,Diclobutrazol-1,449,2,1,0,1,RED,2700,plots\test3_28\2700_chrom449_Diclobutrazol-1_RED.png
test3_21,triflumizole metabolite FM-6-1-1,105,1,1,0,0,GREEN,2701,plots\test3_21\2701_chrom105_triflumizole metabolite FM-6-1-1_GREEN.png
test3_23,triallate-2,640,1,1,0,0,GREEN,2702,plots\test3_23\2702_chrom640_triallate-2_GREEN.png
test3_14,prochloraz metabolite BTS44596-1,477,1,1,0,0,GREEN,2703,plots\test3_14\2703_chrom477_prochloraz metabolite BTS44596-1_GREEN.png
test3_4,pyribenzoxim-1,657,2,1,0,1,RED,2704,plots\test3_4\2704_chrom657_pyribenzoxim-1_RED.png
test3_52,sulfoxaflor-2,66,1,1,0,1,YELLOW,2705,plots\test3_52\2705_chrom066_sulfoxaflor-2_YELLOW.png
test3_46,spirotetramat-enol-1,35,1,1,0,0,GREEN,2706,plots\test3_46\2706_chrom035_spirotetramat-enol-1_GREEN.png
test3_33,metribuzin-1,133,1,1,0,0,GREEN,2707,plots\test3_33\2707_chrom133_metribuzin-1_GREEN.png
test3_41,pirimicarb-desmethyl-formamido-1,141,1,1,0,0,GREEN,2708,plots\test3_41\2708_chrom141_pirimicarb-desmethyl-formamido-1_GREEN.png
test3_42,enestroburin-2,612,1,1,0,0,GREEN,2709,plots\test3_42\2709_chrom612_enestroburin-2_GREEN.png
test3_13,triallate-1,639,1,1,0,0,GREEN,2710,plots\test3_13\2710_chrom639_triallate-1_GREEN.png
test3_13,diflubenzuron-1,399,2,1,0,2,RED,2711,plots\test3_13\2711_chrom399_diflubenzuron-1_RED.png
test3_7,pyrimorph-2,510,1,1,0,0,GREEN,2712,plots\test3_7\2712_chrom510_pyrimorph-2_GREEN.png
test3_4,lactofen-2,634,5,1,0,5,RED,2713,plots\test3_4\2713_chrom634_lactofen-2_RED.png
test3_25,diniconazole-1,527,1,1,0,0,GREEN,2714,plots\test3_25\2714_chrom527_diniconazole-1_GREEN.png
test3_16,phenthoate-1,451,2,1,0,1,RED,2715,plots\test3_16\2715_chrom451_phenthoate-1_RED.png
test3_15,fenpropathrin-1,671,2,1,0,1,RED,2716,plots\test3_15\2716_chrom671_fenpropathrin-1_RED.png
test3_43,lufenuron-1,659,1,1,0,0,GREEN,2717,plots\test3_43\2717_chrom659_lufenuron-1_GREEN.png
test3_53,flusilazole-2,430,1,1,0,0,GREEN,2718,plots\test3_53\2718_chrom430_flusilazole-2_GREEN.png
test3_6,Fenoxycarb-1,425,1,1,0,0,GREEN,2719,plots\test3_6\2719_chrom425_Fenoxycarb-1_GREEN.png
test3_37,edifenphos-1,493,1,1,0,0,GREEN,2720,plots\test3_37\2720_chrom493_edifenphos-1_GREEN.png
test3_26,pirimiphos-methyl-2,514,1,1,0,0,GREEN,2721,plots\test3_26\2721_chrom514_pirimiphos-methyl-2_GREEN.png
test3_6,metribuzin-1,133,1,1,0,1,YELLOW,2722,plots\test3_6\2722_chrom133_metribuzin-1_YELLOW.png
test3_34,imidaclothiz-2,46,1,1,0,0,GREEN,2723,plots\test3_34\2723_chrom046_imidaclothiz-2_GREEN.png
test3_49,thiabendazole-2,94,1,1,0,0,GREEN,2724,plots\test3_49\2724_chrom094_thiabendazole-2_GREEN.png
test3_9,pirimiphos-methyl-1,513,1,1,0,0,GREEN,2725,plots\test3_9\2725_chrom513_pirimiphos-methyl-1_GREEN.png
test3_16,clomazone-1,245,1,1,0,0,GREEN,2726,plots\test3_16\2726_chrom245_clomazone-1_GREEN.png
test3_16,quizalofop-ethyl-2,594,1,1,0,0,GREEN,2727,plots\test3_16\2727_chrom594_quizalofop-ethyl-2_GREEN.png
test3_33,silthiofam-1,447,1,1,0,0,GREEN,2728,plots\test3_33\2728_chrom447_silthiofam-1_GREEN.png
test3_56,thiamethoxam-1,25,1,1,0,0,GREEN,2729,plots\test3_56\2729_chrom025_thiamethoxam-1_GREEN.png
test3_3,fenamidone-2,290,1,1,0,0,GREEN,2730,plots\test3_3\2730_chrom290_fenamidone-2_GREEN.png
test3_42,dimethoate-1,61,1,1,0,0,GREEN,2731,plots\test3_42\2731_chrom061_dimethoate-1_GREEN.png
test3_4,demeton-S-methyl-1,181,4,1,0,4,RED,2732,plots\test3_4\2732_chrom181_demeton-S-methyl-1_RED.png
test3_9,tebuconazole-2,466,3,1,0,2,RED,2733,plots\test3_9\2733_chrom466_tebuconazole-2_RED.png
test3_46,propoxur-2,130,1,1,0,0,GREEN,2734,plots\test3_46\2734_chrom130_propoxur-2_GREEN.png
test3_42,ethirimol-2,146,1,1,0,0,GREEN,2735,plots\test3_42\2735_chrom146_ethirimol-2_GREEN.png
test3_8,propanil-2,266,4,1,0,3,RED,2736,plots\test3_8\2736_chrom266_propanil-2_RED.png
test3_22,parathion-1,427,1,1,0,0,GREEN,2737,plots\test3_22\2737_chrom427_parathion-1_GREEN.png
test3_53,uniconazole-1,411,2,1,0,1,RED,2738,plots\test3_53\2738_chrom411_uniconazole-1_RED.png
test3_12,molinate-2,314,2,1,0,2,RED,2739,plots\test3_12\2739_chrom314_molinate-2_RED.png
test3_7,clethodim-2,572,3,1,0,3,RED,2740,plots\test3_7\2740_chrom572_clethodim-2_RED.png
test3_53,chlorbenzuron-2,442,1,1,0,0,GREEN,2741,plots\test3_53\2741_chrom442_chlorbenzuron-2_GREEN.png
test3_14,fenhexamid-2,366,2,1,0,1,RED,2742,plots\test3_14\2742_chrom366_fenhexamid-2_RED.png
test3_29,spirodiclofen-2,684,1,1,0,0,GREEN,2743,plots\test3_29\2743_chrom684_spirodiclofen-2_GREEN.png
test3_16,ethion-2,644,1,1,0,0,GREEN,2744,plots\test3_16\2744_chrom644_ethion-2_GREEN.png
test3_27,sethoxydim-2,608,1,1,0,0,GREEN,2745,plots\test3_27\2745_chrom608_sethoxydim-2_GREEN.png
test3_25,fluazifop-1,617,1,1,0,0,GREEN,2746,plots\test3_25\2746_chrom617_fluazifop-1_GREEN.png
test3_18,dichlorvos-1,115,1,1,0,0,GREEN,2747,plots\test3_18\2747_chrom115_dichlorvos-1_GREEN.png
test3_21,fenbuconazole-2,416,1,1,0,0,GREEN,2748,plots\test3_21\2748_chrom416_fenbuconazole-2_GREEN.png
test3_52,buprofezin-2,620,1,1,0,0,GREEN,2749,plots\test3_52\2749_chrom620_buprofezin-2_GREEN.png
test3_48,mevinphos-1,79,1,1,0,0,GREEN,2750,plots\test3_48\2750_chrom079_mevinphos-1_GREEN.png
test3_37,ametoctradin-1,547,1,1,0,0,GREEN,2751,plots\test3_37\2751_chrom547_ametoctradin-1_GREEN.png
test3_40,phoxim-1,437,1,1,0,0,GREEN,2752,plots\test3_40\2752_chrom437_phoxim-1_GREEN.png
test3_38,demeton-S-sulfone-1,73,1,1,0,0,GREEN,2753,plots\test3_38\2753_chrom073_demeton-S-sulfone-1_GREEN.png
test3_38,propyrisulfuron-1,359,1,1,0,0,GREEN,2754,plots\test3_38\2754_chrom359_propyrisulfuron-1_GREEN.png
test3_47,amisulbrom-2,568,1,1,0,0,GREEN,2755,plots\test3_47\2755_chrom568_amisulbrom-2_GREEN.png
test3_47,flumetralin-1,663,1,1,0,0,GREEN,2756,plots\test3_47\2756_chrom663_flumetralin-1_GREEN.png
test3_31,malaoxon-1,147,1,1,0,0,GREEN,2757,plots\test3_31\2757_chrom147_malaoxon-1_GREEN.png
test3_44,atrazine-2,196,1,1,0,0,GREEN,2758,plots\test3_44\2758_chrom196_atrazine-2_GREEN.png
test3_35,terbuthylazine-2,296,1,1,0,0,GREEN,2759,plots\test3_35\2759_chrom296_terbuthylazine-2_GREEN.png
test3_54,Proquinazid-2,676,1,1,0,0,GREEN,2760,plots\test3_54\2760_chrom676_Proquinazid-2_GREEN.png
test3_21,metazosulfuron-2,242,1,1,0,0,GREEN,2761,plots\test3_21\2761_chrom242_metazosulfuron-2_GREEN.png
test3_37,triazophos-2,362,1,1,0,0,GREEN,2762,plots\test3_37\2762_chrom362_triazophos-2_GREEN.png
test3_5,imazalil-2,198,1,1,0,0,GREEN,2763,plots\test3_5\2763_chrom198_imazalil-2_GREEN.png
test3_15,dicrotophos-2,34,1,1,0,0,GREEN,2764,plots\test3_15\2764_chrom034_dicrotophos-2_GREEN.png
test3_49,fensulfothion sulfone-1,233,1,1,0,0,GREEN,2765,plots\test3_49\2765_chrom233_fensulfothion sulfone-1_GREEN.png
test3_51,metaflumizone-1,647,1,1,0,0,GREEN,2766,plots\test3_51\2766_chrom647_metaflumizone-1_GREEN.png
test3_26,isocarbophos-1,211,1,1,0,0,GREEN,2767,plots\test3_26\2767_chrom211_isocarbophos-1_GREEN.png
test3_53,phorate-2,496,2,1,0,1,RED,2768,plots\test3_53\2768_chrom496_phorate-2_RED.png
test3_54,Proquinazid-1,675,1,1,0,0,GREEN,2769,plots\test3_54\2769_chrom675_Proquinazid-1_GREEN.png
test3_45,butachlor-2,576,1,1,0,0,GREEN,2770,plots\test3_45\2770_chrom576_butachlor-2_GREEN.png
test3_22,metconazole-2,506,2,1,0,1,RED,2771,plots\test3_22\2771_chrom506_metconazole-2_RED.png
test3_45,triadimefon-2,344,1,1,0,0,GREEN,2772,plots\test3_45\2772_chrom344_triadimefon-2_GREEN.png
test3_50,EPN-1,545,1,1,0,0,GREEN,2773,plots\test3_50\2773_chrom545_EPN-1_GREEN.png
test3_3,pyriproxyfen-1,627,1,1,0,0,GREEN,2774,plots\test3_3\2774_chrom627_pyriproxyfen-1_GREEN.png
test3_18,fenamiphos sulfone-1,161,1,1,0,0,GREEN,2775,plots\test3_18\2775_chrom161_fenamiphos sulfone-1_GREEN.png
test3_24,flufenacet-2,384,1,1,0,0,GREEN,2776,plots\test3_24\2776_chrom384_flufenacet-2_GREEN.png
test3_18,ethirimol-1,145,1,1,0,0,GREEN,2777,plots\test3_18\2777_chrom145_ethirimol-1_GREEN.png
test3_35,triazophos-1,361,2,1,0,1,RED,2778,plots\test3_35\2778_chrom361_triazophos-1_RED.png
test3_55,spiromesifen-2,674,1,1,0,0,GREEN,2779,plots\test3_55\2779_chrom674_spiromesifen-2_GREEN.png
test3_19,spirotetramat-mono-hydroxy-1,131,1,1,0,0,GREEN,2780,plots\test3_19\2780_chrom131_spirotetramat-mono-hydroxy-1_GREEN.png
test3_24,malathion-1,331,1,1,0,0,GREEN,2781,plots\test3_24\2781_chrom331_malathion-1_GREEN.png
test3_23,terbufos-2,596,2,1,0,2,RED,2782,plots\test3_23\2782_chrom596_terbufos-2_RED.png
test3_21,pyrametostrobin-2,484,1,1,0,0,GREEN,2783,plots\test3_21\2783_chrom484_pyrametostrobin-2_GREEN.png
test3_6,pyrimethanil-1,257,1,1,0,0,GREEN,2784,plots\test3_6\2784_chrom257_pyrimethanil-1_GREEN.png
test3_14,cymoxanil-1,77,4,1,0,3,RED,2785,plots\test3_14\2785_chrom077_cymoxanil-1_RED.png
test3_47,zoxamide-1,479,1,1,0,0,GREEN,2786,plots\test3_47\2786_chrom479_zoxamide-1_GREEN.png
test3_30,azoxystrobin-1,309,1,1,0,0,GREEN,2787,plots\test3_30\2787_chrom309_azoxystrobin-1_GREEN.png
test3_22,flurtamone-1,297,1,1,0,0,GREEN,2788,plots\test3_22\2788_chrom297_flurtamone-1_GREEN.png
test3_55,prochloraz metabolite BTS44596-1,477,1,1,0,0,GREEN,2789,plots\test3_55\2789_chrom477_prochloraz metabolite BTS44596-1_GREEN.png
test3_17,cyazofamid-1,401,1,1,0,0,GREEN,2790,plots\test3_17\2790_chrom401_cyazofamid-1_GREEN.png
test3_9,metamitron-1,63,5,1,0,4,RED,2791,plots\test3_9\2791_chrom063_metamitron-1_RED.png
test3_13,triticonazole-2,374,4,1,1,2,RED,2792,plots\test3_13\2792_chrom374_triticonazole-2_RED.png
test3_4,chlorantraniliprole-1,253,2,1,0,1,RED,2793,plots\test3_4\2793_chrom253_chlorantraniliprole-1_RED.png
test3_7,oxadixyl-2,100,1,0,0,1,RED,2794,plots\test3_7\2794_chrom100_oxadixyl-2_RED.png
test3_31,isoprocarb-2,186,1,1,0,0,GREEN,2795,plots\test3_31\2795_chrom186_isoprocarb-2_GREEN.png
test3_30,ethion-1,643,1,1,0,0,GREEN,2796,plots\test3_30\2796_chrom643_ethion-1_GREEN.png
test3_54,chlordimeform-1,27,1,1,0,0,GREEN,2797,plots\test3_54\2797_chrom027_chlordimeform-1_GREEN.png
test3_10,phoxim-2,438,1,1,0,0,GREEN,2798,plots\test3_10\2798_chrom438_phoxim-2_GREEN.png
test3_42,diethofencarb-2,286,1,1,0,0,GREEN,2799,plots\test3_42\2799_chrom286_diethofencarb-2_GREEN.png
test3_16,tetraconazole-1,385,1,1,0,0,GREEN,2800,plots\test3_16\2800_chrom385_tetraconazole-1_GREEN.png
test3_38,methacrifos-1,189,1,1,0,0,GREEN,2801,plots\test3_38\2801_chrom189_methacrifos-1_GREEN.png
test3_52,pyrisoxazole-2,304,2,1,0,1,RED,2802,plots\test3_52\2802_chrom304_pyrisoxazole-2_RED.png
test3_16,pyrimorph-2,510,1,1,0,0,GREEN,2803,plots\test3_16\2803_chrom510_pyrimorph-2_GREEN.png
test3_21,profenofos-2,580,1,1,0,0,GREEN,2804,plots\test3_21\2804_chrom580_profenofos-2_GREEN.png
test3_10,pirimicarb-desmethyl-1,81,1,1,0,0,GREEN,2805,plots\test3_10\2805_chrom081_pirimicarb-desmethyl-1_GREEN.png
test3_48,pendimethalin-1,645,1,1,0,0,GREEN,2806,plots\test3_48\2806_chrom645_pendimethalin-1_GREEN.png
test3_34,penoxsulam-1,171,1,1,0,0,GREEN,2807,plots\test3_34\2807_chrom171_penoxsulam-1_GREEN.png
test3_23,metazachlor-2,208,1,1,0,0,GREEN,2808,plots\test3_23\2808_chrom208_metazachlor-2_GREEN.png
test3_11,fenamidone-2,290,1,1,0,0,GREEN,2809,plots\test3_11\2809_chrom290_fenamidone-2_GREEN.png
test3_49,dimethomorph-2,318,2,1,0,1,RED,2810,plots\test3_49\2810_chrom318_dimethomorph-2_RED.png
test3_38,disulfoton sulfone-1,187,1,1,0,0,GREEN,2811,plots\test3_38\2811_chrom187_disulfoton sulfone-1_GREEN.png
test3_15,diflubenzuron-1,399,2,1,0,1,RED,2812,plots\test3_15\2812_chrom399_diflubenzuron-1_RED.png
test3_7,tetraconazole-2,386,3,1,0,3,RED,2813,plots\test3_7\2813_chrom386_tetraconazole-2_RED.png
test3_34,isoxaflutole-2,220,1,1,0,0,GREEN,2814,plots\test3_34\2814_chrom220_isoxaflutole-2_GREEN.png
test3_28,butralin-1,661,1,1,0,0,GREEN,2815,plots\test3_28\2815_chrom661_butralin-1_GREEN.png
test3_32,anilofos-1,489,1,1,0,0,GREEN,2816,plots\test3_32\2816_chrom489_anilofos-1_GREEN.png
test3_47,parathion-2,428,1,1,0,0,GREEN,2817,plots\test3_47\2817_chrom428_parathion-2_GREEN.png
test3_52,sulfotep-2,474,1,1,0,0,GREEN,2818,plots\test3_52\2818_chrom474_sulfotep-2_GREEN.png
test3_29,metconazole-1,505,2,1,0,1,RED,2819,plots\test3_29\2819_chrom505_metconazole-1_RED.png
test3_25,piperonyl butoxide-1,637,1,1,0,0,GREEN,2820,plots\test3_25\2820_chrom637_piperonyl butoxide-1_GREEN.png
test3_34,propiconazole-1,491,1,1,0,0,GREEN,2821,plots\test3_34\2821_chrom491_propiconazole-1_GREEN.png
test3_37,pyribenzoxim-1,657,1,1,0,0,GREEN,2822,plots\test3_37\2822_chrom657_pyribenzoxim-1_GREEN.png
test3_45,demeton-S-sulfoxide-2,68,1,1,0,0,GREEN,2823,plots\test3_45\2823_chrom068_demeton-S-sulfoxide-2_GREEN.png
test3_15,picoxystrobin-1,457,1,1,0,0,GREEN,2824,plots\test3_15\2824_chrom457_picoxystrobin-1_GREEN.png
test3_39,fenbuconazole-1,415,1,1,0,0,GREEN,2825,plots\test3_39\2825_chrom415_fenbuconazole-1_GREEN.png
test3_40,bensulfuron-methyl-1,273,1,1,0,0,GREEN,2826,plots\test3_40\2826_chrom273_bensulfuron-methyl-1_GREEN.png
test3_46,prochloraz metabolite BTS44595-1,487,1,1,0,0,GREEN,2827,plots\test3_46\2827_chrom487_prochloraz metabolite BTS44595-1_GREEN.png
test3_30,chlorpyrifos-methyl-2,518,2,1,0,1,RED,2828,plots\test3_30\2828_chrom518_chlorpyrifos-methyl-2_RED.png
test3_39,simazine-2,138,1,1,0,0,GREEN,2829,plots\test3_39\2829_chrom138_simazine-2_GREEN.png
test3_50,propyzamide-2,308,1,1,0,0,GREEN,2830,plots\test3_50\2830_chrom308_propyzamide-2_GREEN.png
test3_31,dinotefuran-1,13,1,1,0,0,GREEN,2831,plots\test3_31\2831_chrom013_dinotefuran-1_GREEN.png
test3_9,oxyfluorfen-2,604,2,1,0,1,RED,2832,plots\test3_9\2832_chrom604_oxyfluorfen-2_RED.png
test3_16,fenamiphos sulfoxide-2,152,1,1,0,0,GREEN,2833,plots\test3_16\2833_chrom152_fenamiphos sulfoxide-2_GREEN.png
test3_11,trichlorfon-1,59,1,1,0,1,YELLOW,2834,plots\test3_11\2834_chrom059_trichlorfon-1_YELLOW.png
test3_15,phosmet-1,255,1,1,0,0,GREEN,2835,plots\test3_15\2835_chrom255_phosmet-1_GREEN.png
test3_28,diflubenzuron-2,400,2,1,0,1,RED,2836,plots\test3_28\2836_chrom400_diflubenzuron-2_RED.png
test3_32,pendimethalin-1,645,1,1,0,0,GREEN,2837,plots\test3_32\2837_chrom645_pendimethalin-1_GREEN.png
test3_46,piperonyl butoxide-1,637,1,1,0,0,GREEN,2838,plots\test3_46\2838_chrom637_piperonyl butoxide-1_GREEN.png
test3_11,tolclofos-methyl-2,502,2,1,0,1,RED,2839,plots\test3_11\2839_chrom502_tolclofos-methyl-2_RED.png
test3_20,spirodiclofen-2,684,1,1,0,0,GREEN,2840,plots\test3_20\2840_chrom684_spirodiclofen-2_GREEN.png
test3_26,formothion-2,96,2,1,1,0,GREEN,2841,plots\test3_26\2841_chrom096_formothion-2_GREEN.png
test3_11,chlortoluron-2,176,1,1,0,0,GREEN,2842,plots\test3_11\2842_chrom176_chlortoluron-2_GREEN.png
test3_21,diniconazole-1,527,1,1,0,0,GREEN,2843,plots\test3_21\2843_chrom527_diniconazole-1_GREEN.png
test3_34,cyprodinil-1,419,1,1,0,0,GREEN,2844,plots\test3_34\2844_chrom419_cyprodinil-1_GREEN.png
test3_39,mesosulfuron-methyl-2,202,1,1,0,0,GREEN,2845,plots\test3_39\2845_chrom202_mesosulfuron-methyl-2_GREEN.png
test3_5,triadimefon-1,343,1,1,0,0,GREEN,2846,plots\test3_5\2846_chrom343_triadimefon-1_GREEN.png
test3_46,fenpropimorph-2,292,1,1,0,0,GREEN,2847,plots\test3_46\2847_chrom292_fenpropimorph-2_GREEN.png
test3_30,methoprene-1,693,2,1,0,1,RED,2848,plots\test3_30\2848_chrom693_methoprene-1_RED.png
test3_39,prosulfocarb-1,559,1,1,0,0,GREEN,2849,plots\test3_39\2849_chrom559_prosulfocarb-1_GREEN.png
test3_43,metalaxyl-2,224,1,1,0,0,GREEN,2850,plots\test3_43\2850_chrom224_metalaxyl-2_GREEN.png
test3_42,metrafenone-1,533,1,1,0,0,GREEN,2851,plots\test3_42\2851_chrom533_metrafenone-1_GREEN.png
test3_42,iprobenfos-2,470,1,1,0,0,GREEN,2852,plots\test3_42\2852_chrom470_iprobenfos-2_GREEN.png
test3_17,phenmedipham-1,249,1,1,0,0,GREEN,2853,plots\test3_17\2853_chrom249_phenmedipham-1_GREEN.png
test3_15,thifluzamide-1,413,2,1,0,1,RED,2854,plots\test3_15\2854_chrom413_thifluzamide-1_RED.png
test3_52,pyriproxyfen-1,627,1,1,0,0,GREEN,2855,plots\test3_52\2855_chrom627_pyriproxyfen-1_GREEN.png
test3_6,butachlor-2,576,3,1,0,2,RED,2856,plots\test3_6\2856_chrom576_butachlor-2_RED.png
test3_10,fluazifop-2,618,1,1,0,0,GREEN,2857,plots\test3_10\2857_chrom618_fluazifop-2_GREEN.png
test3_36,azoxystrobin-1,309,1,1,0,0,GREEN,2858,plots\test3_36\2858_chrom309_azoxystrobin-1_GREEN.png
test3_13,spirotetramat-mono-hydroxy-1,131,1,1,0,0,GREEN,2859,plots\test3_13\2859_chrom131_spirotetramat-mono-hydroxy-1_GREEN.png
test3_24,quizalofop-ethyl-2,594,1,1,0,0,GREEN,2860,plots\test3_24\2860_chrom594_quizalofop-ethyl-2_GREEN.png
test3_43,flusilazole-2,430,1,1,0,0,GREEN,2861,plots\test3_43\2861_chrom430_flusilazole-2_GREEN.png
test3_35,buprofezin-1,619,1,1,0,0,GREEN,2862,plots\test3_35\2862_chrom619_buprofezin-1_GREEN.png
test3_46,acetochlor-2,380,1,1,0,0,GREEN,2863,plots\test3_46\2863_chrom380_acetochlor-2_GREEN.png
test3_24,metconazole-2,506,2,1,0,1,RED,2864,plots\test3_24\2864_chrom506_metconazole-2_RED.png
test3_7,diazinon-1,497,1,1,0,0,GREEN,2865,plots\test3_7\2865_chrom497_diazinon-1_GREEN.png
test3_12,chlorbenzuron-1,441,1,1,0,0,GREEN,2866,plots\test3_12\2866_chrom441_chlorbenzuron-1_GREEN.png
test3_29,phorate sulfoxide-2,184,1,1,0,0,GREEN,2867,plots\test3_29\2867_chrom184_phorate sulfoxide-2_GREEN.png
test3_36,propyzamide-1,307,1,1,0,0,GREEN,2868,plots\test3_36\2868_chrom307_propyzamide-1_GREEN.png
test3_35,phoxim-1,437,1,1,0,0,GREEN,2869,plots\test3_35\2869_chrom437_phoxim-1_GREEN.png
test3_44,iprovalicarb-1,375,1,1,0,0,GREEN,2870,plots\test3_44\2870_chrom375_iprovalicarb-1_GREEN.png
test3_56,malathion-2,332,1,1,0,0,GREEN,2871,plots\test3_56\2871_chrom332_malathion-2_GREEN.png
test3_26,demeton-S-methyl-1,181,4,1,1,3,RED,2872,plots\test3_26\2872_chrom181_demeton-S-methyl-1_RED.png
test3_55,methiocarb sulfone-2,70,1,1,0,0,GREEN,2873,plots\test3_55\2873_chrom070_methiocarb sulfone-2_GREEN.png
test3_27,etrimfos-1,455,1,1,0,0,GREEN,2874,plots\test3_27\2874_chrom455_etrimfos-1_GREEN.png
test3_28,mesosulfuron-methyl-1,201,1,1,0,0,GREEN,2875,plots\test3_28\2875_chrom201_mesosulfuron-methyl-1_GREEN.png
test3_11,fensulfothion oxon sulfone-2,90,1,1,0,0,GREEN,2876,plots\test3_11\2876_chrom090_fensulfothion oxon sulfone-2_GREEN.png
test3_54,fenpropathrin-1,671,1,1,0,0,GREEN,2877,plots\test3_54\2877_chrom671_fenpropathrin-1_GREEN.png
test3_18,spirodiclofen-2,684,3,1,0,2,RED,2878,plots\test3_18\2878_chrom684_spirodiclofen-2_RED.png
test3_6,acetamiprid-2,58,3,1,0,3,RED,2879,plots\test3_6\2879_chrom058_acetamiprid-2_RED.png
test3_27,tricyclazole-1,91,1,1,0,0,GREEN,2880,plots\test3_27\2880_chrom091_tricyclazole-1_GREEN.png
test3_49,flonicamid-1,23,1,1,0,0,GREEN,2881,plots\test3_49\2881_chrom023_flonicamid-1_GREEN.png
test3_48,fenhexamid-2,366,1,1,0,0,GREEN,2882,plots\test3_48\2882_chrom366_fenhexamid-2_GREEN.png
test3_43,phosmet oxon-2,98,2,1,0,1,RED,2883,plots\test3_43\2883_chrom098_phosmet oxon-2_RED.png
test3_30,indoxacarb-2,574,1,1,0,0,GREEN,2884,plots\test3_30\2884_chrom574_indoxacarb-2_GREEN.png
test3_45,pyraoxystrobin-2,542,1,1,0,0,GREEN,2885,plots\test3_45\2885_chrom542_pyraoxystrobin-2_GREEN.png
test3_28,halosulfuron-methyl-1,301,1,1,0,0,GREEN,2886,plots\test3_28\2886_chrom301_halosulfuron-methyl-1_GREEN.png
test3_50,imidacloprid-1,39,1,1,0,0,GREEN,2887,plots\test3_50\2887_chrom039_imidacloprid-1_GREEN.png
test3_38,metolcarb-2,102,1,1,0,0,GREEN,2888,plots\test3_38\2888_chrom102_metolcarb-2_GREEN.png
test3_12,thiabendazole-2,94,1,1,0,0,GREEN,2889,plots\test3_12\2889_chrom094_thiabendazole-2_GREEN.png
test3_43,clethodim-1,571,1,1,0,0,GREEN,2890,plots\test3_43\2890_chrom571_clethodim-1_GREEN.png
test3_4,thiacloprid-1,75,1,1,0,0,GREEN,2891,plots\test3_4\2891_chrom075_thiacloprid-1_GREEN.png
test3_46,phoxim-1,437,1,1,0,0,GREEN,2892,plots\test3_46\2892_chrom437_phoxim-1_GREEN.png
test3_3,Penflufen-1,467,1,1,0,0,GREEN,2893,plots\test3_3\2893_chrom467_Penflufen-1_GREEN.png
test3_46,triflusulfuron-methyl-2,354,1,1,0,0,GREEN,2894,plots\test3_46\2894_chrom354_triflusulfuron-methyl-2_GREEN.png
test3_31,carbaryl-2,158,1,1,0,0,GREEN,2895,plots\test3_31\2895_chrom158_carbaryl-2_GREEN.png
test3_51,triallate-1,639,1,1,0,0,GREEN,2896,plots\test3_51\2896_chrom639_triallate-1_GREEN.png
test3_44,teflubenzuron-2,602,2,1,0,2,RED,2897,plots\test3_44\2897_chrom602_teflubenzuron-2_RED.png
test3_6,oxydemeton-methyl-1,19,1,1,0,0,GREEN,2898,plots\test3_6\2898_chrom019_oxydemeton-methyl-1_GREEN.png
test3_53,trifloxystrobin-2,570,1,1,0,0,GREEN,2899,plots\test3_53\2899_chrom570_trifloxystrobin-2_GREEN.png
test3_3,pyrethrins I-1,677,2,1,0,2,RED,2900,plots\test3_3\2900_chrom677_pyrethrins I-1_RED.png
test3_12,flucetosulfuron-2,276,1,1,0,0,GREEN,2901,plots\test3_12\2901_chrom276_flucetosulfuron-2_GREEN.png
test3_3,flusilazole-2,430,1,1,0,0,GREEN,2902,plots\test3_3\2902_chrom430_flusilazole-2_GREEN.png
test3_5,difenoconazole-1,549,1,1,0,0,GREEN,2903,plots\test3_5\2903_chrom549_difenoconazole-1_GREEN.png
test3_49,dimethoate-2,62,1,1,0,0,GREEN,2904,plots\test3_49\2904_chrom062_dimethoate-2_GREEN.png
test3_15,cyantraniliprole-1,169,1,1,0,0,GREEN,2905,plots\test3_15\2905_chrom169_cyantraniliprole-1_GREEN.png
test3_40,3-hydroxy carbofuran-1,51,1,1,0,0,GREEN,2906,plots\test3_40\2906_chrom051_3-hydroxy carbofuran-1_GREEN.png
test3_28,diflufenican-1,557,1,1,0,0,GREEN,2907,plots\test3_28\2907_chrom557_diflufenican-1_GREEN.png
test3_47,ethoprophos-1,389,1,1,0,0,GREEN,2908,plots\test3_47\2908_chrom389_ethoprophos-1_GREEN.png
test3_37,promecarb-2,262,1,1,0,0,GREEN,2909,plots\test3_37\2909_chrom262_promecarb-2_GREEN.png
test3_17,fenamiphos sulfone-2,162,1,1,0,0,GREEN,2910,plots\test3_17\2910_chrom162_fenamiphos sulfone-2_GREEN.png
test3_13,pyribenzoxim-1,657,1,1,0,0,GREEN,2911,plots\test3_13\2911_chrom657_pyribenzoxim-1_GREEN.png
test3_16,dimethomorph-1,317,2,1,0,1,RED,2912,plots\test3_16\2912_chrom317_dimethomorph-1_RED.png
test3_28,buprofezin-2,620,1,1,0,0,GREEN,2913,plots\test3_28\2913_chrom620_buprofezin-2_GREEN.png
test3_7,indoxacarb-2,574,1,1,0,0,GREEN,2914,plots\test3_7\2914_chrom574_indoxacarb-2_GREEN.png
test3_26,difenoconazole-1,549,1,1,0,0,GREEN,2915,plots\test3_26\2915_chrom549_difenoconazole-1_GREEN.png
test3_18,ethofumesate-1,281,3,1,0,3,RED,2916,plots\test3_18\2916_chrom281_ethofumesate-1_RED.png
test3_36,pyridaphenthion-2,364,1,1,0,0,GREEN,2917,plots\test3_36\2917_chrom364_pyridaphenthion-2_GREEN.png
test3_24,chlorpropham-2,312,2,1,0,2,RED,2918,plots\test3_24\2918_chrom312_chlorpropham-2_RED.png
test3_28,quinalphos-2,440,1,1,0,0,GREEN,2919,plots\test3_28\2919_chrom440_quinalphos-2_GREEN.png
test3_18,benazolin-ethyl-1,269,2,1,1,0,GREEN,2920,plots\test3_18\2920_chrom269_benazolin-ethyl-1_GREEN.png
test3_50,dichlorvos-1,115,1,1,0,0,GREEN,2921,plots\test3_50\2921_chrom115_dichlorvos-1_GREEN.png
test3_5,pyraflufen-ethyl-2,500,1,1,0,0,GREEN,2922,plots\test3_5\2922_chrom500_pyraflufen-ethyl-2_GREEN.png
test3_12,fenpropimorph-1,291,1,1,0,0,GREEN,2923,plots\test3_12\2923_chrom291_fenpropimorph-1_GREEN.png
test3_23,methamidophos-2,2,4,1,0,4,RED,2924,plots\test3_23\2924_chrom002_methamidophos-2_RED.png
test3_15,flumorph-2,244,1,1,0,0,GREEN,2925,plots\test3_15\2925_chrom244_flumorph-2_GREEN.png
test3_52,etrimfos-2,456,1,1,0,0,GREEN,2926,plots\test3_52\2926_chrom456_etrimfos-2_GREEN.png
test3_11,diflufenican-1,557,1,1,0,0,GREEN,2927,plots\test3_11\2927_chrom557_diflufenican-1_GREEN.png
test3_11,fenbuconazole-1,415,1,1,0,0,GREEN,2928,plots\test3_11\2928_chrom415_fenbuconazole-1_GREEN.png
test3_52,triasulfuron-2,118,1,1,0,0,GREEN,2929,plots\test3_52\2929_chrom118_triasulfuron-2_GREEN.png
test3_48,chlorantraniliprole-1,253,1,1,0,0,GREEN,2930,plots\test3_48\2930_chrom253_chlorantraniliprole-1_GREEN.png
test3_46,spirotetramat-enol-glucoside-2,38,1,1,0,0,GREEN,2931,plots\test3_46\2931_chrom038_spirotetramat-enol-glucoside-2_GREEN.png
test3_28,flumetsulam-1,43,1,1,0,0,GREEN,2932,plots\test3_28\2932_chrom043_flumetsulam-1_GREEN.png
test3_46,demeton-S-sulfone-1,73,1,1,0,0,GREEN,2933,plots\test3_46\2933_chrom073_demeton-S-sulfone-1_GREEN.png
test3_36,kresoxim-methyl-1,443,1,1,0,0,GREEN,2934,plots\test3_36\2934_chrom443_kresoxim-methyl-1_GREEN.png
test3_34,cyproconazole-1,409,2,1,0,1,RED,2935,plots\test3_34\2935_chrom409_cyproconazole-1_RED.png
test3_35,isofenphos-methyl-1,475,1,1,0,0,GREEN,2936,plots\test3_35\2936_chrom475_isofenphos-methyl-1_GREEN.png
test3_48,phosmet oxon-1,97,1,1,0,0,GREEN,2937,plots\test3_48\2937_chrom097_phosmet oxon-1_GREEN.png
test3_9,dichlorvos-2,116,2,0,0,2,RED,2938,plots\test3_9\2938_chrom116_dichlorvos-2_RED.png
test3_47,carbaryl-2,158,1,1,0,0,GREEN,2939,plots\test3_47\2939_chrom158_carbaryl-2_GREEN.png
test3_18,ipconazole-2,564,2,1,0,1,RED,2940,plots\test3_18\2940_chrom564_ipconazole-2_RED.png
test3_14,triasulfuron-1,117,1,1,0,0,GREEN,2941,plots\test3_14\2941_chrom117_triasulfuron-1_GREEN.png
test3_11,cycloxydim-2,562,2,1,0,2,RED,2942,plots\test3_11\2942_chrom562_cycloxydim-2_RED.png
test3_17,fluazifop-1,617,1,1,0,0,GREEN,2943,plots\test3_17\2943_chrom617_fluazifop-1_GREEN.png
test3_42,ethirimol-1,145,1,1,0,0,GREEN,2944,plots\test3_42\2944_chrom145_ethirimol-1_GREEN.png
test3_44,molinate-1,313,1,1,0,0,GREEN,2945,plots\test3_44\2945_chrom313_molinate-1_GREEN.png
test3_20,metaflumizone-1,647,1,1,0,0,GREEN,2946,plots\test3_20\2946_chrom647_metaflumizone-1_GREEN.png
test3_26,iodosulfuron-methyl-sodium-2,230,2,1,0,1,RED,2947,plots\test3_26\2947_chrom230_iodosulfuron-methyl-sodium-2_RED.png
test3_48,quizalofop-ethyl-1,593,1,1,0,0,GREEN,2948,plots\test3_48\2948_chrom593_quizalofop-ethyl-1_GREEN.png
test3_24,formothion-2,96,3,1,1,2,RED,2949,plots\test3_24\2949_chrom096_formothion-2_RED.png
test3_15,cyclosulfamuron-1,391,1,1,0,0,GREEN,2950,plots\test3_15\2950_chrom391_cyclosulfamuron-1_GREEN.png
test3_16,benzoximate-1,531,1,1,0,0,GREEN,2951,plots\test3_16\2951_chrom531_benzoximate-1_GREEN.png
test3_10,tau-fluvalinate-2,692,4,1,0,3,RED,2952,plots\test3_10\2952_chrom692_tau-fluvalinate-2_RED.png
test3_28,fensulfothion sulfone-1,233,1,1,0,0,GREEN,2953,plots\test3_28\2953_chrom233_fensulfothion sulfone-1_GREEN.png
test3_30,flurtamone-1,297,1,1,0,0,GREEN,2954,plots\test3_30\2954_chrom297_flurtamone-1_GREEN.png
test3_12,fenbuconazole-2,416,1,1,0,0,GREEN,2955,plots\test3_12\2955_chrom416_fenbuconazole-2_GREEN.png
test3_44,isazofos-1,357,1,1,0,0,GREEN,2956,plots\test3_44\2956_chrom357_isazofos-1_GREEN.png
test3_44,buprofezin-2,620,1,1,0,0,GREEN,2957,plots\test3_44\2957_chrom620_buprofezin-2_GREEN.png
test3_51,metribuzin-1,133,1,1,0,0,GREEN,2958,plots\test3_51\2958_chrom133_metribuzin-1_GREEN.png
test3_23,diuron-2,206,1,1,0,0,GREEN,2959,plots\test3_23\2959_chrom206_diuron-2_GREEN.png
test3_8,florasulam-1,83,2,1,0,1,RED,2960,plots\test3_8\2960_chrom083_florasulam-1_RED.png
test3_31,3-hydroxy carbofuran-2,52,1,1,0,0,GREEN,2961,plots\test3_31\2961_chrom052_3-hydroxy carbofuran-2_GREEN.png
test3_19,bifenox-2,536,4,1,0,4,RED,2962,plots\test3_19\2962_chrom536_bifenox-2_RED.png
test3_41,diflubenzuron-2,400,2,1,0,2,RED,2963,plots\test3_41\2963_chrom400_diflubenzuron-2_RED.png
test3_47,chlorpyrifos-1,635,1,1,0,0,GREEN,2964,plots\test3_47\2964_chrom635_chlorpyrifos-1_GREEN.png
test3_28,triflumizole-1,565,1,1,0,0,GREEN,2965,plots\test3_28\2965_chrom565_triflumizole-1_GREEN.png
test3_53,metamitron-2,64,1,1,0,0,GREEN,2966,plots\test3_53\2966_chrom064_metamitron-2_GREEN.png
test3_30,methoxyfenozide-2,368,3,1,0,2,RED,2967,plots\test3_30\2967_chrom368_methoxyfenozide-2_RED.png
test3_38,cymoxanil-2,78,2,1,0,2,RED,2968,plots\test3_38\2968_chrom078_cymoxanil-2_RED.png
test3_46,emamectin B1a-1,655,1,1,0,0,GREEN,2969,plots\test3_46\2969_chrom655_emamectin B1a-1_GREEN.png
test3_53,Proquinazid-2,676,1,1,0,0,GREEN,2970,plots\test3_53\2970_chrom676_Proquinazid-2_GREEN.png
test3_40,cyanazine-1,109,1,1,0,0,GREEN,2971,plots\test3_40\2971_chrom109_cyanazine-1_GREEN.png
test3_10,simazine-2,138,3,1,0,3,RED,2972,plots\test3_10\2972_chrom138_simazine-2_RED.png
test3_18,fenbuconazole-1,415,1,1,0,0,GREEN,2973,plots\test3_18\2973_chrom415_fenbuconazole-1_GREEN.png
test3_36,triadimenol-2,348,1,1,0,0,GREEN,2974,plots\test3_36\2974_chrom348_triadimenol-2_GREEN.png
test3_37,tribenuron-methyl-1,215,1,1,0,0,GREEN,2975,plots\test3_37\2975_chrom215_tribenuron-methyl-1_GREEN.png
test3_35,chlorpyrifos-methyl-2,518,2,1,0,1,RED,2976,plots\test3_35\2976_chrom518_chlorpyrifos-methyl-2_RED.png
test3_53,orthosulfamuron-1,225,1,1,0,0,GREEN,2977,plots\test3_53\2977_chrom225_orthosulfamuron-1_GREEN.png
test3_15,tebuthiuron-1,155,1,1,0,0,GREEN,2978,plots\test3_15\2978_chrom155_tebuthiuron-1_GREEN.png
test3_36,bensulfuron-methyl-1,273,1,1,0,0,GREEN,2979,plots\test3_36\2979_chrom273_bensulfuron-methyl-1_GREEN.png
test3_29,terbufos-2,596,1,1,0,0,GREEN,2980,plots\test3_29\2980_chrom596_terbufos-2_GREEN.png
test3_18,formothion-2,96,1,1,0,0,GREEN,2981,plots\test3_18\2981_chrom096_formothion-2_GREEN.png
test3_31,sulfotep-2,474,1,1,0,0,GREEN,2982,plots\test3_31\2982_chrom474_sulfotep-2_GREEN.png
test3_8,triasulfuron-2,118,1,1,0,0,GREEN,2983,plots\test3_8\2983_chrom118_triasulfuron-2_GREEN.png
test3_8,amidosulfuron-2,150,1,1,0,0,GREEN,2984,plots\test3_8\2984_chrom150_amidosulfuron-2_GREEN.png
test3_44,phorate-1,495,1,1,0,0,GREEN,2985,plots\test3_44\2985_chrom495_phorate-1_GREEN.png
test3_37,spiromesifen-1,673,1,1,0,0,GREEN,2986,plots\test3_37\2986_chrom673_spiromesifen-1_GREEN.png
test3_42,tolclofos-methyl-1,501,1,1,0,0,GREEN,2987,plots\test3_42\2987_chrom501_tolclofos-methyl-1_GREEN.png
test3_4,methoxyfenozide-1,367,2,1,0,2,RED,2988,plots\test3_4\2988_chrom367_methoxyfenozide-1_RED.png
test3_19,fenthion-2,454,1,1,0,0,GREEN,2989,plots\test3_19\2989_chrom454_fenthion-2_GREEN.png
test3_22,atrazine-2,196,1,1,0,0,GREEN,2990,plots\test3_22\2990_chrom196_atrazine-2_GREEN.png
test3_6,diflubenzuron-2,400,2,1,0,1,RED,2991,plots\test3_6\2991_chrom400_diflubenzuron-2_RED.png
test3_3,tebuconazole-2,466,1,1,0,1,YELLOW,2992,plots\test3_3\2992_chrom466_tebuconazole-2_YELLOW.png
test3_30,pirimicarb-desmethyl-2,82,1,1,0,0,GREEN,2993,plots\test3_30\2993_chrom082_pirimicarb-desmethyl-2_GREEN.png
test3_14,acetamiprid-2,58,2,1,0,1,RED,2994,plots\test3_14\2994_chrom058_acetamiprid-2_RED.png
test3_47,phenamacril-1,121,1,1,0,0,GREEN,2995,plots\test3_47\2995_chrom121_phenamacril-1_GREEN.png
test3_25,pyraflufen-ethyl-1,499,1,1,0,0,GREEN,2996,plots\test3_25\2996_chrom499_pyraflufen-ethyl-1_GREEN.png
test3_6,formothion-1,95,1,1,0,1,YELLOW,2997,plots\test3_6\2997_chrom095_formothion-1_YELLOW.png
test3_34,penconazole-1,445,1,1,0,0,GREEN,2998,plots\test3_34\2998_chrom445_penconazole-1_GREEN.png
test3_33,fenamiphos sulfone-1,161,1,1,0,0,GREEN,2999,plots\test3_33\2999_chrom161_fenamiphos sulfone-1_GREEN.png
test3_24,fluopicolide-1,321,1,1,0,0,GREEN,3000,plots\test3_24\3000_chrom321_fluopicolide-1_GREEN.png
