sample_id,ai_chrom_index,uid,n_ai_peaks,n_ignored_weak,n_review_required,channel_alert_level,random_order
test3_6,107.0,cinosulfuron-1,1,0,0,GREEN,1
test3_6,420.0,cyprodinil-2,1,0,0,GREEN,2
test3_28,272.0,pyriftalid-2,1,0,0,GREEN,3
test3_17,457.0,picoxystrobin-1,1,0,0,GREEN,4
test3_17,128.0,metsulfuron-methyl-2,1,0,0,GREEN,5
test3_9,379.0,acetochlor-1,2,0,2,RED,6
test3_54,529.0,pyraclostrobin-1,1,0,0,GREEN,7
test3_52,246.0,clomazone-2,1,0,0,GREEN,8
test3_9,58.0,acetamiprid-2,1,0,0,GREEN,9
test3_44,701.0,pyridalyl-1,1,0,0,GREEN,10
test3_8,388.0,napropamide-2,3,0,2,RED,11
test3_37,455.0,etrimfos-1,1,0,0,GREEN,12
test3_56,336.0,mandipropamid-2,1,0,0,GREEN,13
test3_51,243.0,flumorph-1,1,0,0,GREEN,14
test3_40,137.0,simazine-1,1,0,0,GREEN,15
test3_19,260.0,fenobucarb-2,2,0,1,RED,16
test3_38,24.0,flonicamid-2,1,0,0,GREEN,17
test3_42,152.0,fenamiphos sulfoxide-2,1,0,0,GREEN,18
test3_25,162.0,fenamiphos sulfone-2,1,0,0,GREEN,19
test3_46,426.0,Fenoxycarb-2,1,0,0,GREEN,20
test3_26,413.0,thifluzamide-1,1,0,0,GREEN,21
test3_40,531.0,benzoximate-1,1,0,0,GREEN,22
test3_43,52.0,3-hydroxy carbofuran-2,1,0,0,GREEN,23
test3_18,501.0,tolclofos-methyl-1,1,0,0,GREEN,24
test3_24,11.0,aldicarb sulfoxide-1,1,0,1,YELLOW,25
test3_22,679.0,chlorfluazuron-1,1,0,0,GREEN,26
test3_12,191.0,phorate sulfone-1,3,0,2,RED,27
test3_32,242.0,metazosulfuron-2,1,0,0,GREEN,28
test3_47,157.0,carbaryl-1,1,0,0,GREEN,29
test3_10,475.0,isofenphos-methyl-1,1,0,0,GREEN,30
test3_21,690.0,bioresmethrin-2,1,0,0,GREEN,31
test3_35,26.0,thiamethoxam-2,1,0,0,GREEN,32
test3_32,515.0,oxadiargyl-1,1,0,0,GREEN,33
test3_31,216.0,tribenuron-methyl-2,1,0,0,GREEN,34
test3_4,371.0,fluopyram-1,1,0,0,GREEN,35
test3_11,529.0,pyraclostrobin-1,1,0,0,GREEN,36
test3_32,653.0,coumoxystrobin-1,1,0,0,GREEN,37
test3_48,225.0,orthosulfamuron-1,1,0,0,GREEN,38
test3_21,511.0,coumaphos-1,1,0,0,GREEN,39
test3_41,209.0,propachlor-1,1,0,0,GREEN,40
test3_22,136.0,carbofuran-2,1,0,0,GREEN,41
test3_31,479.0,zoxamide-1,1,0,0,GREEN,42
test3_37,247.0,azinphos-methyl-1,1,0,0,GREEN,43
test3_50,112.0,probenazole-2,1,0,0,GREEN,44
test3_28,500.0,pyraflufen-ethyl-2,1,0,0,GREEN,45
test3_13,545.0,EPN-1,2,0,1,RED,46
test3_34,275.0,flucetosulfuron-1,1,0,0,GREEN,47
test3_38,144.0,chlorsulfuron-2,1,0,0,GREEN,48
test3_32,498.0,diazinon-2,1,0,0,GREEN,49
test3_7,137.0,simazine-1,1,0,0,GREEN,50
test3_47,184.0,phorate sulfoxide-2,1,0,0,GREEN,51
test3_10,617.0,fluazifop-1,1,0,0,GREEN,52
test3_24,701.0,pyridalyl-1,1,0,0,GREEN,53
test3_51,183.0,phorate sulfoxide-1,1,0,0,GREEN,54
test3_11,560.0,prosulfocarb-2,1,0,0,GREEN,55
test3_25,262.0,promecarb-2,1,0,0,GREEN,56
test3_18,402.0,cyazofamid-2,1,0,0,GREEN,57
test3_14,693.0,methoprene-1,1,0,0,GREEN,58
test3_41,556.0,spinosad A-2,1,0,0,GREEN,59
test3_5,448.0,silthiofam-2,1,0,1,YELLOW,60
test3_32,302.0,halosulfuron-methyl-2,1,0,0,GREEN,61
test3_32,480.0,zoxamide-2,1,0,0,GREEN,62
test3_5,409.0,cyproconazole-1,4,0,3,RED,63
test3_25,433.0,rotenone-1,1,0,0,GREEN,64
test3_48,252.0,ametryn-2,1,0,0,GREEN,65
test3_32,17.0,oxamyl-1,6,1,4,RED,66
test3_50,513.0,pirimiphos-methyl-1,1,0,0,GREEN,67
test3_36,154.0,sulfentrazone-2,1,0,0,GREEN,68
test3_26,306.0,boscalid-2,1,0,0,GREEN,69
test3_14,51.0,3-hydroxy carbofuran-1,1,0,0,GREEN,70
test3_14,154.0,sulfentrazone-2,3,0,2,RED,71
test3_30,338.0,prometryn-2,1,0,0,GREEN,72
test3_33,237.0,clethodim sulfoxide-1,1,0,0,GREEN,73
test3_35,481.0,penthiopyrad-1,1,0,0,GREEN,74
test3_41,199.0,tritosulfuron-1,2,0,2,RED,75
test3_9,560.0,prosulfocarb-2,1,0,0,GREEN,76
test3_8,55.0,carbendazim-1,3,0,3,RED,77
test3_32,494.0,edifenphos-2,1,0,0,GREEN,78
test3_30,618.0,fluazifop-2,1,0,0,GREEN,79
test3_55,561.0,cycloxydim-1,1,0,0,GREEN,80
test3_22,532.0,benzoximate-2,1,0,0,GREEN,81
test3_55,462.0,fonofos-2,1,0,0,GREEN,82
test3_11,641.0,spinetoram L-1,1,0,0,GREEN,83
test3_36,561.0,cycloxydim-1,1,0,0,GREEN,84
test3_22,134.0,metribuzin-2,1,0,1,YELLOW,85
test3_50,519.0,phosalone-1,1,0,0,GREEN,86
test3_3,553.0,isopyrazam-1,1,0,0,GREEN,87
test3_21,517.0,chlorpyrifos-methyl-1,1,0,0,GREEN,88
test3_14,80.0,mevinphos-2,2,0,1,RED,89
test3_30,648.0,metaflumizone-2,1,0,0,GREEN,90
test3_26,485.0,hexaconazole-1,1,0,0,GREEN,91
test3_9,381.0,alachlor-1,2,0,2,RED,92
test3_27,343.0,triadimefon-1,1,0,0,GREEN,93
test3_44,340.0,ethoxysulfuron-2,1,0,0,GREEN,94
test3_52,195.0,atrazine-1,1,0,0,GREEN,95
test3_12,570.0,trifloxystrobin-2,2,0,1,RED,96
test3_44,435.0,dimoxystrobin-1,1,0,0,GREEN,97
test3_26,414.0,thifluzamide-2,1,0,0,GREEN,98
test3_31,487.0,prochloraz metabolite BTS44595-1,1,0,0,GREEN,99
test3_5,184.0,phorate sulfoxide-2,2,0,2,RED,100
test3_50,169.0,cyantraniliprole-1,1,0,0,GREEN,101
test3_31,639.0,triallate-1,1,0,0,GREEN,102
test3_26,363.0,pyridaphenthion-1,1,0,0,GREEN,103
test3_39,369.0,fenpyrazamine-1,1,0,0,GREEN,104
test3_18,343.0,triadimefon-1,1,0,0,GREEN,105
test3_13,291.0,fenpropimorph-1,1,0,0,GREEN,106
test3_24,349.0,bromuconazole-1,2,0,1,RED,107
test3_28,591.0,fenoxaprop-P-ethyl-1,1,0,0,GREEN,108
test3_22,17.0,oxamyl-1,7,0,6,RED,109
test3_8,169.0,cyantraniliprole-1,1,0,0,GREEN,110
test3_35,40.0,imidacloprid-2,1,0,0,GREEN,111
test3_8,537.0,pencycuron-1,1,0,0,GREEN,112
test3_49,439.0,quinalphos-1,1,0,0,GREEN,113
test3_40,39.0,imidacloprid-1,1,0,0,GREEN,114
test3_38,477.0,prochloraz metabolite BTS44596-1,1,0,0,GREEN,115
test3_34,465.0,tebuconazole-1,2,1,0,GREEN,116
test3_40,340.0,ethoxysulfuron-2,1,0,0,GREEN,117
test3_50,422.0,fenoxanil-2,1,0,0,GREEN,118
test3_21,152.0,fenamiphos sulfoxide-2,1,0,0,GREEN,119
test3_9,229.0,iodosulfuron-methyl-sodium-1,1,0,0,GREEN,120
test3_6,699.0,bifenthrin-1,4,0,3,RED,121
test3_51,454.0,fenthion-2,1,0,0,GREEN,122
test3_3,260.0,fenobucarb-2,2,0,2,RED,123
test3_19,628.0,pyriproxyfen-2,1,0,0,GREEN,124
test3_3,179.0,disulfoton sulfoxide-1,2,0,1,RED,125
test3_37,644.0,ethion-2,1,0,0,GREEN,126
test3_23,88.0,phosfolan-2,1,0,0,GREEN,127
test3_27,223.0,metalaxyl-1,1,0,0,GREEN,128
test3_38,85.0,fensulfothion oxon-1,1,0,0,GREEN,129
test3_19,11.0,aldicarb sulfoxide-1,3,0,2,RED,130
test3_6,543.0,dimepiperate-1,5,0,4,RED,131
test3_50,383.0,flufenacet-1,1,0,0,GREEN,132
test3_39,620.0,buprofezin-2,1,0,0,GREEN,133
test3_4,33.0,dicrotophos-1,1,0,0,GREEN,134
test3_6,700.0,bifenthrin-2,4,0,3,RED,135
test3_51,72.0,Chloridazon-2,1,0,0,GREEN,136
test3_14,569.0,trifloxystrobin-1,1,0,0,GREEN,137
test3_40,463.0,tebufenozide-1,2,0,1,RED,138
test3_41,425.0,Fenoxycarb-1,1,0,0,GREEN,139
test3_52,367.0,methoxyfenozide-1,1,0,0,GREEN,140
test3_54,241.0,metazosulfuron-1,1,0,0,GREEN,141
test3_32,550.0,difenoconazole-2,1,0,0,GREEN,142
test3_35,517.0,chlorpyrifos-methyl-1,1,0,0,GREEN,143
test3_13,332.0,malathion-2,1,0,0,GREEN,144
test3_3,194.0,flutriafol-2,2,0,1,RED,145
test3_23,251.0,ametryn-1,1,0,0,GREEN,146
test3_17,240.0,spirotetramat-keto-hydroxy-2,2,1,0,GREEN,147
test3_43,59.0,trichlorfon-1,1,0,0,GREEN,148
test3_41,341.0,procymidone-1,1,0,0,GREEN,149
test3_35,231.0,clethodim sulfone-1,1,0,1,YELLOW,150
test3_54,692.0,tau-fluvalinate-2,2,0,1,RED,151
test3_14,583.0,hexaflumuron-1,1,0,0,GREEN,152
test3_12,229.0,iodosulfuron-methyl-sodium-1,1,0,0,GREEN,153
test3_48,281.0,ethofumesate-1,1,0,0,GREEN,154
test3_47,484.0,pyrametostrobin-2,2,1,0,GREEN,155
test3_43,638.0,piperonyl butoxide-2,1,0,0,GREEN,156
test3_47,237.0,clethodim sulfoxide-1,1,0,1,YELLOW,157
test3_31,359.0,propyrisulfuron-1,1,0,0,GREEN,158
test3_3,168.0,pirimicarb-2,1,0,0,GREEN,159
test3_25,590.0,spinosad D-2,1,0,0,GREEN,160
test3_55,556.0,spinosad A-2,1,0,1,YELLOW,161
test3_47,403.0,spirotetramat-1,1,0,0,GREEN,162
test3_8,544.0,dimepiperate-2,3,0,3,RED,163
test3_49,399.0,diflubenzuron-1,2,0,2,RED,164
test3_46,103.0,phosphamidon-1,1,0,0,GREEN,165
test3_22,353.0,triflusulfuron-methyl-1,1,0,0,GREEN,166
test3_53,119.0,thiophanate-methyl-1,1,0,0,GREEN,167
test3_10,469.0,iprobenfos-1,1,0,0,GREEN,168
test3_21,459.0,fluthiacet-methyl-1,1,0,0,GREEN,169
test3_24,42.0,clothianidin-2,1,0,0,GREEN,170
test3_21,257.0,pyrimethanil-1,1,0,0,GREEN,171
test3_11,513.0,pirimiphos-methyl-1,1,0,0,GREEN,172
test3_32,230.0,iodosulfuron-methyl-sodium-2,1,0,0,GREEN,173
test3_39,594.0,quizalofop-ethyl-2,1,0,0,GREEN,174
test3_13,287.0,saflufenacil-1,3,1,1,RED,175
test3_8,485.0,hexaconazole-1,1,0,0,GREEN,176
test3_41,294.0,Dimethenamid-P-2,1,0,0,GREEN,177
test3_10,45.0,imidaclothiz-1,3,1,2,RED,178
test3_24,27.0,chlordimeform-1,1,0,0,GREEN,179
test3_41,675.0,Proquinazid-1,1,0,0,GREEN,180
test3_51,677.0,pyrethrins I-1,1,0,0,GREEN,181
test3_31,568.0,amisulbrom-2,2,1,0,GREEN,182
test3_9,578.0,pretilachlor-2,1,0,0,GREEN,183
test3_35,464.0,tebufenozide-2,1,0,0,GREEN,184
test3_34,183.0,phorate sulfoxide-1,1,0,0,GREEN,185
test3_41,97.0,phosmet oxon-1,1,0,0,GREEN,186
test3_10,326.0,chlorimuron-ethyl-2,1,0,0,GREEN,187
test3_34,112.0,probenazole-2,1,0,0,GREEN,188
test3_43,12.0,aldicarb sulfoxide-2,2,0,1,RED,189
test3_29,649.0,hexythiazox-1,1,0,0,GREEN,190
test3_49,486.0,hexaconazole-2,1,0,0,GREEN,191
test3_29,91.0,tricyclazole-1,1,0,0,GREEN,192
test3_56,324.0,flutolanil-2,1,0,0,GREEN,193
test3_3,304.0,pyrisoxazole-2,2,0,1,RED,194
test3_9,431.0,fenamiphos-1,1,0,0,GREEN,195
test3_51,628.0,pyriproxyfen-2,1,0,0,GREEN,196
test3_22,234.0,fensulfothion sulfone-2,1,0,0,GREEN,197
test3_7,394.0,iprodione-2,2,0,2,RED,198
test3_56,240.0,spirotetramat-keto-hydroxy-2,1,0,0,GREEN,199
test3_20,379.0,acetochlor-1,1,0,0,GREEN,200
test3_32,20.0,oxydemeton-methyl-2,3,0,3,RED,201
test3_42,186.0,isoprocarb-2,1,0,0,GREEN,202
test3_20,154.0,sulfentrazone-2,2,1,0,GREEN,203
test3_49,66.0,sulfoxaflor-2,1,0,0,GREEN,204
test3_53,202.0,mesosulfuron-methyl-2,1,0,0,GREEN,205
test3_25,238.0,clethodim sulfoxide-2,1,0,0,GREEN,206
test3_27,398.0,propisochlor-2,1,0,0,GREEN,207
test3_21,594.0,quizalofop-ethyl-2,1,0,0,GREEN,208
test3_37,543.0,dimepiperate-1,1,0,0,GREEN,209
test3_51,253.0,chlorantraniliprole-1,1,0,0,GREEN,210
test3_39,180.0,disulfoton sulfoxide-2,1,0,0,GREEN,211
test3_16,254.0,chlorantraniliprole-2,1,0,0,GREEN,212
test3_25,112.0,probenazole-2,1,0,0,GREEN,213
test3_33,446.0,penconazole-2,1,0,0,GREEN,214
test3_8,53.0,diethyl aminoethyl hexanoate-1,1,0,0,GREEN,215
test3_54,152.0,fenamiphos sulfoxide-2,1,0,0,GREEN,216
test3_4,509.0,pyrimorph-1,1,0,0,GREEN,217
test3_37,58.0,acetamiprid-2,1,0,0,GREEN,218
test3_32,81.0,pirimicarb-desmethyl-1,1,0,0,GREEN,219
test3_56,664.0,flumetralin-2,1,0,0,GREEN,220
test3_37,441.0,chlorbenzuron-1,1,0,0,GREEN,221
test3_4,396.0,metolachlor-2,1,0,0,GREEN,222
test3_3,222.0,heptenophos-2,1,0,0,GREEN,223
test3_27,12.0,aldicarb sulfoxide-2,4,0,3,RED,224
test3_25,128.0,metsulfuron-methyl-2,1,0,0,GREEN,225
test3_56,539.0,cyflufenamid-1,1,0,0,GREEN,226
test3_49,668.0,flufenoxuron-2,1,0,0,GREEN,227
test3_43,229.0,iodosulfuron-methyl-sodium-1,1,0,0,GREEN,228
test3_40,438.0,phoxim-2,1,0,0,GREEN,229
test3_49,79.0,mevinphos-1,1,0,0,GREEN,230
test3_30,96.0,formothion-2,3,2,0,GREEN,231
test3_13,442.0,chlorbenzuron-2,2,1,1,YELLOW,232
test3_45,518.0,chlorpyrifos-methyl-2,2,0,1,RED,233
test3_21,466.0,tebuconazole-2,1,0,0,GREEN,234
test3_38,191.0,phorate sulfone-1,2,1,0,GREEN,235
test3_41,417.0,fenothiocarb-1,1,0,0,GREEN,236
test3_46,4.0,propamocarb-2,1,0,0,GREEN,237
test3_42,552.0,cadusafos-2,1,0,0,GREEN,238
test3_44,112.0,probenazole-2,1,0,0,GREEN,239
test3_28,595.0,terbufos-1,1,0,0,GREEN,240
test3_12,287.0,saflufenacil-1,1,0,0,GREEN,241
test3_19,257.0,pyrimethanil-1,1,0,0,GREEN,242
test3_52,665.0,propargite-1,1,0,0,GREEN,243
test3_54,240.0,spirotetramat-keto-hydroxy-2,1,0,0,GREEN,244
test3_48,417.0,fenothiocarb-1,1,0,0,GREEN,245
test3_54,293.0,Dimethenamid-P-1,1,0,1,YELLOW,246
test3_40,694.0,methoprene-2,2,0,1,RED,247
test3_20,460.0,fluthiacet-methyl-2,1,0,0,GREEN,248
test3_18,600.0,spinetoram J-2,1,0,0,GREEN,249
test3_3,563.0,ipconazole-1,2,1,0,GREEN,250
test3_39,306.0,boscalid-2,1,0,0,GREEN,251
test3_39,126.0,bendiocarb-2,1,0,0,GREEN,252
test3_12,146.0,ethirimol-2,1,0,0,GREEN,253
test3_36,73.0,demeton-S-sulfone-1,1,0,0,GREEN,254
test3_11,263.0,linuron-1,1,0,0,GREEN,255
test3_52,112.0,probenazole-2,1,0,0,GREEN,256
test3_30,225.0,orthosulfamuron-1,1,0,0,GREEN,257
test3_5,196.0,atrazine-2,1,0,0,GREEN,258
test3_25,365.0,fenhexamid-1,1,0,0,GREEN,259
test3_11,9.0,oxamyl oxime-1,1,0,0,GREEN,260
test3_49,659.0,lufenuron-1,1,0,0,GREEN,261
test3_42,362.0,triazophos-2,1,0,0,GREEN,262
test3_20,60.0,trichlorfon-2,1,0,1,YELLOW,263
test3_40,261.0,promecarb-1,2,0,1,RED,264
test3_46,562.0,cycloxydim-2,1,0,0,GREEN,265
test3_16,391.0,cyclosulfamuron-1,1,0,0,GREEN,266
test3_24,419.0,cyprodinil-1,1,0,0,GREEN,267
test3_31,493.0,edifenphos-1,1,0,0,GREEN,268
test3_6,366.0,fenhexamid-2,4,0,3,RED,269
test3_45,485.0,hexaconazole-1,1,0,0,GREEN,270
test3_28,385.0,tetraconazole-1,1,0,0,GREEN,271
test3_42,255.0,phosmet-1,1,0,0,GREEN,272
test3_6,567.0,amisulbrom-1,4,1,2,RED,273
test3_44,630.0,Picolinafen-2,1,0,0,GREEN,274
test3_7,451.0,phenthoate-1,2,0,1,RED,275
test3_53,34.0,dicrotophos-2,1,0,0,GREEN,276
test3_47,326.0,chlorimuron-ethyl-2,1,0,0,GREEN,277
test3_55,297.0,flurtamone-1,1,0,0,GREEN,278
test3_39,40.0,imidacloprid-2,1,0,0,GREEN,279
test3_18,555.0,spinosad A-1,1,0,0,GREEN,280
test3_51,197.0,imazalil-1,1,0,0,GREEN,281
test3_44,388.0,napropamide-2,1,0,0,GREEN,282
test3_46,321.0,fluopicolide-1,1,0,0,GREEN,283
test3_15,577.0,pretilachlor-1,1,0,0,GREEN,284
test3_29,616.0,metamifop-2,1,0,0,GREEN,285
test3_39,530.0,pyraclostrobin-2,1,0,0,GREEN,286
test3_5,42.0,clothianidin-2,1,0,0,GREEN,287
test3_46,183.0,phorate sulfoxide-1,1,0,0,GREEN,288
test3_50,179.0,disulfoton sulfoxide-1,1,0,0,GREEN,289
test3_37,105.0,triflumizole metabolite FM-6-1-1,1,0,0,GREEN,290
test3_56,92.0,tricyclazole-2,1,0,0,GREEN,291
test3_45,391.0,cyclosulfamuron-1,1,0,0,GREEN,292
test3_37,108.0,cinosulfuron-2,1,0,0,GREEN,293
test3_45,482.0,penthiopyrad-2,1,0,0,GREEN,294
test3_34,403.0,spirotetramat-1,1,0,0,GREEN,295
test3_53,333.0,myclobutanil-1,1,0,0,GREEN,296
test3_30,224.0,metalaxyl-2,1,0,0,GREEN,297
test3_16,256.0,phosmet-2,3,0,2,RED,298
test3_20,330.0,mepronil-2,1,0,0,GREEN,299
test3_7,339.0,ethoxysulfuron-1,1,0,0,GREEN,300
test3_50,430.0,flusilazole-2,1,0,0,GREEN,301
test3_16,308.0,propyzamide-2,1,0,0,GREEN,302
test3_22,16.0,nitenpyram-2,1,0,0,GREEN,303
test3_22,175.0,chlortoluron-1,1,0,0,GREEN,304
test3_5,166.0,fenthion sulfone-2,3,0,2,RED,305
test3_9,55.0,carbendazim-1,3,0,3,RED,306
test3_14,414.0,thifluzamide-2,1,0,0,GREEN,307
test3_7,198.0,imazalil-2,2,1,0,GREEN,308
test3_20,10.0,oxamyl oxime-2,2,0,1,RED,309
test3_26,263.0,linuron-1,1,0,0,GREEN,310
test3_24,155.0,tebuthiuron-1,1,0,0,GREEN,311
test3_52,319.0,fluxapyroxad-1,1,0,0,GREEN,312
test3_52,333.0,myclobutanil-1,1,0,0,GREEN,313
test3_19,182.0,demeton-S-methyl-2,1,0,0,GREEN,314
test3_15,42.0,clothianidin-2,1,0,0,GREEN,315
test3_36,49.0,vamidothion-1,1,0,0,GREEN,316
test3_23,56.0,carbendazim-2,3,0,3,RED,317
test3_11,366.0,fenhexamid-2,3,0,3,RED,318
test3_29,519.0,phosalone-1,1,0,0,GREEN,319
test3_12,46.0,imidaclothiz-2,3,0,2,RED,320
test3_7,418.0,fenothiocarb-2,3,1,1,RED,321
test3_33,41.0,clothianidin-1,1,0,0,GREEN,322
test3_18,80.0,mevinphos-2,1,0,1,YELLOW,323
test3_47,614.0,imibenconazole-2,1,0,0,GREEN,324
test3_41,605.0,novaluron-1,1,0,1,YELLOW,325
test3_17,176.0,chlortoluron-2,1,0,0,GREEN,326
test3_38,118.0,triasulfuron-2,1,0,0,GREEN,327
test3_27,614.0,imibenconazole-2,1,0,0,GREEN,328
test3_52,207.0,metazachlor-1,1,0,0,GREEN,329
test3_32,217.0,fensulfothion-1,1,0,0,GREEN,330
test3_29,68.0,demeton-S-sulfoxide-2,1,0,0,GREEN,331
test3_7,230.0,iodosulfuron-methyl-sodium-2,2,0,2,RED,332
test3_32,455.0,etrimfos-1,1,0,0,GREEN,333
test3_46,129.0,propoxur-1,1,0,0,GREEN,334
test3_48,55.0,carbendazim-1,2,0,1,RED,335
test3_3,473.0,sulfotep-1,1,0,0,GREEN,336
test3_4,352.0,pyrazosulfuron-ethyl-2,1,0,0,GREEN,337
test3_40,182.0,demeton-S-methyl-2,1,0,0,GREEN,338
test3_26,66.0,sulfoxaflor-2,2,0,2,RED,339
test3_39,83.0,florasulam-1,1,0,0,GREEN,340
test3_3,679.0,chlorfluazuron-1,1,0,0,GREEN,341
test3_49,564.0,ipconazole-2,2,0,1,RED,342
test3_35,18.0,oxamyl-2,2,0,1,RED,343
test3_25,5.0,methomyl-1,3,2,0,GREEN,344
test3_29,61.0,dimethoate-1,1,0,0,GREEN,345
test3_47,431.0,fenamiphos-1,1,0,0,GREEN,346
test3_5,521.0,prochloraz-1,2,0,1,RED,347
test3_56,172.0,penoxsulam-2,1,0,0,GREEN,348
test3_7,542.0,pyraoxystrobin-2,1,0,0,GREEN,349
test3_21,388.0,napropamide-2,1,0,0,GREEN,350
test3_24,464.0,tebufenozide-2,2,0,1,RED,351
test3_23,254.0,chlorantraniliprole-2,1,0,0,GREEN,352
test3_16,199.0,tritosulfuron-1,4,0,4,RED,353
test3_26,234.0,fensulfothion sulfone-2,1,0,0,GREEN,354
test3_19,448.0,silthiofam-2,1,0,0,GREEN,355
test3_54,449.0,Diclobutrazol-1,2,0,1,RED,356
test3_13,578.0,pretilachlor-2,1,0,0,GREEN,357
test3_31,575.0,butachlor-1,1,0,0,GREEN,358
test3_7,670.0,etoxazole-2,1,0,0,GREEN,359
test3_20,434.0,rotenone-2,1,0,0,GREEN,360
test3_46,60.0,trichlorfon-2,1,0,0,GREEN,361
test3_53,274.0,bensulfuron-methyl-2,1,0,0,GREEN,362
test3_38,119.0,thiophanate-methyl-1,1,0,0,GREEN,363
test3_45,242.0,metazosulfuron-2,1,0,0,GREEN,364
test3_20,652.0,tralkoxydim-2,3,0,3,RED,365
test3_9,19.0,oxydemeton-methyl-1,1,0,0,GREEN,366
test3_15,235.0,methidathion-1,2,0,2,RED,367
test3_6,674.0,spiromesifen-2,1,0,1,RED,368
test3_32,314.0,molinate-2,1,0,0,GREEN,369
test3_35,196.0,atrazine-2,1,0,0,GREEN,370
test3_32,689.0,bioresmethrin-1,1,0,0,GREEN,371
test3_22,184.0,phorate sulfoxide-2,1,0,0,GREEN,372
test3_50,367.0,methoxyfenozide-1,1,0,0,GREEN,373
test3_42,264.0,linuron-2,1,0,0,GREEN,374
test3_54,550.0,difenoconazole-2,1,0,0,GREEN,375
test3_11,392.0,cyclosulfamuron-2,1,0,0,GREEN,376
test3_26,169.0,cyantraniliprole-1,1,0,0,GREEN,377
test3_13,694.0,methoprene-2,3,0,2,RED,378
test3_56,399.0,diflubenzuron-1,2,0,1,RED,379
test3_48,483.0,pyrametostrobin-1,1,0,0,GREEN,380
test3_20,234.0,fensulfothion sulfone-2,1,0,0,GREEN,381
test3_12,142.0,pirimicarb-desmethyl-formamido-2,1,0,1,YELLOW,382
test3_31,192.0,phorate sulfone-2,1,0,0,GREEN,383
test3_18,97.0,phosmet oxon-1,1,0,0,GREEN,384
test3_39,381.0,alachlor-1,1,0,0,GREEN,385
test3_54,348.0,triadimenol-2,1,0,0,GREEN,386
test3_33,289.0,fenamidone-1,1,0,0,GREEN,387
test3_35,221.0,heptenophos-1,1,0,0,GREEN,388
test3_49,420.0,cyprodinil-2,2,0,2,RED,389
test3_16,509.0,pyrimorph-1,1,0,0,GREEN,390
test3_17,555.0,spinosad A-1,1,0,0,GREEN,391
test3_46,628.0,pyriproxyfen-2,1,0,0,GREEN,392
test3_43,403.0,spirotetramat-1,1,0,0,GREEN,393
test3_47,357.0,isazofos-1,1,0,0,GREEN,394
test3_46,520.0,phosalone-2,1,0,0,GREEN,395
test3_9,234.0,fensulfothion sulfone-2,1,0,0,GREEN,396
test3_39,90.0,fensulfothion oxon sulfone-2,1,0,0,GREEN,397
test3_37,120.0,thiophanate-methyl-2,1,0,0,GREEN,398
test3_44,633.0,lactofen-1,1,0,0,GREEN,399
test3_3,338.0,prometryn-2,1,0,0,GREEN,400
test3_38,167.0,pirimicarb-1,1,0,0,GREEN,401
test3_6,159.0,carboxin-1,1,0,0,GREEN,402
test3_3,516.0,oxadiargyl-2,3,0,2,RED,403
test3_41,552.0,cadusafos-2,1,0,0,GREEN,404
test3_34,48.0,methiocarb sulfoxide-2,1,0,0,GREEN,405
test3_52,269.0,benazolin-ethyl-1,1,0,0,GREEN,406
test3_12,537.0,pencycuron-1,1,0,0,GREEN,407
test3_24,111.0,probenazole-1,1,0,0,GREEN,408
test3_20,515.0,oxadiargyl-1,1,0,0,GREEN,409
test3_42,214.0,forchlorfenuron-2,1,0,0,GREEN,410
test3_25,271.0,pyriftalid-1,1,0,0,GREEN,411
test3_29,701.0,pyridalyl-1,1,0,0,GREEN,412
test3_39,327.0,isoprothiolane-1,1,0,0,GREEN,413
test3_43,176.0,chlortoluron-2,1,0,0,GREEN,414
test3_20,83.0,florasulam-1,1,0,0,GREEN,415
test3_23,325.0,chlorimuron-ethyl-1,1,0,0,GREEN,416
test3_51,36.0,spirotetramat-enol-2,1,0,0,GREEN,417
test3_25,680.0,chlorfluazuron-2,1,0,0,GREEN,418
test3_21,287.0,saflufenacil-1,1,0,0,GREEN,419
test3_40,503.0,flubendiamide-1,1,0,0,GREEN,420
test3_54,639.0,triallate-1,1,0,0,GREEN,421
test3_15,631.0,tolfenpyrad-1,1,0,0,GREEN,422
test3_26,274.0,bensulfuron-methyl-2,1,0,0,GREEN,423
test3_26,467.0,Penflufen-1,1,0,0,GREEN,424
test3_15,465.0,tebuconazole-1,2,1,0,GREEN,425
test3_14,334.0,myclobutanil-2,1,0,1,YELLOW,426
test3_36,501.0,tolclofos-methyl-1,1,0,0,GREEN,427
test3_23,205.0,diuron-1,1,0,0,GREEN,428
test3_12,639.0,triallate-1,4,2,1,RED,429
test3_52,129.0,propoxur-1,1,0,0,GREEN,430
test3_15,172.0,penoxsulam-2,1,0,0,GREEN,431
test3_35,327.0,isoprothiolane-1,1,0,0,GREEN,432
test3_47,345.0,sedaxane-1,2,0,1,RED,433
test3_21,225.0,orthosulfamuron-1,1,0,0,GREEN,434
test3_35,111.0,probenazole-1,1,0,0,GREEN,435
test3_12,235.0,methidathion-1,4,0,4,RED,436
test3_20,3.0,propamocarb-1,1,0,0,GREEN,437
test3_7,544.0,dimepiperate-2,2,0,2,RED,438
test3_30,204.0,isoproturon-2,1,0,0,GREEN,439
test3_25,142.0,pirimicarb-desmethyl-formamido-2,1,0,0,GREEN,440
test3_48,117.0,triasulfuron-1,1,0,0,GREEN,441
test3_43,584.0,hexaflumuron-2,1,0,0,GREEN,442
test3_33,652.0,tralkoxydim-2,1,0,1,YELLOW,443
test3_49,232.0,clethodim sulfone-2,1,0,0,GREEN,444
test3_36,179.0,disulfoton sulfoxide-1,1,0,0,GREEN,445
test3_55,554.0,isopyrazam-2,1,0,0,GREEN,446
test3_7,194.0,flutriafol-2,4,0,4,RED,447
test3_31,456.0,etrimfos-2,1,0,0,GREEN,448
test3_22,155.0,tebuthiuron-1,1,0,0,GREEN,449
test3_18,435.0,dimoxystrobin-1,1,0,0,GREEN,450
test3_18,459.0,fluthiacet-methyl-1,1,0,0,GREEN,451
test3_7,678.0,pyrethrins I-2,1,0,1,YELLOW,452
test3_27,33.0,dicrotophos-1,1,0,0,GREEN,453
test3_33,301.0,halosulfuron-methyl-1,1,0,0,GREEN,454
test3_48,5.0,methomyl-1,1,0,0,GREEN,455
test3_52,526.0,bitertanol-2,2,0,1,RED,456
test3_52,369.0,fenpyrazamine-1,1,0,0,GREEN,457
test3_13,235.0,methidathion-1,2,0,1,RED,458
test3_50,672.0,fenpropathrin-2,1,0,0,GREEN,459
test3_29,34.0,dicrotophos-2,1,0,0,GREEN,460
test3_33,146.0,ethirimol-2,1,0,0,GREEN,461
test3_28,159.0,carboxin-1,1,0,0,GREEN,462
test3_46,395.0,metolachlor-1,1,0,0,GREEN,463
test3_23,589.0,spinosad D-1,1,0,0,GREEN,464
test3_9,172.0,penoxsulam-2,1,0,0,GREEN,465
test3_8,309.0,azoxystrobin-1,1,0,0,GREEN,466
test3_39,481.0,penthiopyrad-1,1,0,0,GREEN,467
test3_38,516.0,oxadiargyl-2,1,0,0,GREEN,468
test3_33,16.0,nitenpyram-2,1,0,0,GREEN,469
test3_12,430.0,flusilazole-2,1,0,0,GREEN,470
test3_13,421.0,fenoxanil-1,3,0,2,RED,471
test3_15,609.0,cyflumetofen-1,1,0,0,GREEN,472
test3_52,95.0,formothion-1,1,0,0,GREEN,473
test3_52,138.0,simazine-2,1,0,0,GREEN,474
test3_34,470.0,iprobenfos-2,1,0,0,GREEN,475
test3_28,547.0,ametoctradin-1,1,0,0,GREEN,476
test3_46,666.0,propargite-2,1,0,0,GREEN,477
test3_42,483.0,pyrametostrobin-1,1,0,0,GREEN,478
test3_50,343.0,triadimefon-1,1,0,0,GREEN,479
test3_39,500.0,pyraflufen-ethyl-2,1,0,0,GREEN,480
test3_31,345.0,sedaxane-1,2,0,1,RED,481
test3_9,23.0,flonicamid-1,1,0,1,YELLOW,482
test3_30,496.0,phorate-2,2,1,0,GREEN,483
test3_44,1.0,methamidophos-1,2,0,1,RED,484
test3_49,514.0,pirimiphos-methyl-2,1,0,0,GREEN,485
test3_39,302.0,halosulfuron-methyl-2,1,0,0,GREEN,486
test3_36,315.0,paclobutrazol-1,2,0,1,RED,487
test3_43,605.0,novaluron-1,1,0,0,GREEN,488
test3_27,466.0,tebuconazole-2,1,0,0,GREEN,489
test3_6,220.0,isoxaflutole-2,1,0,1,RED,490
test3_29,219.0,isoxaflutole-1,1,0,0,GREEN,491
test3_20,228.0,fenpropidin-2,1,0,0,GREEN,492
test3_34,89.0,fensulfothion oxon sulfone-1,1,0,0,GREEN,493
test3_50,107.0,cinosulfuron-1,1,0,0,GREEN,494
test3_18,93.0,thiabendazole-1,1,0,0,GREEN,495
test3_4,488.0,prochloraz metabolite BTS44595-2,2,1,1,YELLOW,496
test3_7,211.0,isocarbophos-1,1,0,1,YELLOW,497
test3_22,589.0,spinosad D-1,1,0,0,GREEN,498
test3_54,208.0,metazachlor-2,1,0,0,GREEN,499
test3_10,252.0,ametryn-2,1,0,0,GREEN,500
test3_55,144.0,chlorsulfuron-2,1,0,0,GREEN,501
test3_45,128.0,metsulfuron-methyl-2,1,0,0,GREEN,502
test3_9,329.0,mepronil-1,1,0,0,GREEN,503
test3_17,67.0,demeton-S-sulfoxide-1,1,0,0,GREEN,504
test3_48,336.0,mandipropamid-2,1,0,0,GREEN,505
test3_11,274.0,bensulfuron-methyl-2,1,0,0,GREEN,506
test3_46,659.0,lufenuron-1,1,0,0,GREEN,507
test3_26,255.0,phosmet-1,1,0,0,GREEN,508
test3_55,451.0,phenthoate-1,3,0,2,RED,509
test3_5,689.0,bioresmethrin-1,4,0,3,RED,510
test3_25,52.0,3-hydroxy carbofuran-2,1,0,0,GREEN,511
test3_11,233.0,fensulfothion sulfone-1,1,0,1,YELLOW,512
test3_53,387.0,napropamide-1,1,0,0,GREEN,513
test3_5,20.0,oxydemeton-methyl-2,2,0,2,RED,514
test3_43,66.0,sulfoxaflor-2,3,1,1,RED,515
test3_27,647.0,metaflumizone-1,1,0,0,GREEN,516
test3_16,483.0,pyrametostrobin-1,1,0,0,GREEN,517
test3_37,76.0,thiacloprid-2,1,0,0,GREEN,518
test3_48,624.0,oxadiazon-2,1,0,0,GREEN,519
test3_4,167.0,pirimicarb-1,1,0,0,GREEN,520
test3_44,178.0,simetryn-2,1,0,0,GREEN,521
test3_13,273.0,bensulfuron-methyl-1,1,0,0,GREEN,522
test3_40,461.0,fonofos-1,1,0,0,GREEN,523
test3_3,693.0,methoprene-1,2,0,1,RED,524
test3_29,301.0,halosulfuron-methyl-1,1,0,0,GREEN,525
test3_13,137.0,simazine-1,1,0,0,GREEN,526
test3_22,627.0,pyriproxyfen-1,1,0,0,GREEN,527
test3_16,437.0,phoxim-1,1,0,0,GREEN,528
test3_46,81.0,pirimicarb-desmethyl-1,1,0,0,GREEN,529
test3_12,611.0,enestroburin-1,1,0,0,GREEN,530
test3_23,459.0,fluthiacet-methyl-1,1,0,0,GREEN,531
test3_55,550.0,difenoconazole-2,1,0,0,GREEN,532
test3_36,25.0,thiamethoxam-1,1,0,0,GREEN,533
test3_43,374.0,triticonazole-2,1,0,0,GREEN,534
test3_51,58.0,acetamiprid-2,1,0,0,GREEN,535
test3_46,425.0,Fenoxycarb-1,1,0,0,GREEN,536
test3_45,206.0,diuron-2,1,0,0,GREEN,537
test3_22,683.0,spirodiclofen-1,4,1,2,RED,538
test3_31,90.0,fensulfothion oxon sulfone-2,1,0,0,GREEN,539
test3_19,7.0,omethoate-1,1,0,0,GREEN,540
test3_28,138.0,simazine-2,1,0,0,GREEN,541
test3_50,331.0,malathion-1,1,0,0,GREEN,542
test3_23,1.0,methamidophos-1,2,0,1,RED,543
test3_38,466.0,tebuconazole-2,1,0,0,GREEN,544
test3_36,551.0,cadusafos-1,1,0,0,GREEN,545
test3_23,305.0,boscalid-1,1,0,0,GREEN,546
test3_7,71.0,Chloridazon-1,5,1,3,RED,547
test3_4,679.0,chlorfluazuron-1,1,0,0,GREEN,548
test3_21,296.0,terbuthylazine-2,1,0,0,GREEN,549
test3_4,510.0,pyrimorph-2,1,0,0,GREEN,550
test3_38,546.0,EPN-2,2,1,0,GREEN,551
test3_12,494.0,edifenphos-2,1,0,0,GREEN,552
test3_20,20.0,oxydemeton-methyl-2,2,0,2,RED,553
test3_17,549.0,difenoconazole-1,1,0,0,GREEN,554
test3_33,451.0,phenthoate-1,2,0,1,RED,555
test3_34,98.0,phosmet oxon-2,1,0,0,GREEN,556
test3_20,174.0,fosthiazate-2,1,0,0,GREEN,557
test3_50,321.0,fluopicolide-1,1,0,0,GREEN,558
test3_6,59.0,trichlorfon-1,3,0,2,RED,559
test3_35,52.0,3-hydroxy carbofuran-2,1,0,0,GREEN,560
test3_38,160.0,carboxin-2,1,0,0,GREEN,561
test3_53,45.0,imidaclothiz-1,1,0,0,GREEN,562
test3_18,172.0,penoxsulam-2,1,0,0,GREEN,563
test3_47,555.0,spinosad A-1,1,0,0,GREEN,564
test3_18,700.0,bifenthrin-2,3,0,2,RED,565
test3_10,343.0,triadimefon-1,1,0,0,GREEN,566
test3_10,454.0,fenthion-2,1,0,1,YELLOW,567
test3_15,84.0,florasulam-2,1,0,0,GREEN,568
test3_47,625.0,propaquizafop-1,1,0,0,GREEN,569
test3_14,115.0,dichlorvos-1,2,0,2,RED,570
test3_23,485.0,hexaconazole-1,1,0,0,GREEN,571
test3_47,30.0,monocrotophos-2,1,0,0,GREEN,572
test3_8,261.0,promecarb-1,2,0,2,RED,573
test3_26,195.0,atrazine-1,1,0,0,GREEN,574
test3_34,83.0,florasulam-1,1,0,0,GREEN,575
test3_34,250.0,phenmedipham-2,1,0,0,GREEN,576
test3_54,90.0,fensulfothion oxon sulfone-2,1,0,0,GREEN,577
test3_20,464.0,tebufenozide-2,2,0,1,RED,578
test3_9,2.0,methamidophos-2,4,0,4,RED,579
test3_12,356.0,mefenacet-2,1,0,1,YELLOW,580
test3_12,80.0,mevinphos-2,1,0,1,YELLOW,581
test3_33,36.0,spirotetramat-enol-2,1,0,0,GREEN,582
test3_39,177.0,simetryn-1,1,0,0,GREEN,583
test3_15,436.0,dimoxystrobin-2,1,0,0,GREEN,584
test3_30,165.0,fenthion sulfone-1,1,0,0,GREEN,585
test3_16,604.0,oxyfluorfen-2,1,0,0,GREEN,586
test3_23,592.0,fenoxaprop-P-ethyl-2,1,0,0,GREEN,587
test3_52,103.0,phosphamidon-1,1,0,0,GREEN,588
test3_17,676.0,Proquinazid-2,1,0,0,GREEN,589
test3_19,661.0,butralin-1,1,0,0,GREEN,590
test3_39,693.0,methoprene-1,1,0,0,GREEN,591
test3_45,153.0,sulfentrazone-1,1,0,0,GREEN,592
test3_8,539.0,cyflufenamid-1,1,0,0,GREEN,593
test3_39,526.0,bitertanol-2,2,0,1,RED,594
test3_23,513.0,pirimiphos-methyl-1,1,0,0,GREEN,595
test3_3,584.0,hexaflumuron-2,3,1,1,RED,596
test3_49,419.0,cyprodinil-1,1,0,0,GREEN,597
test3_20,332.0,malathion-2,4,0,3,RED,598
test3_36,291.0,fenpropimorph-1,1,0,0,GREEN,599
test3_23,666.0,propargite-2,2,0,1,RED,600
test3_18,306.0,boscalid-2,1,0,0,GREEN,601
test3_10,371.0,fluopyram-1,1,0,0,GREEN,602
test3_37,210.0,propachlor-2,1,0,0,GREEN,603
test3_39,132.0,spirotetramat-mono-hydroxy-2,1,0,0,GREEN,604
test3_4,294.0,Dimethenamid-P-2,2,1,1,YELLOW,605
test3_43,182.0,demeton-S-methyl-2,1,0,0,GREEN,606
test3_52,63.0,metamitron-1,1,0,0,GREEN,607
test3_3,424.0,bupirimate-2,1,0,0,GREEN,608
test3_43,180.0,disulfoton sulfoxide-2,1,0,0,GREEN,609
test3_19,618.0,fluazifop-2,1,0,0,GREEN,610
test3_6,469.0,iprobenfos-1,2,0,1,RED,611
test3_10,700.0,bifenthrin-2,4,0,4,RED,612
test3_11,566.0,triflumizole-2,2,0,1,RED,613
test3_51,462.0,fonofos-2,1,0,0,GREEN,614
test3_21,172.0,penoxsulam-2,1,0,0,GREEN,615
test3_20,463.0,tebufenozide-1,2,0,2,RED,616
test3_44,670.0,etoxazole-2,1,0,0,GREEN,617
test3_52,161.0,fenamiphos sulfone-1,1,0,0,GREEN,618
test3_31,67.0,demeton-S-sulfoxide-1,1,0,0,GREEN,619
test3_38,407.0,chromafenozide-1,1,0,0,GREEN,620
test3_56,523.0,triflumuron-1,1,0,0,GREEN,621
test3_23,580.0,profenofos-2,2,0,1,RED,622
test3_48,601.0,teflubenzuron-1,1,0,1,RED,623
test3_45,554.0,isopyrazam-2,1,0,0,GREEN,624
test3_55,191.0,phorate sulfone-1,1,0,0,GREEN,625
test3_18,333.0,myclobutanil-1,1,0,0,GREEN,626
test3_37,524.0,triflumuron-2,1,0,0,GREEN,627
test3_26,449.0,Diclobutrazol-1,2,0,1,RED,628
test3_48,410.0,cyproconazole-2,2,0,1,RED,629
test3_46,667.0,flufenoxuron-1,1,0,0,GREEN,630
test3_44,550.0,difenoconazole-2,1,0,0,GREEN,631
test3_16,632.0,tolfenpyrad-2,1,0,0,GREEN,632
test3_14,23.0,flonicamid-1,1,0,0,GREEN,633
test3_33,384.0,flufenacet-2,1,0,0,GREEN,634
test3_19,242.0,metazosulfuron-2,1,0,0,GREEN,635
test3_3,637.0,piperonyl butoxide-1,3,0,3,RED,636
test3_11,62.0,dimethoate-2,1,0,0,GREEN,637
test3_46,596.0,terbufos-2,2,1,0,GREEN,638
test3_26,92.0,tricyclazole-2,1,0,0,GREEN,639
test3_9,651.0,tralkoxydim-1,1,0,1,RED,640
test3_5,540.0,cyflufenamid-2,1,0,0,GREEN,641
test3_56,98.0,phosmet oxon-2,2,0,1,RED,642
test3_8,144.0,chlorsulfuron-2,1,0,0,GREEN,643
test3_56,331.0,malathion-1,1,0,0,GREEN,644
test3_47,284.0,terbufos sulfoxide-2,1,0,0,GREEN,645
test3_30,692.0,tau-fluvalinate-2,2,0,1,RED,646
test3_41,228.0,fenpropidin-2,1,0,0,GREEN,647
test3_22,354.0,triflusulfuron-methyl-2,1,0,0,GREEN,648
test3_15,1.0,methamidophos-1,2,0,1,RED,649
test3_33,269.0,benazolin-ethyl-1,1,0,0,GREEN,650
test3_54,702.0,pyridalyl-2,1,0,0,GREEN,651
test3_8,402.0,cyazofamid-2,2,0,2,RED,652
test3_16,224.0,metalaxyl-2,1,0,0,GREEN,653
test3_11,150.0,amidosulfuron-2,1,0,0,GREEN,654
test3_53,8.0,omethoate-2,1,0,0,GREEN,655
test3_54,281.0,ethofumesate-1,1,0,0,GREEN,656
test3_43,525.0,bitertanol-1,2,0,2,RED,657
test3_33,547.0,ametoctradin-1,1,0,0,GREEN,658
test3_25,328.0,isoprothiolane-2,1,0,0,GREEN,659
test3_27,650.0,hexythiazox-2,1,0,0,GREEN,660
test3_45,586.0,pyrethrins II-2,1,0,0,GREEN,661
test3_28,193.0,flutriafol-1,1,0,0,GREEN,662
test3_41,500.0,pyraflufen-ethyl-2,1,0,0,GREEN,663
test3_15,620.0,buprofezin-2,1,0,0,GREEN,664
test3_41,188.0,disulfoton sulfone-2,1,0,0,GREEN,665
test3_14,67.0,demeton-S-sulfoxide-1,1,0,0,GREEN,666
test3_19,599.0,spinetoram J-1,2,0,1,RED,667
test3_52,45.0,imidaclothiz-1,1,0,0,GREEN,668
test3_48,333.0,myclobutanil-1,1,0,0,GREEN,669
test3_15,243.0,flumorph-1,1,0,0,GREEN,670
test3_37,261.0,promecarb-1,2,0,1,RED,671
test3_36,195.0,atrazine-1,1,0,0,GREEN,672
test3_20,340.0,ethoxysulfuron-2,1,0,0,GREEN,673
test3_29,296.0,terbuthylazine-2,1,0,0,GREEN,674
test3_15,142.0,pirimicarb-desmethyl-formamido-2,1,0,1,YELLOW,675
test3_43,444.0,kresoxim-methyl-2,2,1,0,GREEN,676
test3_53,450.0,Diclobutrazol-2,3,0,2,RED,677
test3_55,456.0,etrimfos-2,1,0,0,GREEN,678
test3_49,547.0,ametoctradin-1,1,0,0,GREEN,679
test3_20,86.0,fensulfothion oxon-2,1,0,0,GREEN,680
test3_33,230.0,iodosulfuron-methyl-sodium-2,1,0,0,GREEN,681
test3_41,328.0,isoprothiolane-2,1,0,0,GREEN,682
test3_16,34.0,dicrotophos-2,1,0,0,GREEN,683
test3_17,682.0,fenpyroximate-2,1,0,0,GREEN,684
test3_36,673.0,spiromesifen-1,1,0,0,GREEN,685
test3_54,466.0,tebuconazole-2,1,0,0,GREEN,686
test3_6,516.0,oxadiargyl-2,5,1,3,RED,687
test3_11,34.0,dicrotophos-2,1,0,0,GREEN,688
test3_38,362.0,triazophos-2,1,0,0,GREEN,689
test3_52,436.0,dimoxystrobin-2,1,0,0,GREEN,690
test3_8,119.0,thiophanate-methyl-1,1,0,0,GREEN,691
test3_39,76.0,thiacloprid-2,1,0,0,GREEN,692
test3_52,201.0,mesosulfuron-methyl-1,1,0,0,GREEN,693
test3_21,262.0,promecarb-2,1,0,0,GREEN,694
test3_4,362.0,triazophos-2,1,0,0,GREEN,695
test3_52,498.0,diazinon-2,1,0,0,GREEN,696
test3_43,379.0,acetochlor-1,1,0,0,GREEN,697
test3_28,56.0,carbendazim-2,3,1,1,RED,698
test3_56,700.0,bifenthrin-2,3,2,0,GREEN,699
test3_52,529.0,pyraclostrobin-1,1,0,0,GREEN,700
test3_44,159.0,carboxin-1,1,0,0,GREEN,701
test3_37,24.0,flonicamid-2,1,0,0,GREEN,702
test3_11,361.0,triazophos-1,2,0,1,RED,703
test3_5,176.0,chlortoluron-2,1,0,0,GREEN,704
test3_50,481.0,penthiopyrad-1,1,0,0,GREEN,705
test3_50,18.0,oxamyl-2,1,0,0,GREEN,706
test3_31,497.0,diazinon-1,1,0,0,GREEN,707
test3_53,428.0,parathion-2,1,0,0,GREEN,708
test3_18,567.0,amisulbrom-1,2,0,1,RED,709
test3_11,328.0,isoprothiolane-2,3,0,3,RED,710
test3_55,371.0,fluopyram-1,1,0,0,GREEN,711
test3_24,447.0,silthiofam-1,1,0,0,GREEN,712
test3_43,141.0,pirimicarb-desmethyl-formamido-1,1,0,0,GREEN,713
test3_40,393.0,iprodione-1,1,0,0,GREEN,714
test3_24,421.0,fenoxanil-1,1,0,0,GREEN,715
test3_25,3.0,propamocarb-1,1,0,0,GREEN,716
test3_56,109.0,cyanazine-1,1,0,0,GREEN,717
test3_46,27.0,chlordimeform-1,1,0,1,YELLOW,718
test3_35,571.0,clethodim-1,1,0,0,GREEN,719
test3_4,201.0,mesosulfuron-methyl-1,1,0,0,GREEN,720
test3_43,8.0,omethoate-2,1,0,1,YELLOW,721
test3_29,637.0,piperonyl butoxide-1,1,0,0,GREEN,722
test3_47,407.0,chromafenozide-1,1,0,0,GREEN,723
test3_50,445.0,penconazole-1,1,0,0,GREEN,724
test3_22,378.0,fenarimol-2,1,0,0,GREEN,725
test3_51,549.0,difenoconazole-1,1,0,0,GREEN,726
test3_16,665.0,propargite-1,1,0,0,GREEN,727
test3_32,548.0,ametoctradin-2,1,0,0,GREEN,728
test3_31,164.0,fenthion sulfoxide-2,1,0,0,GREEN,729
test3_36,208.0,metazachlor-2,1,0,0,GREEN,730
test3_51,66.0,sulfoxaflor-2,1,0,0,GREEN,731
test3_27,353.0,triflusulfuron-methyl-1,1,0,0,GREEN,732
test3_41,441.0,chlorbenzuron-1,1,0,0,GREEN,733
test3_27,555.0,spinosad A-1,1,0,0,GREEN,734
test3_20,632.0,tolfenpyrad-2,1,0,0,GREEN,735
test3_53,679.0,chlorfluazuron-1,1,0,0,GREEN,736
test3_40,64.0,metamitron-2,1,0,0,GREEN,737
test3_18,446.0,penconazole-2,1,0,0,GREEN,738
test3_42,394.0,iprodione-2,2,0,1,RED,739
test3_56,274.0,bensulfuron-methyl-2,1,0,0,GREEN,740
test3_14,284.0,terbufos sulfoxide-2,3,0,2,RED,741
test3_22,646.0,pendimethalin-2,3,1,2,RED,742
test3_14,350.0,bromuconazole-2,3,0,2,RED,743
test3_46,263.0,linuron-1,1,0,0,GREEN,744
test3_29,573.0,indoxacarb-1,1,0,0,GREEN,745
test3_39,301.0,halosulfuron-methyl-1,1,0,0,GREEN,746
test3_34,418.0,fenothiocarb-2,1,0,0,GREEN,747
test3_45,372.0,fluopyram-2,1,0,0,GREEN,748
test3_7,275.0,flucetosulfuron-1,1,0,0,GREEN,749
test3_29,457.0,picoxystrobin-1,1,0,0,GREEN,750
test3_52,217.0,fensulfothion-1,1,0,0,GREEN,751
test3_27,162.0,fenamiphos sulfone-2,1,0,0,GREEN,752
test3_48,282.0,ethofumesate-2,1,0,0,GREEN,753
test3_15,612.0,enestroburin-2,1,0,0,GREEN,754
test3_12,413.0,thifluzamide-1,1,0,0,GREEN,755
test3_44,526.0,bitertanol-2,1,0,0,GREEN,756
test3_14,126.0,bendiocarb-2,3,0,2,RED,757
test3_14,283.0,terbufos sulfoxide-1,2,0,1,RED,758
test3_44,572.0,clethodim-2,1,0,0,GREEN,759
test3_37,163.0,fenthion sulfoxide-1,1,0,0,GREEN,760
test3_52,186.0,isoprocarb-2,1,0,0,GREEN,761
test3_55,261.0,promecarb-1,2,0,1,RED,762
test3_45,278.0,terbufos sulfone-2,2,0,1,RED,763
test3_35,275.0,flucetosulfuron-1,1,0,0,GREEN,764
test3_24,469.0,iprobenfos-1,1,0,0,GREEN,765
test3_17,255.0,phosmet-1,1,0,0,GREEN,766
test3_18,134.0,metribuzin-2,2,0,1,RED,767
test3_31,145.0,ethirimol-1,1,0,0,GREEN,768
test3_18,91.0,tricyclazole-1,1,0,0,GREEN,769
test3_31,577.0,pretilachlor-1,1,0,0,GREEN,770
test3_48,428.0,parathion-2,1,0,0,GREEN,771
test3_51,504.0,flubendiamide-2,2,1,0,GREEN,772
test3_3,300.0,ethiprole-2,2,1,0,GREEN,773
test3_44,274.0,bensulfuron-methyl-2,1,0,0,GREEN,774
test3_18,380.0,acetochlor-2,2,1,1,YELLOW,775
test3_25,361.0,triazophos-1,2,0,1,RED,776
test3_54,149.0,amidosulfuron-1,1,0,0,GREEN,777
test3_34,319.0,fluxapyroxad-1,1,0,0,GREEN,778
test3_5,665.0,propargite-1,5,1,3,RED,779
test3_5,249.0,phenmedipham-1,1,0,0,GREEN,780
test3_26,359.0,propyrisulfuron-1,1,0,0,GREEN,781
test3_23,422.0,fenoxanil-2,1,0,1,YELLOW,782
test3_32,376.0,iprovalicarb-2,1,0,0,GREEN,783
test3_6,323.0,flutolanil-1,1,0,0,GREEN,784
test3_23,24.0,flonicamid-2,1,0,0,GREEN,785
test3_29,157.0,carbaryl-1,1,0,0,GREEN,786
test3_55,568.0,amisulbrom-2,1,0,0,GREEN,787
test3_51,357.0,isazofos-1,1,0,0,GREEN,788
test3_54,570.0,trifloxystrobin-2,1,0,0,GREEN,789
test3_24,417.0,fenothiocarb-1,1,0,0,GREEN,790
test3_29,183.0,phorate sulfoxide-1,1,0,0,GREEN,791
test3_44,272.0,pyriftalid-2,1,0,0,GREEN,792
test3_32,175.0,chlortoluron-1,1,0,0,GREEN,793
test3_34,444.0,kresoxim-methyl-2,2,1,0,GREEN,794
test3_9,354.0,triflusulfuron-methyl-2,1,0,1,YELLOW,795
test3_46,398.0,propisochlor-2,1,0,0,GREEN,796
test3_53,228.0,fenpropidin-2,1,0,0,GREEN,797
test3_30,503.0,flubendiamide-1,1,0,0,GREEN,798
test3_41,454.0,fenthion-2,1,0,0,GREEN,799
test3_32,150.0,amidosulfuron-2,1,0,0,GREEN,800
test3_14,472.0,carfentrazone-ethyl-2,1,0,0,GREEN,801
test3_46,611.0,enestroburin-1,1,0,0,GREEN,802
test3_31,352.0,pyrazosulfuron-ethyl-2,1,0,0,GREEN,803
test3_16,221.0,heptenophos-1,1,0,0,GREEN,804
test3_47,302.0,halosulfuron-methyl-2,1,0,0,GREEN,805
test3_4,213.0,forchlorfenuron-1,1,0,0,GREEN,806
test3_21,650.0,hexythiazox-2,1,0,0,GREEN,807
test3_32,357.0,isazofos-1,1,0,0,GREEN,808
test3_35,48.0,methiocarb sulfoxide-2,1,0,0,GREEN,809
test3_4,457.0,picoxystrobin-1,4,0,3,RED,810
test3_15,198.0,imazalil-2,1,0,0,GREEN,811
test3_45,606.0,novaluron-2,1,0,0,GREEN,812
test3_15,455.0,etrimfos-1,2,1,0,GREEN,813
test3_40,400.0,diflubenzuron-2,2,0,1,RED,814
test3_25,109.0,cyanazine-1,1,0,0,GREEN,815
test3_12,464.0,tebufenozide-2,3,1,1,RED,816
test3_33,404.0,spirotetramat-2,1,0,0,GREEN,817
test3_4,141.0,pirimicarb-desmethyl-formamido-1,1,0,0,GREEN,818
test3_29,386.0,tetraconazole-2,1,0,0,GREEN,819
test3_56,632.0,tolfenpyrad-2,1,0,0,GREEN,820
test3_18,420.0,cyprodinil-2,1,0,0,GREEN,821
test3_19,296.0,terbuthylazine-2,1,0,0,GREEN,822
test3_4,544.0,dimepiperate-2,6,0,6,RED,823
test3_23,34.0,dicrotophos-2,1,0,0,GREEN,824
test3_4,297.0,flurtamone-1,1,0,0,GREEN,825
test3_49,247.0,azinphos-methyl-1,1,0,0,GREEN,826
test3_15,452.0,phenthoate-2,2,0,1,RED,827
test3_53,523.0,triflumuron-1,1,0,0,GREEN,828
test3_11,598.0,oxaziclomefone-2,2,0,1,RED,829
test3_48,633.0,lactofen-1,1,0,0,GREEN,830
test3_5,633.0,lactofen-1,1,0,0,GREEN,831
test3_47,438.0,phoxim-2,1,0,0,GREEN,832
test3_55,373.0,triticonazole-1,1,0,0,GREEN,833
test3_19,642.0,spinetoram L-2,1,0,0,GREEN,834
test3_17,282.0,ethofumesate-2,1,0,0,GREEN,835
test3_36,278.0,terbufos sulfone-2,3,1,1,RED,836
test3_22,290.0,fenamidone-2,1,0,0,GREEN,837
test3_7,126.0,bendiocarb-2,1,0,1,YELLOW,838
test3_9,309.0,azoxystrobin-1,1,0,0,GREEN,839
test3_3,264.0,linuron-2,1,0,0,GREEN,840
test3_52,432.0,fenamiphos-2,1,0,0,GREEN,841
test3_7,683.0,spirodiclofen-1,2,0,2,RED,842
test3_34,195.0,atrazine-1,1,0,0,GREEN,843
test3_29,414.0,thifluzamide-2,1,0,0,GREEN,844
test3_25,423.0,bupirimate-1,1,0,0,GREEN,845
test3_33,212.0,isocarbophos-2,1,0,0,GREEN,846
test3_48,450.0,Diclobutrazol-2,3,0,2,RED,847
test3_22,418.0,fenothiocarb-2,1,0,0,GREEN,848
test3_12,211.0,isocarbophos-1,1,0,0,GREEN,849
test3_13,518.0,chlorpyrifos-methyl-2,2,0,1,RED,850
test3_56,314.0,molinate-2,1,0,0,GREEN,851
test3_22,558.0,diflufenican-2,1,0,0,GREEN,852
test3_11,675.0,Proquinazid-1,1,0,0,GREEN,853
test3_42,104.0,phosphamidon-2,1,0,0,GREEN,854
test3_11,292.0,fenpropimorph-2,1,0,0,GREEN,855
test3_27,534.0,metrafenone-2,1,0,0,GREEN,856
test3_33,507.0,benalaxyl-1,1,0,0,GREEN,857
test3_36,238.0,clethodim sulfoxide-2,1,0,1,YELLOW,858
test3_37,680.0,chlorfluazuron-2,1,0,0,GREEN,859
test3_26,56.0,carbendazim-2,3,0,3,RED,860
test3_25,45.0,imidaclothiz-1,1,0,0,GREEN,861
test3_36,341.0,procymidone-1,1,0,0,GREEN,862
test3_26,567.0,amisulbrom-1,1,0,0,GREEN,863
test3_54,528.0,diniconazole-2,1,0,0,GREEN,864
test3_28,123.0,thidiazuron-1,1,0,0,GREEN,865
test3_30,386.0,tetraconazole-2,1,0,0,GREEN,866
test3_43,178.0,simetryn-2,1,0,0,GREEN,867
test3_30,154.0,sulfentrazone-2,1,0,0,GREEN,868
test3_21,670.0,etoxazole-2,1,0,0,GREEN,869
test3_26,329.0,mepronil-1,1,0,0,GREEN,870
test3_21,696.0,etofenprox-2,1,0,0,GREEN,871
test3_28,305.0,boscalid-1,1,0,0,GREEN,872
test3_50,352.0,pyrazosulfuron-ethyl-2,1,0,0,GREEN,873
test3_43,346.0,sedaxane-2,2,0,1,RED,874
test3_42,16.0,nitenpyram-2,1,0,0,GREEN,875
test3_16,615.0,metamifop-1,1,0,0,GREEN,876
test3_48,692.0,tau-fluvalinate-2,1,0,0,GREEN,877
test3_21,394.0,iprodione-2,2,0,1,RED,878
test3_31,502.0,tolclofos-methyl-2,1,0,0,GREEN,879
test3_21,392.0,cyclosulfamuron-2,1,0,0,GREEN,880
test3_49,625.0,propaquizafop-1,1,0,0,GREEN,881
test3_49,271.0,pyriftalid-1,1,0,0,GREEN,882
test3_24,56.0,carbendazim-2,2,0,2,RED,883
test3_33,314.0,molinate-2,1,0,0,GREEN,884
test3_49,512.0,coumaphos-2,1,0,0,GREEN,885
test3_18,118.0,triasulfuron-2,1,0,0,GREEN,886
test3_44,52.0,3-hydroxy carbofuran-2,1,0,0,GREEN,887
test3_41,323.0,flutolanil-1,1,0,0,GREEN,888
test3_43,248.0,azinphos-methyl-2,1,0,0,GREEN,889
test3_33,2.0,methamidophos-2,2,1,1,YELLOW,890
test3_3,45.0,imidaclothiz-1,4,0,4,RED,891
test3_23,104.0,phosphamidon-2,1,0,0,GREEN,892
test3_51,588.0,fenaminstrobin-2,1,0,0,GREEN,893
test3_48,130.0,propoxur-2,1,0,0,GREEN,894
test3_39,266.0,propanil-2,1,0,0,GREEN,895
test3_15,520.0,phosalone-2,1,0,0,GREEN,896
test3_45,298.0,flurtamone-2,1,0,0,GREEN,897
test3_32,397.0,propisochlor-1,2,1,0,GREEN,898
test3_45,522.0,prochloraz-2,1,0,0,GREEN,899
test3_8,52.0,3-hydroxy carbofuran-2,2,0,1,RED,900
test3_21,180.0,disulfoton sulfoxide-2,1,0,0,GREEN,901
test3_34,116.0,dichlorvos-2,1,0,0,GREEN,902
test3_51,119.0,thiophanate-methyl-1,1,0,0,GREEN,903
test3_30,531.0,benzoximate-1,1,0,0,GREEN,904
test3_32,366.0,fenhexamid-2,1,0,1,YELLOW,905
test3_56,604.0,oxyfluorfen-2,1,0,0,GREEN,906
test3_26,666.0,propargite-2,2,0,1,RED,907
test3_54,397.0,propisochlor-1,2,1,0,GREEN,908
test3_28,151.0,fenamiphos sulfoxide-1,1,0,0,GREEN,909
test3_42,608.0,sethoxydim-2,1,0,1,YELLOW,910
test3_33,227.0,fenpropidin-1,1,0,0,GREEN,911
test3_33,630.0,Picolinafen-2,1,0,0,GREEN,912
test3_14,308.0,propyzamide-2,1,0,1,YELLOW,913
test3_37,361.0,triazophos-1,2,0,1,RED,914
test3_32,220.0,isoxaflutole-2,1,0,0,GREEN,915
test3_38,244.0,flumorph-2,1,0,0,GREEN,916
test3_36,152.0,fenamiphos sulfoxide-2,1,0,0,GREEN,917
test3_16,602.0,teflubenzuron-2,4,0,4,RED,918
test3_31,171.0,penoxsulam-1,1,0,0,GREEN,919
test3_52,434.0,rotenone-2,1,0,0,GREEN,920
test3_40,14.0,dinotefuran-2,1,0,0,GREEN,921
test3_38,21.0,demeton-S-methyl-sulfone-1,1,0,0,GREEN,922
test3_13,592.0,fenoxaprop-P-ethyl-2,1,0,0,GREEN,923
test3_7,455.0,etrimfos-1,2,0,1,RED,924
test3_22,315.0,paclobutrazol-1,2,0,2,RED,925
test3_51,646.0,pendimethalin-2,1,0,0,GREEN,926
test3_9,676.0,Proquinazid-2,1,0,0,GREEN,927
test3_56,337.0,prometryn-1,1,0,0,GREEN,928
test3_31,362.0,triazophos-2,1,0,0,GREEN,929
test3_6,661.0,butralin-1,1,0,0,GREEN,930
test3_9,278.0,terbufos sulfone-2,1,0,1,YELLOW,931
test3_11,650.0,hexythiazox-2,1,0,0,GREEN,932
test3_5,404.0,spirotetramat-2,1,0,1,YELLOW,933
test3_11,458.0,picoxystrobin-2,3,0,3,RED,934
test3_50,489.0,anilofos-1,1,0,0,GREEN,935
test3_29,346.0,sedaxane-2,2,0,1,RED,936
test3_28,518.0,chlorpyrifos-methyl-2,2,0,1,RED,937
test3_22,89.0,fensulfothion oxon sulfone-1,1,0,0,GREEN,938
test3_3,303.0,pyrisoxazole-1,2,0,1,RED,939
test3_40,378.0,fenarimol-2,1,0,0,GREEN,940
test3_43,635.0,chlorpyrifos-1,1,0,0,GREEN,941
test3_15,254.0,chlorantraniliprole-2,1,0,0,GREEN,942
test3_27,373.0,triticonazole-1,1,0,0,GREEN,943
test3_15,352.0,pyrazosulfuron-ethyl-2,1,0,0,GREEN,944
test3_47,504.0,flubendiamide-2,2,1,0,GREEN,945
test3_19,617.0,fluazifop-1,1,0,0,GREEN,946
test3_48,313.0,molinate-1,1,0,0,GREEN,947
test3_14,609.0,cyflumetofen-1,5,2,2,RED,948
test3_55,56.0,carbendazim-2,2,0,1,RED,949
test3_29,588.0,fenaminstrobin-2,1,0,0,GREEN,950
test3_34,693.0,methoprene-1,1,0,0,GREEN,951
test3_13,664.0,flumetralin-2,2,0,1,RED,952
test3_31,405.0,epoxiconazole-1,1,0,0,GREEN,953
test3_35,529.0,pyraclostrobin-1,1,0,0,GREEN,954
test3_7,414.0,thifluzamide-2,1,0,0,GREEN,955
test3_13,567.0,amisulbrom-1,2,0,1,RED,956
test3_35,502.0,tolclofos-methyl-2,1,0,0,GREEN,957
test3_10,591.0,fenoxaprop-P-ethyl-1,1,0,0,GREEN,958
test3_12,622.0,furathiocarb-2,1,0,0,GREEN,959
test3_37,509.0,pyrimorph-1,1,0,0,GREEN,960
test3_31,105.0,triflumizole metabolite FM-6-1-1,1,0,0,GREEN,961
test3_19,499.0,pyraflufen-ethyl-1,1,0,0,GREEN,962
test3_30,89.0,fensulfothion oxon sulfone-1,1,0,0,GREEN,963
test3_43,684.0,spirodiclofen-2,1,0,0,GREEN,964
test3_39,264.0,linuron-2,1,0,0,GREEN,965
test3_18,186.0,isoprocarb-2,1,0,0,GREEN,966
test3_38,441.0,chlorbenzuron-1,1,0,0,GREEN,967
test3_32,501.0,tolclofos-methyl-1,1,0,0,GREEN,968
test3_15,606.0,novaluron-2,1,0,0,GREEN,969
test3_36,359.0,propyrisulfuron-1,1,0,0,GREEN,970
test3_16,137.0,simazine-1,1,0,0,GREEN,971
test3_34,321.0,fluopicolide-1,1,0,0,GREEN,972
test3_55,616.0,metamifop-2,1,0,0,GREEN,973
test3_32,427.0,parathion-1,1,0,0,GREEN,974
test3_30,281.0,ethofumesate-1,1,0,0,GREEN,975
test3_26,232.0,clethodim sulfone-2,2,1,0,GREEN,976
test3_41,75.0,thiacloprid-1,1,0,0,GREEN,977
test3_15,2.0,methamidophos-2,3,0,3,RED,978
test3_28,535.0,bifenox-1,1,0,0,GREEN,979
test3_25,235.0,methidathion-1,1,0,0,GREEN,980
test3_8,103.0,phosphamidon-1,1,0,1,YELLOW,981
test3_15,345.0,sedaxane-1,2,0,1,RED,982
test3_13,347.0,triadimenol-1,1,0,0,GREEN,983
test3_19,47.0,methiocarb sulfoxide-1,1,0,0,GREEN,984
test3_56,90.0,fensulfothion oxon sulfone-2,1,0,0,GREEN,985
test3_28,703.0,ivermectin B1a-1,1,0,0,GREEN,986
test3_4,550.0,difenoconazole-2,1,0,0,GREEN,987
test3_53,669.0,etoxazole-1,1,0,0,GREEN,988
test3_37,36.0,spirotetramat-enol-2,1,0,0,GREEN,989
test3_43,169.0,cyantraniliprole-1,1,0,0,GREEN,990
test3_30,343.0,triadimefon-1,1,0,0,GREEN,991
test3_31,332.0,malathion-2,1,0,0,GREEN,992
test3_40,440.0,quinalphos-2,1,0,0,GREEN,993
test3_28,188.0,disulfoton sulfone-2,1,0,0,GREEN,994
test3_46,101.0,metolcarb-1,1,0,0,GREEN,995
test3_3,368.0,methoxyfenozide-2,3,0,3,RED,996
test3_6,241.0,metazosulfuron-1,1,0,0,GREEN,997
test3_8,46.0,imidaclothiz-2,1,0,1,YELLOW,998
test3_40,118.0,triasulfuron-2,1,0,0,GREEN,999
test3_11,166.0,fenthion sulfone-2,2,0,1,RED,1000
test3_19,591.0,fenoxaprop-P-ethyl-1,1,0,0,GREEN,1001
test3_31,648.0,metaflumizone-2,1,0,0,GREEN,1002
test3_9,465.0,tebuconazole-1,2,0,1,RED,1003
test3_31,605.0,novaluron-1,1,0,0,GREEN,1004
test3_55,534.0,metrafenone-2,1,0,0,GREEN,1005
test3_35,692.0,tau-fluvalinate-2,2,1,0,GREEN,1006
test3_11,421.0,fenoxanil-1,1,0,0,GREEN,1007
test3_9,387.0,napropamide-1,2,0,1,RED,1008
test3_43,631.0,tolfenpyrad-1,1,0,0,GREEN,1009
test3_13,395.0,metolachlor-1,1,0,0,GREEN,1010
test3_53,389.0,ethoprophos-1,1,0,0,GREEN,1011
test3_29,244.0,flumorph-2,1,0,0,GREEN,1012
test3_40,650.0,hexythiazox-2,1,0,0,GREEN,1013
test3_31,511.0,coumaphos-1,1,0,0,GREEN,1014
test3_13,228.0,fenpropidin-2,2,1,0,GREEN,1015
test3_4,219.0,isoxaflutole-1,1,0,0,GREEN,1016
test3_46,250.0,phenmedipham-2,1,0,0,GREEN,1017
test3_9,102.0,metolcarb-2,3,0,3,RED,1018
test3_41,577.0,pretilachlor-1,1,0,0,GREEN,1019
test3_6,329.0,mepronil-1,1,0,0,GREEN,1020
test3_35,695.0,etofenprox-1,1,0,0,GREEN,1021
test3_20,595.0,terbufos-1,1,0,1,YELLOW,1022
test3_24,225.0,orthosulfamuron-1,1,0,0,GREEN,1023
test3_30,289.0,fenamidone-1,1,0,0,GREEN,1024
test3_23,670.0,etoxazole-2,1,0,0,GREEN,1025
test3_45,593.0,quizalofop-ethyl-1,1,0,0,GREEN,1026
test3_26,652.0,tralkoxydim-2,1,0,1,YELLOW,1027
test3_26,541.0,pyraoxystrobin-1,2,0,1,RED,1028
test3_48,129.0,propoxur-1,1,0,0,GREEN,1029
test3_55,661.0,butralin-1,1,0,0,GREEN,1030
test3_9,343.0,triadimefon-1,1,0,0,GREEN,1031
test3_11,363.0,pyridaphenthion-1,1,0,0,GREEN,1032
test3_28,291.0,fenpropimorph-1,1,0,0,GREEN,1033
test3_18,516.0,oxadiargyl-2,1,0,0,GREEN,1034
test3_31,458.0,picoxystrobin-2,3,2,0,GREEN,1035
test3_27,63.0,metamitron-1,1,0,0,GREEN,1036
test3_51,578.0,pretilachlor-2,1,0,0,GREEN,1037
test3_5,585.0,pyrethrins II-1,4,1,2,RED,1038
test3_46,429.0,flusilazole-1,1,0,0,GREEN,1039
test3_53,167.0,pirimicarb-1,1,0,0,GREEN,1040
test3_39,482.0,penthiopyrad-2,1,0,0,GREEN,1041
test3_33,7.0,omethoate-1,1,0,0,GREEN,1042
test3_43,340.0,ethoxysulfuron-2,1,0,0,GREEN,1043
test3_42,101.0,metolcarb-1,1,0,0,GREEN,1044
test3_49,355.0,mefenacet-1,1,0,0,GREEN,1045
test3_23,133.0,metribuzin-1,1,0,0,GREEN,1046
test3_20,693.0,methoprene-1,2,0,1,RED,1047
test3_52,641.0,spinetoram L-1,1,0,0,GREEN,1048
test3_23,401.0,cyazofamid-1,1,0,0,GREEN,1049
test3_32,369.0,fenpyrazamine-1,1,0,0,GREEN,1050
test3_3,156.0,tebuthiuron-2,1,0,1,YELLOW,1051
test3_5,432.0,fenamiphos-2,1,0,0,GREEN,1052
test3_46,389.0,ethoprophos-1,1,0,0,GREEN,1053
test3_50,592.0,fenoxaprop-P-ethyl-2,1,0,0,GREEN,1054
test3_30,406.0,epoxiconazole-2,1,0,0,GREEN,1055
test3_21,113.0,thifensulfuron-methyl-1,1,0,0,GREEN,1056
test3_28,125.0,bendiocarb-1,1,0,0,GREEN,1057
test3_52,87.0,phosfolan-1,1,0,0,GREEN,1058
test3_30,90.0,fensulfothion oxon sulfone-2,1,0,0,GREEN,1059
test3_21,374.0,triticonazole-2,2,1,0,GREEN,1060
test3_34,344.0,triadimefon-2,1,0,0,GREEN,1061
test3_35,413.0,thifluzamide-1,1,0,0,GREEN,1062
test3_3,594.0,quizalofop-ethyl-2,1,0,0,GREEN,1063
test3_19,113.0,thifensulfuron-methyl-1,1,0,0,GREEN,1064
test3_13,691.0,tau-fluvalinate-1,2,0,1,RED,1065
test3_11,300.0,ethiprole-2,1,0,0,GREEN,1066
test3_19,432.0,fenamiphos-2,1,0,0,GREEN,1067
test3_31,550.0,difenoconazole-2,1,0,0,GREEN,1068
test3_7,432.0,fenamiphos-2,1,0,0,GREEN,1069
test3_3,362.0,triazophos-2,1,0,0,GREEN,1070
test3_36,224.0,metalaxyl-2,1,0,0,GREEN,1071
test3_19,551.0,cadusafos-1,1,0,0,GREEN,1072
test3_52,156.0,tebuthiuron-2,1,0,0,GREEN,1073
test3_35,303.0,pyrisoxazole-1,2,0,1,RED,1074
test3_34,427.0,parathion-1,1,0,0,GREEN,1075
test3_36,380.0,acetochlor-2,1,0,0,GREEN,1076
test3_5,130.0,propoxur-2,1,0,1,YELLOW,1077
test3_8,214.0,forchlorfenuron-2,1,0,0,GREEN,1078
test3_56,358.0,isazofos-2,1,0,0,GREEN,1079
test3_9,122.0,phenamacril-2,2,0,2,RED,1080
test3_33,644.0,ethion-2,1,0,0,GREEN,1081
test3_11,511.0,coumaphos-1,1,0,0,GREEN,1082
test3_6,86.0,fensulfothion oxon-2,2,0,2,RED,1083
test3_17,342.0,procymidone-2,2,0,1,RED,1084
test3_20,381.0,alachlor-1,1,0,0,GREEN,1085
test3_51,577.0,pretilachlor-1,1,0,0,GREEN,1086
test3_19,336.0,mandipropamid-2,1,0,0,GREEN,1087
test3_54,13.0,dinotefuran-1,1,0,0,GREEN,1088
test3_12,485.0,hexaconazole-1,1,0,0,GREEN,1089
test3_35,204.0,isoproturon-2,1,0,0,GREEN,1090
test3_25,504.0,flubendiamide-2,4,0,4,RED,1091
test3_47,356.0,mefenacet-2,1,0,0,GREEN,1092
test3_13,138.0,simazine-2,3,1,1,RED,1093
test3_23,102.0,metolcarb-2,1,0,1,YELLOW,1094
test3_23,403.0,spirotetramat-1,1,0,0,GREEN,1095
test3_28,645.0,pendimethalin-1,1,0,0,GREEN,1096
test3_50,412.0,uniconazole-2,2,0,1,RED,1097
test3_10,315.0,paclobutrazol-1,2,0,1,RED,1098
test3_14,648.0,metaflumizone-2,1,0,0,GREEN,1099
test3_16,11.0,aldicarb sulfoxide-1,3,0,2,RED,1100
test3_34,480.0,zoxamide-2,1,0,0,GREEN,1101
test3_45,213.0,forchlorfenuron-1,1,0,0,GREEN,1102
test3_29,278.0,terbufos sulfone-2,2,0,1,RED,1103
test3_15,241.0,metazosulfuron-1,1,0,0,GREEN,1104
test3_11,101.0,metolcarb-1,2,0,2,RED,1105
test3_4,104.0,phosphamidon-2,2,0,1,RED,1106
test3_40,136.0,carbofuran-2,1,0,0,GREEN,1107
test3_7,371.0,fluopyram-1,1,0,0,GREEN,1108
test3_38,356.0,mefenacet-2,1,0,0,GREEN,1109
test3_16,408.0,chromafenozide-2,4,2,1,RED,1110
test3_22,601.0,teflubenzuron-1,3,0,3,RED,1111
test3_29,441.0,chlorbenzuron-1,1,0,0,GREEN,1112
test3_46,594.0,quizalofop-ethyl-2,1,0,0,GREEN,1113
test3_25,500.0,pyraflufen-ethyl-2,1,0,0,GREEN,1114
test3_7,415.0,fenbuconazole-1,1,0,0,GREEN,1115
test3_51,464.0,tebufenozide-2,1,0,0,GREEN,1116
test3_15,412.0,uniconazole-2,2,0,1,RED,1117
test3_42,416.0,fenbuconazole-2,1,0,0,GREEN,1118
test3_22,20.0,oxydemeton-methyl-2,2,0,2,RED,1119
test3_19,59.0,trichlorfon-1,1,0,1,YELLOW,1120
test3_11,625.0,propaquizafop-1,1,0,0,GREEN,1121
test3_43,314.0,molinate-2,1,0,0,GREEN,1122
test3_26,397.0,propisochlor-1,2,1,0,GREEN,1123
test3_9,94.0,thiabendazole-2,1,0,0,GREEN,1124
test3_3,272.0,pyriftalid-2,1,0,0,GREEN,1125
test3_29,208.0,metazachlor-2,1,0,0,GREEN,1126
test3_55,295.0,terbuthylazine-1,1,0,0,GREEN,1127
test3_44,637.0,piperonyl butoxide-1,1,0,0,GREEN,1128
test3_21,610.0,cyflumetofen-2,1,0,0,GREEN,1129
test3_30,168.0,pirimicarb-2,1,0,0,GREEN,1130
test3_52,86.0,fensulfothion oxon-2,1,0,0,GREEN,1131
test3_16,482.0,penthiopyrad-2,1,0,0,GREEN,1132
test3_33,33.0,dicrotophos-1,1,0,0,GREEN,1133
test3_28,95.0,formothion-1,1,0,0,GREEN,1134
test3_5,89.0,fensulfothion oxon sulfone-1,1,0,0,GREEN,1135
test3_30,671.0,fenpropathrin-1,1,0,0,GREEN,1136
test3_55,60.0,trichlorfon-2,1,0,0,GREEN,1137
test3_37,536.0,bifenox-2,2,0,2,RED,1138
test3_45,46.0,imidaclothiz-2,1,0,0,GREEN,1139
test3_56,544.0,dimepiperate-2,1,0,0,GREEN,1140
test3_34,388.0,napropamide-2,1,0,0,GREEN,1141
test3_42,130.0,propoxur-2,1,0,0,GREEN,1142
test3_26,32.0,phosfolan-methyl-2,1,0,0,GREEN,1143
test3_47,306.0,boscalid-2,1,0,0,GREEN,1144
test3_20,598.0,oxaziclomefone-2,1,0,0,GREEN,1145
test3_21,206.0,diuron-2,1,0,0,GREEN,1146
test3_7,54.0,diethyl aminoethyl hexanoate-2,1,0,0,GREEN,1147
test3_40,4.0,propamocarb-2,1,0,0,GREEN,1148
test3_16,362.0,triazophos-2,1,0,0,GREEN,1149
test3_28,10.0,oxamyl oxime-2,1,0,0,GREEN,1150
test3_33,684.0,spirodiclofen-2,1,0,0,GREEN,1151
test3_47,556.0,spinosad A-2,1,0,0,GREEN,1152
test3_48,586.0,pyrethrins II-2,1,0,0,GREEN,1153
test3_17,9.0,oxamyl oxime-1,1,0,0,GREEN,1154
test3_30,50.0,vamidothion-2,1,0,0,GREEN,1155
test3_14,492.0,propiconazole-2,1,0,0,GREEN,1156
test3_45,433.0,rotenone-1,1,0,0,GREEN,1157
test3_52,435.0,dimoxystrobin-1,1,0,0,GREEN,1158
test3_20,233.0,fensulfothion sulfone-1,1,0,0,GREEN,1159
test3_9,462.0,fonofos-2,1,0,0,GREEN,1160
test3_43,223.0,metalaxyl-1,1,0,0,GREEN,1161
test3_47,91.0,tricyclazole-1,1,0,0,GREEN,1162
test3_51,83.0,florasulam-1,1,0,1,YELLOW,1163
test3_45,638.0,piperonyl butoxide-2,1,0,0,GREEN,1164
test3_39,326.0,chlorimuron-ethyl-2,1,0,0,GREEN,1165
test3_14,309.0,azoxystrobin-1,1,0,0,GREEN,1166
test3_38,689.0,bioresmethrin-1,1,0,0,GREEN,1167
test3_43,82.0,pirimicarb-desmethyl-2,1,0,0,GREEN,1168
test3_44,311.0,chlorpropham-1,1,0,0,GREEN,1169
test3_55,631.0,tolfenpyrad-1,1,0,0,GREEN,1170
test3_12,602.0,teflubenzuron-2,5,0,5,RED,1171
test3_38,519.0,phosalone-1,1,0,0,GREEN,1172
test3_28,410.0,cyproconazole-2,2,0,1,RED,1173
test3_24,452.0,phenthoate-2,2,0,1,RED,1174
test3_55,587.0,fenaminstrobin-1,1,0,0,GREEN,1175
test3_35,277.0,terbufos sulfone-1,1,0,0,GREEN,1176
test3_37,229.0,iodosulfuron-methyl-sodium-1,1,0,0,GREEN,1177
test3_52,381.0,alachlor-1,1,0,0,GREEN,1178
test3_28,126.0,bendiocarb-2,2,1,0,GREEN,1179
test3_7,506.0,metconazole-2,1,0,0,GREEN,1180
test3_3,73.0,demeton-S-sulfone-1,1,0,0,GREEN,1181
test3_50,216.0,tribenuron-methyl-2,1,0,0,GREEN,1182
test3_11,576.0,butachlor-2,6,4,1,RED,1183
test3_26,578.0,pretilachlor-2,1,0,0,GREEN,1184
test3_40,301.0,halosulfuron-methyl-1,1,0,0,GREEN,1185
test3_23,74.0,demeton-S-sulfone-2,1,0,0,GREEN,1186
test3_50,564.0,ipconazole-2,2,0,1,RED,1187
test3_39,585.0,pyrethrins II-1,1,0,0,GREEN,1188
test3_9,298.0,flurtamone-2,1,0,0,GREEN,1189
test3_21,295.0,terbuthylazine-1,1,0,0,GREEN,1190
test3_46,587.0,fenaminstrobin-1,1,0,0,GREEN,1191
test3_53,500.0,pyraflufen-ethyl-2,1,0,0,GREEN,1192
test3_25,265.0,propanil-1,1,0,0,GREEN,1193
test3_46,31.0,phosfolan-methyl-1,1,0,0,GREEN,1194
test3_21,133.0,metribuzin-1,1,0,0,GREEN,1195
test3_30,566.0,triflumizole-2,1,0,0,GREEN,1196
test3_30,179.0,disulfoton sulfoxide-1,1,0,0,GREEN,1197
test3_29,603.0,oxyfluorfen-1,2,1,0,GREEN,1198
test3_26,439.0,quinalphos-1,1,0,0,GREEN,1199
test3_18,280.0,methiocarb-2,1,0,0,GREEN,1200
test3_48,260.0,fenobucarb-2,1,0,0,GREEN,1201
test3_50,377.0,fenarimol-1,1,0,0,GREEN,1202
test3_35,88.0,phosfolan-2,1,0,0,GREEN,1203
test3_21,7.0,omethoate-1,1,0,0,GREEN,1204
test3_4,664.0,flumetralin-2,4,2,1,RED,1205
test3_46,450.0,Diclobutrazol-2,3,0,2,RED,1206
test3_7,278.0,terbufos sulfone-2,1,0,1,RED,1207
test3_44,116.0,dichlorvos-2,1,0,0,GREEN,1208
test3_4,480.0,zoxamide-2,2,0,1,RED,1209
test3_4,200.0,tritosulfuron-2,3,0,3,RED,1210
test3_16,400.0,diflubenzuron-2,2,0,1,RED,1211
test3_23,442.0,chlorbenzuron-2,1,0,0,GREEN,1212
test3_28,408.0,chromafenozide-2,1,0,0,GREEN,1213
test3_48,157.0,carbaryl-1,1,0,0,GREEN,1214
test3_39,253.0,chlorantraniliprole-1,1,0,0,GREEN,1215
test3_36,104.0,phosphamidon-2,1,0,0,GREEN,1216
test3_17,79.0,mevinphos-1,2,1,0,GREEN,1217
test3_45,384.0,flufenacet-2,1,0,0,GREEN,1218
test3_8,226.0,orthosulfamuron-2,2,0,1,RED,1219
test3_23,491.0,propiconazole-1,1,0,0,GREEN,1220
test3_51,336.0,mandipropamid-2,1,0,0,GREEN,1221
test3_21,427.0,parathion-1,1,0,0,GREEN,1222
test3_9,196.0,atrazine-2,1,0,0,GREEN,1223
test3_48,381.0,alachlor-1,1,0,0,GREEN,1224
test3_53,356.0,mefenacet-2,1,0,0,GREEN,1225
test3_17,633.0,lactofen-1,1,0,0,GREEN,1226
test3_26,703.0,ivermectin B1a-1,1,0,0,GREEN,1227
test3_34,75.0,thiacloprid-1,1,0,0,GREEN,1228
test3_49,92.0,tricyclazole-2,1,0,0,GREEN,1229
test3_24,178.0,simetryn-2,1,0,0,GREEN,1230
test3_6,185.0,isoprocarb-1,1,0,0,GREEN,1231
test3_41,230.0,iodosulfuron-methyl-sodium-2,1,0,0,GREEN,1232
test3_55,487.0,prochloraz metabolite BTS44595-1,1,0,0,GREEN,1233
test3_27,346.0,sedaxane-2,2,0,1,RED,1234
test3_55,438.0,phoxim-2,1,0,0,GREEN,1235
test3_55,224.0,metalaxyl-2,1,0,0,GREEN,1236
test3_55,488.0,prochloraz metabolite BTS44595-2,1,0,0,GREEN,1237
test3_20,171.0,penoxsulam-1,1,0,0,GREEN,1238
test3_55,471.0,carfentrazone-ethyl-1,1,0,0,GREEN,1239
test3_15,372.0,fluopyram-2,1,0,0,GREEN,1240
test3_47,25.0,thiamethoxam-1,1,0,0,GREEN,1241
test3_20,49.0,vamidothion-1,1,0,0,GREEN,1242
test3_18,204.0,isoproturon-2,1,0,1,YELLOW,1243
test3_6,387.0,napropamide-1,3,0,2,RED,1244
test3_9,609.0,cyflumetofen-1,3,0,3,RED,1245
test3_43,292.0,fenpropimorph-2,1,0,0,GREEN,1246
test3_47,322.0,fluopicolide-2,1,0,0,GREEN,1247
test3_50,419.0,cyprodinil-1,1,0,0,GREEN,1248
test3_14,328.0,isoprothiolane-2,2,1,0,GREEN,1249
test3_28,421.0,fenoxanil-1,1,0,0,GREEN,1250
test3_14,105.0,triflumizole metabolite FM-6-1-1,1,0,0,GREEN,1251
test3_50,10.0,oxamyl oxime-2,1,0,0,GREEN,1252
test3_39,92.0,tricyclazole-2,1,0,0,GREEN,1253
test3_28,578.0,pretilachlor-2,1,0,0,GREEN,1254
test3_19,487.0,prochloraz metabolite BTS44595-1,1,0,0,GREEN,1255
test3_15,24.0,flonicamid-2,2,1,1,YELLOW,1256
test3_20,443.0,kresoxim-methyl-1,1,0,0,GREEN,1257
test3_50,138.0,simazine-2,1,0,0,GREEN,1258
test3_6,119.0,thiophanate-methyl-1,1,0,0,GREEN,1259
test3_25,545.0,EPN-1,1,0,0,GREEN,1260
test3_27,668.0,flufenoxuron-2,1,0,0,GREEN,1261
test3_27,81.0,pirimicarb-desmethyl-1,1,0,0,GREEN,1262
test3_34,208.0,metazachlor-2,1,0,0,GREEN,1263
test3_21,179.0,disulfoton sulfoxide-1,1,0,0,GREEN,1264
test3_11,357.0,isazofos-1,1,0,0,GREEN,1265
test3_34,142.0,pirimicarb-desmethyl-formamido-2,1,0,0,GREEN,1266
test3_20,191.0,phorate sulfone-1,2,0,1,RED,1267
test3_10,169.0,cyantraniliprole-1,1,0,0,GREEN,1268
test3_50,333.0,myclobutanil-1,1,0,0,GREEN,1269
test3_8,644.0,ethion-2,3,0,2,RED,1270
test3_35,590.0,spinosad D-2,1,0,0,GREEN,1271
test3_6,284.0,terbufos sulfoxide-2,3,0,3,RED,1272
test3_41,376.0,iprovalicarb-2,1,0,0,GREEN,1273
test3_47,416.0,fenbuconazole-2,1,0,0,GREEN,1274
test3_54,664.0,flumetralin-2,1,0,0,GREEN,1275
test3_50,303.0,pyrisoxazole-1,2,0,1,RED,1276
test3_5,447.0,silthiofam-1,2,0,2,RED,1277
test3_31,671.0,fenpropathrin-1,2,1,0,GREEN,1278
test3_27,576.0,butachlor-2,1,0,0,GREEN,1279
test3_46,387.0,napropamide-1,1,0,0,GREEN,1280
test3_19,514.0,pirimiphos-methyl-2,1,0,0,GREEN,1281
test3_12,516.0,oxadiargyl-2,6,4,1,RED,1282
test3_25,492.0,propiconazole-2,1,0,0,GREEN,1283
test3_20,494.0,edifenphos-2,1,0,0,GREEN,1284
test3_33,495.0,phorate-1,1,0,0,GREEN,1285
test3_15,71.0,Chloridazon-1,1,0,0,GREEN,1286
test3_40,236.0,methidathion-2,1,0,0,GREEN,1287
test3_24,702.0,pyridalyl-2,1,0,0,GREEN,1288
test3_33,529.0,pyraclostrobin-1,1,0,0,GREEN,1289
test3_3,631.0,tolfenpyrad-1,1,0,0,GREEN,1290
test3_17,49.0,vamidothion-1,1,0,0,GREEN,1291
test3_32,176.0,chlortoluron-2,1,0,0,GREEN,1292
test3_15,149.0,amidosulfuron-1,1,0,0,GREEN,1293
test3_4,194.0,flutriafol-2,3,0,2,RED,1294
test3_25,695.0,etofenprox-1,3,0,2,RED,1295
test3_4,59.0,trichlorfon-1,3,0,2,RED,1296
test3_34,408.0,chromafenozide-2,1,0,0,GREEN,1297
test3_29,401.0,cyazofamid-1,1,0,0,GREEN,1298
test3_33,378.0,fenarimol-2,1,0,0,GREEN,1299
test3_17,187.0,disulfoton sulfone-1,1,0,0,GREEN,1300
test3_32,90.0,fensulfothion oxon sulfone-2,1,0,0,GREEN,1301
test3_24,19.0,oxydemeton-methyl-1,1,0,0,GREEN,1302
test3_30,464.0,tebufenozide-2,2,0,1,RED,1303
test3_9,290.0,fenamidone-2,1,0,0,GREEN,1304
test3_23,577.0,pretilachlor-1,1,0,0,GREEN,1305
test3_29,231.0,clethodim sulfone-1,1,0,0,GREEN,1306
test3_15,541.0,pyraoxystrobin-1,1,0,0,GREEN,1307
test3_40,193.0,flutriafol-1,1,0,0,GREEN,1308
test3_40,505.0,metconazole-1,2,0,1,RED,1309
test3_47,441.0,chlorbenzuron-1,1,0,0,GREEN,1310
test3_51,676.0,Proquinazid-2,1,0,0,GREEN,1311
test3_48,571.0,clethodim-1,1,0,1,YELLOW,1312
test3_32,251.0,ametryn-1,1,0,0,GREEN,1313
test3_39,148.0,malaoxon-2,1,0,0,GREEN,1314
test3_49,274.0,bensulfuron-methyl-2,1,0,0,GREEN,1315
test3_18,74.0,demeton-S-sulfone-2,1,0,0,GREEN,1316
test3_42,268.0,albendazole-2,1,0,0,GREEN,1317
test3_47,77.0,cymoxanil-1,1,0,0,GREEN,1318
test3_55,391.0,cyclosulfamuron-1,1,0,0,GREEN,1319
test3_51,561.0,cycloxydim-1,1,0,0,GREEN,1320
test3_8,98.0,phosmet oxon-2,2,0,1,RED,1321
test3_54,139.0,hexazinone-1,1,0,0,GREEN,1322
test3_7,462.0,fonofos-2,1,0,0,GREEN,1323
test3_4,190.0,methacrifos-2,1,0,1,YELLOW,1324
test3_33,470.0,iprobenfos-2,1,0,0,GREEN,1325
test3_21,112.0,probenazole-2,1,0,0,GREEN,1326
test3_47,312.0,chlorpropham-2,1,0,0,GREEN,1327
test3_49,125.0,bendiocarb-1,1,0,0,GREEN,1328
test3_38,46.0,imidaclothiz-2,1,0,0,GREEN,1329
test3_54,189.0,methacrifos-1,1,0,0,GREEN,1330
test3_32,379.0,acetochlor-1,1,0,0,GREEN,1331
test3_56,217.0,fensulfothion-1,1,0,0,GREEN,1332
test3_12,375.0,iprovalicarb-1,1,0,0,GREEN,1333
test3_26,392.0,cyclosulfamuron-2,1,0,0,GREEN,1334
test3_52,275.0,flucetosulfuron-1,1,0,0,GREEN,1335
test3_27,694.0,methoprene-2,2,0,1,RED,1336
test3_45,54.0,diethyl aminoethyl hexanoate-2,1,0,1,YELLOW,1337
test3_52,188.0,disulfoton sulfone-2,1,0,0,GREEN,1338
test3_34,243.0,flumorph-1,1,0,0,GREEN,1339
test3_52,248.0,azinphos-methyl-2,1,0,0,GREEN,1340
test3_20,202.0,mesosulfuron-methyl-2,1,0,0,GREEN,1341
test3_45,476.0,isofenphos-methyl-2,1,0,0,GREEN,1342
test3_24,667.0,flufenoxuron-1,1,0,0,GREEN,1343
test3_16,98.0,phosmet oxon-2,2,0,1,RED,1344
test3_23,543.0,dimepiperate-1,2,0,1,RED,1345
test3_55,525.0,bitertanol-1,2,0,1,RED,1346
test3_31,447.0,silthiofam-1,1,0,0,GREEN,1347
test3_35,523.0,triflumuron-1,1,0,0,GREEN,1348
test3_21,601.0,teflubenzuron-1,5,0,5,RED,1349
test3_11,364.0,pyridaphenthion-2,1,0,0,GREEN,1350
test3_44,121.0,phenamacril-1,1,0,0,GREEN,1351
test3_19,673.0,spiromesifen-1,3,1,1,RED,1352
test3_28,654.0,coumoxystrobin-2,1,0,0,GREEN,1353
test3_55,639.0,triallate-1,1,0,0,GREEN,1354
test3_49,60.0,trichlorfon-2,1,0,0,GREEN,1355
test3_31,349.0,bromuconazole-1,2,0,1,RED,1356
test3_49,456.0,etrimfos-2,1,0,0,GREEN,1357
test3_34,254.0,chlorantraniliprole-2,1,0,0,GREEN,1358
test3_47,667.0,flufenoxuron-1,1,0,0,GREEN,1359
test3_48,632.0,tolfenpyrad-2,1,0,0,GREEN,1360
test3_13,372.0,fluopyram-2,1,0,0,GREEN,1361
test3_39,425.0,Fenoxycarb-1,1,0,0,GREEN,1362
test3_23,313.0,molinate-1,1,0,0,GREEN,1363
test3_29,472.0,carfentrazone-ethyl-2,1,0,0,GREEN,1364
test3_32,678.0,pyrethrins I-2,1,0,0,GREEN,1365
test3_15,324.0,flutolanil-2,1,0,0,GREEN,1366
test3_25,607.0,sethoxydim-1,1,0,1,RED,1367
test3_35,272.0,pyriftalid-2,1,0,0,GREEN,1368
test3_50,528.0,diniconazole-2,1,0,0,GREEN,1369
test3_16,401.0,cyazofamid-1,1,0,0,GREEN,1370
test3_48,504.0,flubendiamide-2,2,0,1,RED,1371
test3_10,405.0,epoxiconazole-1,1,0,0,GREEN,1372
test3_29,330.0,mepronil-2,1,0,0,GREEN,1373
test3_12,440.0,quinalphos-2,1,0,0,GREEN,1374
test3_48,686.0,pyridaben-2,1,0,0,GREEN,1375
test3_49,181.0,demeton-S-methyl-1,1,0,0,GREEN,1376
test3_40,607.0,sethoxydim-1,1,0,1,YELLOW,1377
test3_19,595.0,terbufos-1,2,1,0,GREEN,1378
test3_17,21.0,demeton-S-methyl-sulfone-1,1,0,0,GREEN,1379
test3_16,522.0,prochloraz-2,1,0,0,GREEN,1380
test3_31,208.0,metazachlor-2,1,0,0,GREEN,1381
test3_9,673.0,spiromesifen-1,3,0,2,RED,1382
test3_7,363.0,pyridaphenthion-1,1,0,0,GREEN,1383
test3_45,297.0,flurtamone-1,1,0,0,GREEN,1384
test3_53,344.0,triadimefon-2,1,0,0,GREEN,1385
test3_49,527.0,diniconazole-1,1,0,0,GREEN,1386
test3_11,443.0,kresoxim-methyl-1,2,0,1,RED,1387
test3_28,379.0,acetochlor-1,1,0,0,GREEN,1388
test3_53,164.0,fenthion sulfoxide-2,1,0,0,GREEN,1389
test3_46,115.0,dichlorvos-1,1,0,0,GREEN,1390
test3_9,577.0,pretilachlor-1,1,0,0,GREEN,1391
test3_7,261.0,promecarb-1,3,0,2,RED,1392
test3_17,547.0,ametoctradin-1,1,0,0,GREEN,1393
test3_8,231.0,clethodim sulfone-1,3,0,2,RED,1394
test3_49,46.0,imidaclothiz-2,1,0,0,GREEN,1395
test3_5,154.0,sulfentrazone-2,5,0,4,RED,1396
test3_18,686.0,pyridaben-2,1,0,0,GREEN,1397
test3_5,570.0,trifloxystrobin-2,2,0,1,RED,1398
test3_24,640.0,triallate-2,1,0,0,GREEN,1399
test3_23,438.0,phoxim-2,1,0,0,GREEN,1400
test3_5,412.0,uniconazole-2,2,0,1,RED,1401
test3_12,167.0,pirimicarb-1,1,0,0,GREEN,1402
test3_5,538.0,pencycuron-2,1,0,0,GREEN,1403
test3_46,699.0,bifenthrin-1,2,1,0,GREEN,1404
test3_33,186.0,isoprocarb-2,1,0,0,GREEN,1405
test3_33,366.0,fenhexamid-2,1,0,0,GREEN,1406
test3_17,400.0,diflubenzuron-2,2,0,2,RED,1407
test3_46,522.0,prochloraz-2,1,0,0,GREEN,1408
test3_44,30.0,monocrotophos-2,2,0,1,RED,1409
test3_15,27.0,chlordimeform-1,1,0,0,GREEN,1410
test3_49,68.0,demeton-S-sulfoxide-2,1,0,0,GREEN,1411
test3_17,341.0,procymidone-1,1,0,0,GREEN,1412
test3_44,67.0,demeton-S-sulfoxide-1,1,0,0,GREEN,1413
test3_9,633.0,lactofen-1,2,1,0,GREEN,1414
test3_44,175.0,chlortoluron-1,1,0,0,GREEN,1415
test3_35,326.0,chlorimuron-ethyl-2,1,0,0,GREEN,1416
test3_26,481.0,penthiopyrad-1,1,0,0,GREEN,1417
test3_43,621.0,furathiocarb-1,1,0,0,GREEN,1418
test3_30,157.0,carbaryl-1,1,0,0,GREEN,1419
test3_9,597.0,oxaziclomefone-1,1,0,0,GREEN,1420
test3_48,340.0,ethoxysulfuron-2,1,0,0,GREEN,1421
test3_33,428.0,parathion-2,1,0,0,GREEN,1422
test3_11,110.0,cyanazine-2,2,1,0,GREEN,1423
test3_46,684.0,spirodiclofen-2,1,0,0,GREEN,1424
test3_49,130.0,propoxur-2,1,0,0,GREEN,1425
test3_21,590.0,spinosad D-2,1,0,0,GREEN,1426
test3_20,353.0,triflusulfuron-methyl-1,1,0,0,GREEN,1427
test3_56,659.0,lufenuron-1,1,0,0,GREEN,1428
test3_15,226.0,orthosulfamuron-2,1,0,0,GREEN,1429
test3_54,205.0,diuron-1,1,0,0,GREEN,1430
test3_23,209.0,propachlor-1,1,0,0,GREEN,1431
test3_22,470.0,iprobenfos-2,1,0,0,GREEN,1432
test3_48,362.0,triazophos-2,1,0,0,GREEN,1433
test3_20,651.0,tralkoxydim-1,1,0,0,GREEN,1434
test3_24,605.0,novaluron-1,1,0,0,GREEN,1435
test3_8,36.0,spirotetramat-enol-2,2,0,2,RED,1436
test3_19,276.0,flucetosulfuron-2,1,0,0,GREEN,1437
test3_48,658.0,pyribenzoxim-2,1,0,0,GREEN,1438
test3_3,378.0,fenarimol-2,2,0,2,RED,1439
test3_46,133.0,metribuzin-1,1,0,0,GREEN,1440
test3_40,305.0,boscalid-1,1,0,0,GREEN,1441
test3_36,72.0,Chloridazon-2,1,0,0,GREEN,1442
test3_43,667.0,flufenoxuron-1,1,0,0,GREEN,1443
test3_35,214.0,forchlorfenuron-2,1,0,0,GREEN,1444
test3_17,655.0,emamectin B1a-1,1,0,0,GREEN,1445
test3_22,426.0,Fenoxycarb-2,1,0,0,GREEN,1446
test3_35,315.0,paclobutrazol-1,2,0,1,RED,1447
test3_42,513.0,pirimiphos-methyl-1,1,0,0,GREEN,1448
test3_6,411.0,uniconazole-1,2,0,1,RED,1449
test3_55,97.0,phosmet oxon-1,1,0,0,GREEN,1450
test3_31,108.0,cinosulfuron-2,1,0,0,GREEN,1451
test3_4,212.0,isocarbophos-2,1,0,1,YELLOW,1452
test3_41,42.0,clothianidin-2,1,0,0,GREEN,1453
test3_12,556.0,spinosad A-2,1,0,0,GREEN,1454
test3_13,456.0,etrimfos-2,1,0,0,GREEN,1455
test3_48,573.0,indoxacarb-1,1,0,0,GREEN,1456
test3_13,554.0,isopyrazam-2,1,0,0,GREEN,1457
test3_11,526.0,bitertanol-2,1,0,1,RED,1458
test3_41,494.0,edifenphos-2,1,0,0,GREEN,1459
test3_50,541.0,pyraoxystrobin-1,1,0,0,GREEN,1460
test3_46,519.0,phosalone-1,1,0,0,GREEN,1461
test3_31,195.0,atrazine-1,1,0,0,GREEN,1462
test3_26,219.0,isoxaflutole-1,1,0,0,GREEN,1463
test3_46,509.0,pyrimorph-1,1,0,0,GREEN,1464
test3_35,163.0,fenthion sulfoxide-1,1,0,0,GREEN,1465
test3_3,40.0,imidacloprid-2,2,0,1,RED,1466
test3_12,448.0,silthiofam-2,1,0,0,GREEN,1467
test3_44,183.0,phorate sulfoxide-1,1,0,0,GREEN,1468
test3_38,255.0,phosmet-1,1,0,0,GREEN,1469
test3_23,21.0,demeton-S-methyl-sulfone-1,1,0,0,GREEN,1470
test3_6,333.0,myclobutanil-1,1,0,0,GREEN,1471
test3_47,591.0,fenoxaprop-P-ethyl-1,1,0,0,GREEN,1472
test3_15,344.0,triadimefon-2,1,0,0,GREEN,1473
test3_32,158.0,carbaryl-2,2,1,0,GREEN,1474
test3_48,220.0,isoxaflutole-2,1,0,0,GREEN,1475
test3_44,610.0,cyflumetofen-2,1,0,0,GREEN,1476
test3_6,597.0,oxaziclomefone-1,1,0,0,GREEN,1477
test3_33,94.0,thiabendazole-2,1,0,0,GREEN,1478
test3_44,470.0,iprobenfos-2,1,0,0,GREEN,1479
test3_54,406.0,epoxiconazole-2,1,0,0,GREEN,1480
test3_16,530.0,pyraclostrobin-2,1,0,0,GREEN,1481
test3_20,204.0,isoproturon-2,2,0,2,RED,1482
test3_54,308.0,propyzamide-2,1,0,0,GREEN,1483
test3_33,592.0,fenoxaprop-P-ethyl-2,1,0,0,GREEN,1484
test3_28,650.0,hexythiazox-2,1,0,0,GREEN,1485
test3_32,434.0,rotenone-2,1,0,0,GREEN,1486
test3_12,392.0,cyclosulfamuron-2,1,0,0,GREEN,1487
test3_38,414.0,thifluzamide-2,1,0,0,GREEN,1488
test3_14,1.0,methamidophos-1,2,0,1,RED,1489
test3_52,391.0,cyclosulfamuron-1,1,0,0,GREEN,1490
test3_40,306.0,boscalid-2,1,0,0,GREEN,1491
test3_50,245.0,clomazone-1,1,0,0,GREEN,1492
test3_55,452.0,phenthoate-2,1,0,0,GREEN,1493
test3_11,228.0,fenpropidin-2,1,0,0,GREEN,1494
test3_6,558.0,diflufenican-2,1,0,0,GREEN,1495
test3_32,523.0,triflumuron-1,1,0,0,GREEN,1496
test3_22,435.0,dimoxystrobin-1,1,0,0,GREEN,1497
test3_6,292.0,fenpropimorph-2,1,0,0,GREEN,1498
test3_41,520.0,phosalone-2,1,0,0,GREEN,1499
test3_4,547.0,ametoctradin-1,1,0,0,GREEN,1500
test3_10,672.0,fenpropathrin-2,3,0,3,RED,1501
test3_4,342.0,procymidone-2,2,0,1,RED,1502
test3_9,171.0,penoxsulam-1,1,0,0,GREEN,1503
test3_42,437.0,phoxim-1,1,0,0,GREEN,1504
test3_8,104.0,phosphamidon-2,2,0,1,RED,1505
test3_56,501.0,tolclofos-methyl-1,1,0,0,GREEN,1506
test3_26,357.0,isazofos-1,1,0,0,GREEN,1507
test3_27,156.0,tebuthiuron-2,1,0,0,GREEN,1508
test3_40,307.0,propyzamide-1,1,0,0,GREEN,1509
test3_31,11.0,aldicarb sulfoxide-1,1,0,0,GREEN,1510
test3_31,126.0,bendiocarb-2,1,0,0,GREEN,1511
test3_20,432.0,fenamiphos-2,1,0,0,GREEN,1512
test3_11,264.0,linuron-2,1,0,0,GREEN,1513
test3_8,577.0,pretilachlor-1,1,0,0,GREEN,1514
test3_35,673.0,spiromesifen-1,1,0,0,GREEN,1515
test3_35,93.0,thiabendazole-1,1,0,0,GREEN,1516
test3_51,558.0,diflufenican-2,1,0,0,GREEN,1517
test3_51,398.0,propisochlor-2,1,0,0,GREEN,1518
test3_38,241.0,metazosulfuron-1,1,0,0,GREEN,1519
test3_19,25.0,thiamethoxam-1,1,0,0,GREEN,1520
test3_7,298.0,flurtamone-2,4,3,0,GREEN,1521
test3_43,380.0,acetochlor-2,1,0,0,GREEN,1522
test3_34,179.0,disulfoton sulfoxide-1,1,0,0,GREEN,1523
test3_4,208.0,metazachlor-2,1,0,0,GREEN,1524
test3_47,258.0,pyrimethanil-2,1,0,0,GREEN,1525
test3_48,163.0,fenthion sulfoxide-1,1,0,0,GREEN,1526
test3_17,561.0,cycloxydim-1,1,0,0,GREEN,1527
test3_47,161.0,fenamiphos sulfone-1,1,0,0,GREEN,1528
test3_29,263.0,linuron-1,1,0,0,GREEN,1529
test3_27,9.0,oxamyl oxime-1,1,0,0,GREEN,1530
test3_32,576.0,butachlor-2,1,0,0,GREEN,1531
test3_15,342.0,procymidone-2,2,0,1,RED,1532
test3_53,323.0,flutolanil-1,1,0,0,GREEN,1533
test3_24,82.0,pirimicarb-desmethyl-2,1,0,0,GREEN,1534
test3_27,481.0,penthiopyrad-1,1,0,0,GREEN,1535
test3_29,77.0,cymoxanil-1,1,0,0,GREEN,1536
test3_39,582.0,fluoroglycofen-ethyl-2,1,0,0,GREEN,1537
test3_11,384.0,flufenacet-2,1,0,0,GREEN,1538
test3_42,263.0,linuron-1,1,0,0,GREEN,1539
test3_24,446.0,penconazole-2,1,0,0,GREEN,1540
test3_7,651.0,tralkoxydim-1,3,0,3,RED,1541
test3_19,196.0,atrazine-2,1,0,0,GREEN,1542
test3_35,208.0,metazachlor-2,1,0,0,GREEN,1543
test3_44,588.0,fenaminstrobin-2,1,0,0,GREEN,1544
test3_41,450.0,Diclobutrazol-2,3,0,2,RED,1545
test3_25,113.0,thifensulfuron-methyl-1,1,0,0,GREEN,1546
test3_12,112.0,probenazole-2,1,0,0,GREEN,1547
test3_23,173.0,fosthiazate-1,1,0,0,GREEN,1548
test3_51,463.0,tebufenozide-1,2,1,0,GREEN,1549
test3_27,70.0,methiocarb sulfone-2,1,0,0,GREEN,1550
test3_48,475.0,isofenphos-methyl-1,1,0,0,GREEN,1551
test3_54,97.0,phosmet oxon-1,1,0,0,GREEN,1552
test3_53,557.0,diflufenican-1,1,0,0,GREEN,1553
test3_6,407.0,chromafenozide-1,2,0,1,RED,1554
test3_22,318.0,dimethomorph-2,2,0,1,RED,1555
test3_24,186.0,isoprocarb-2,1,0,0,GREEN,1556
test3_48,388.0,napropamide-2,1,0,0,GREEN,1557
test3_46,501.0,tolclofos-methyl-1,1,0,0,GREEN,1558
test3_11,192.0,phorate sulfone-2,3,0,3,RED,1559
test3_18,325.0,chlorimuron-ethyl-1,1,0,0,GREEN,1560
test3_38,450.0,Diclobutrazol-2,3,0,2,RED,1561
test3_13,204.0,isoproturon-2,4,0,4,RED,1562
test3_26,14.0,dinotefuran-2,1,0,0,GREEN,1563
test3_4,545.0,EPN-1,3,1,2,RED,1564
test3_34,334.0,myclobutanil-2,1,0,0,GREEN,1565
test3_35,259.0,fenobucarb-1,1,0,0,GREEN,1566
test3_34,353.0,triflusulfuron-methyl-1,1,0,1,YELLOW,1567
test3_18,647.0,metaflumizone-1,1,0,0,GREEN,1568
test3_19,481.0,penthiopyrad-1,1,0,0,GREEN,1569
test3_43,36.0,spirotetramat-enol-2,1,0,0,GREEN,1570
test3_18,401.0,cyazofamid-1,1,0,0,GREEN,1571
test3_31,159.0,carboxin-1,1,0,0,GREEN,1572
test3_29,600.0,spinetoram J-2,1,0,0,GREEN,1573
test3_7,378.0,fenarimol-2,4,0,4,RED,1574
test3_26,164.0,fenthion sulfoxide-2,1,0,0,GREEN,1575
test3_6,270.0,benazolin-ethyl-2,5,0,5,RED,1576
test3_23,600.0,spinetoram J-2,1,0,0,GREEN,1577
test3_36,223.0,metalaxyl-1,1,0,0,GREEN,1578
test3_55,383.0,flufenacet-1,1,0,0,GREEN,1579
test3_37,30.0,monocrotophos-2,1,0,0,GREEN,1580
test3_24,544.0,dimepiperate-2,3,0,3,RED,1581
test3_50,655.0,emamectin B1a-1,1,0,0,GREEN,1582
test3_16,46.0,imidaclothiz-2,2,0,1,RED,1583
test3_19,65.0,sulfoxaflor-1,2,0,2,RED,1584
test3_10,349.0,bromuconazole-1,2,0,2,RED,1585
test3_52,301.0,halosulfuron-methyl-1,1,0,0,GREEN,1586
test3_10,539.0,cyflufenamid-1,1,0,0,GREEN,1587
test3_16,396.0,metolachlor-2,1,0,0,GREEN,1588
test3_46,235.0,methidathion-1,1,0,0,GREEN,1589
test3_38,575.0,butachlor-1,1,0,0,GREEN,1590
test3_53,481.0,penthiopyrad-1,1,0,0,GREEN,1591
test3_10,549.0,difenoconazole-1,1,0,0,GREEN,1592
test3_13,40.0,imidacloprid-2,2,1,1,YELLOW,1593
test3_25,524.0,triflumuron-2,1,0,0,GREEN,1594
test3_8,71.0,Chloridazon-1,5,2,2,RED,1595
test3_24,147.0,malaoxon-1,1,0,0,GREEN,1596
test3_5,574.0,indoxacarb-2,1,0,0,GREEN,1597
test3_5,424.0,bupirimate-2,1,0,0,GREEN,1598
test3_31,549.0,difenoconazole-1,1,0,0,GREEN,1599
test3_43,643.0,ethion-1,1,0,0,GREEN,1600
test3_18,646.0,pendimethalin-2,1,0,0,GREEN,1601
test3_19,556.0,spinosad A-2,1,0,0,GREEN,1602
test3_13,101.0,metolcarb-1,2,0,2,RED,1603
test3_51,522.0,prochloraz-2,1,0,0,GREEN,1604
test3_6,289.0,fenamidone-1,1,0,0,GREEN,1605
test3_47,628.0,pyriproxyfen-2,1,0,0,GREEN,1606
test3_29,148.0,malaoxon-2,1,0,0,GREEN,1607
test3_52,80.0,mevinphos-2,1,0,0,GREEN,1608
test3_40,667.0,flufenoxuron-1,1,0,0,GREEN,1609
test3_27,452.0,phenthoate-2,2,0,1,RED,1610
test3_21,623.0,oxadiazon-1,1,0,0,GREEN,1611
test3_6,693.0,methoprene-1,1,0,0,GREEN,1612
test3_35,312.0,chlorpropham-2,1,0,0,GREEN,1613
test3_24,323.0,flutolanil-1,1,0,0,GREEN,1614
test3_18,309.0,azoxystrobin-1,1,0,0,GREEN,1615
test3_30,365.0,fenhexamid-1,1,0,0,GREEN,1616
test3_47,455.0,etrimfos-1,1,0,0,GREEN,1617
test3_29,303.0,pyrisoxazole-1,2,0,1,RED,1618
test3_22,626.0,propaquizafop-2,1,0,0,GREEN,1619
test3_44,683.0,spirodiclofen-1,1,0,0,GREEN,1620
test3_43,457.0,picoxystrobin-1,1,0,0,GREEN,1621
test3_17,138.0,simazine-2,2,0,1,RED,1622
test3_56,570.0,trifloxystrobin-2,1,0,0,GREEN,1623
test3_50,550.0,difenoconazole-2,1,0,0,GREEN,1624
test3_27,537.0,pencycuron-1,1,0,0,GREEN,1625
test3_15,159.0,carboxin-1,1,0,0,GREEN,1626
test3_56,387.0,napropamide-1,1,0,0,GREEN,1627
test3_31,564.0,ipconazole-2,2,0,1,RED,1628
test3_17,351.0,pyrazosulfuron-ethyl-1,1,0,0,GREEN,1629
test3_40,552.0,cadusafos-2,1,0,0,GREEN,1630
test3_37,631.0,tolfenpyrad-1,1,0,0,GREEN,1631
test3_20,79.0,mevinphos-1,3,0,2,RED,1632
test3_49,414.0,thifluzamide-2,1,0,0,GREEN,1633
test3_12,12.0,aldicarb sulfoxide-2,1,0,1,YELLOW,1634
test3_32,580.0,profenofos-2,1,0,0,GREEN,1635
test3_55,528.0,diniconazole-2,1,0,0,GREEN,1636
test3_53,79.0,mevinphos-1,1,0,0,GREEN,1637
test3_25,7.0,omethoate-1,1,0,0,GREEN,1638
test3_56,245.0,clomazone-1,1,0,0,GREEN,1639
test3_4,85.0,fensulfothion oxon-1,3,0,3,RED,1640
test3_16,643.0,ethion-1,1,0,0,GREEN,1641
test3_18,168.0,pirimicarb-2,1,0,0,GREEN,1642
test3_10,502.0,tolclofos-methyl-2,3,0,3,RED,1643
test3_7,382.0,alachlor-2,3,0,3,RED,1644
test3_22,579.0,profenofos-1,1,0,0,GREEN,1645
test3_45,316.0,paclobutrazol-2,1,0,0,GREEN,1646
test3_21,621.0,furathiocarb-1,1,0,0,GREEN,1647
test3_48,244.0,flumorph-2,1,0,0,GREEN,1648
test3_7,83.0,florasulam-1,2,0,1,RED,1649
test3_48,584.0,hexaflumuron-2,1,0,0,GREEN,1650
test3_49,400.0,diflubenzuron-2,2,0,1,RED,1651
test3_24,444.0,kresoxim-methyl-2,2,1,0,GREEN,1652
test3_31,387.0,napropamide-1,1,0,0,GREEN,1653
test3_29,299.0,ethiprole-1,1,0,0,GREEN,1654
test3_18,86.0,fensulfothion oxon-2,1,0,0,GREEN,1655
test3_40,212.0,isocarbophos-2,1,0,0,GREEN,1656
test3_55,294.0,Dimethenamid-P-2,1,0,0,GREEN,1657
test3_34,268.0,albendazole-2,1,0,0,GREEN,1658
test3_37,22.0,demeton-S-methyl-sulfone-2,1,0,0,GREEN,1659
test3_4,450.0,Diclobutrazol-2,1,0,0,GREEN,1660
test3_20,266.0,propanil-2,1,0,0,GREEN,1661
test3_36,323.0,flutolanil-1,1,0,0,GREEN,1662
test3_31,65.0,sulfoxaflor-1,2,0,1,RED,1663
test3_12,147.0,malaoxon-1,1,0,0,GREEN,1664
test3_27,495.0,phorate-1,1,0,0,GREEN,1665
test3_11,391.0,cyclosulfamuron-1,1,0,0,GREEN,1666
test3_24,106.0,triflumizole metabolite FM-6-1-2,1,0,0,GREEN,1667
test3_19,283.0,terbufos sulfoxide-1,1,0,1,YELLOW,1668
test3_16,459.0,fluthiacet-methyl-1,1,0,0,GREEN,1669
test3_14,397.0,propisochlor-1,1,0,1,YELLOW,1670
test3_42,143.0,chlorsulfuron-1,1,0,0,GREEN,1671
test3_15,427.0,parathion-1,1,0,0,GREEN,1672
test3_45,89.0,fensulfothion oxon sulfone-1,1,0,0,GREEN,1673
test3_13,654.0,coumoxystrobin-2,1,0,0,GREEN,1674
test3_29,595.0,terbufos-1,1,0,0,GREEN,1675
test3_22,440.0,quinalphos-2,1,0,0,GREEN,1676
test3_33,567.0,amisulbrom-1,1,0,0,GREEN,1677
test3_36,122.0,phenamacril-2,1,0,0,GREEN,1678
test3_10,187.0,disulfoton sulfone-1,1,0,0,GREEN,1679
test3_34,593.0,quizalofop-ethyl-1,1,0,0,GREEN,1680
test3_5,14.0,dinotefuran-2,1,0,0,GREEN,1681
test3_13,597.0,oxaziclomefone-1,1,0,0,GREEN,1682
test3_19,375.0,iprovalicarb-1,1,0,0,GREEN,1683
test3_23,426.0,Fenoxycarb-2,1,0,0,GREEN,1684
test3_28,691.0,tau-fluvalinate-1,1,0,0,GREEN,1685
test3_34,87.0,phosfolan-1,1,0,0,GREEN,1686
test3_36,17.0,oxamyl-1,3,0,2,RED,1687
test3_37,59.0,trichlorfon-1,1,0,0,GREEN,1688
test3_32,194.0,flutriafol-2,1,0,0,GREEN,1689
test3_22,268.0,albendazole-2,1,0,0,GREEN,1690
test3_32,16.0,nitenpyram-2,1,0,0,GREEN,1691
test3_37,372.0,fluopyram-2,1,0,0,GREEN,1692
test3_33,437.0,phoxim-1,1,0,0,GREEN,1693
test3_8,213.0,forchlorfenuron-1,1,0,0,GREEN,1694
test3_24,367.0,methoxyfenozide-1,1,0,0,GREEN,1695
test3_22,693.0,methoprene-1,2,0,1,RED,1696
test3_16,321.0,fluopicolide-1,1,0,0,GREEN,1697
test3_10,297.0,flurtamone-1,1,0,0,GREEN,1698
test3_51,250.0,phenmedipham-2,1,0,0,GREEN,1699
test3_7,272.0,pyriftalid-2,3,0,2,RED,1700
test3_36,426.0,Fenoxycarb-2,1,0,0,GREEN,1701
test3_26,268.0,albendazole-2,1,0,0,GREEN,1702
test3_45,49.0,vamidothion-1,1,0,1,YELLOW,1703
test3_5,605.0,novaluron-1,1,0,0,GREEN,1704
test3_7,338.0,prometryn-2,1,0,0,GREEN,1705
test3_19,301.0,halosulfuron-methyl-1,1,0,0,GREEN,1706
test3_56,161.0,fenamiphos sulfone-1,1,0,0,GREEN,1707
test3_43,570.0,trifloxystrobin-2,1,0,0,GREEN,1708
test3_41,27.0,chlordimeform-1,1,0,0,GREEN,1709
test3_37,19.0,oxydemeton-methyl-1,1,0,0,GREEN,1710
test3_48,369.0,fenpyrazamine-1,1,0,0,GREEN,1711
test3_40,640.0,triallate-2,1,0,0,GREEN,1712
test3_42,442.0,chlorbenzuron-2,1,0,0,GREEN,1713
test3_43,199.0,tritosulfuron-1,4,0,4,RED,1714
test3_14,439.0,quinalphos-1,1,0,0,GREEN,1715
test3_39,14.0,dinotefuran-2,1,0,0,GREEN,1716
test3_12,569.0,trifloxystrobin-1,1,0,0,GREEN,1717
test3_30,449.0,Diclobutrazol-1,2,0,1,RED,1718
test3_26,655.0,emamectin B1a-1,1,0,0,GREEN,1719
test3_33,137.0,simazine-1,1,0,0,GREEN,1720
test3_14,701.0,pyridalyl-1,2,1,0,GREEN,1721
test3_56,48.0,methiocarb sulfoxide-2,1,0,0,GREEN,1722
test3_11,132.0,spirotetramat-mono-hydroxy-2,3,1,1,RED,1723
test3_10,653.0,coumoxystrobin-1,1,0,0,GREEN,1724
test3_7,391.0,cyclosulfamuron-1,1,0,0,GREEN,1725
test3_35,153.0,sulfentrazone-1,1,0,0,GREEN,1726
test3_42,83.0,florasulam-1,1,0,0,GREEN,1727
test3_43,497.0,diazinon-1,1,0,0,GREEN,1728
test3_24,125.0,bendiocarb-1,1,0,0,GREEN,1729
test3_47,561.0,cycloxydim-1,1,0,0,GREEN,1730
test3_28,461.0,fonofos-1,1,0,0,GREEN,1731
test3_27,669.0,etoxazole-1,1,0,0,GREEN,1732
test3_48,494.0,edifenphos-2,1,0,0,GREEN,1733
test3_54,263.0,linuron-1,1,0,1,YELLOW,1734
test3_56,381.0,alachlor-1,1,0,0,GREEN,1735
test3_15,305.0,boscalid-1,1,0,0,GREEN,1736
test3_5,269.0,benazolin-ethyl-1,3,0,2,RED,1737
test3_42,37.0,spirotetramat-enol-glucoside-1,1,0,0,GREEN,1738
test3_30,345.0,sedaxane-1,2,0,1,RED,1739
test3_6,358.0,isazofos-2,3,2,0,GREEN,1740
test3_42,90.0,fensulfothion oxon sulfone-2,1,0,0,GREEN,1741
test3_13,335.0,mandipropamid-1,1,0,0,GREEN,1742
test3_27,39.0,imidacloprid-1,1,0,0,GREEN,1743
test3_49,127.0,metsulfuron-methyl-1,1,0,0,GREEN,1744
test3_39,513.0,pirimiphos-methyl-1,1,0,0,GREEN,1745
test3_27,677.0,pyrethrins I-1,1,0,0,GREEN,1746
test3_26,623.0,oxadiazon-1,1,0,0,GREEN,1747
test3_27,305.0,boscalid-1,1,0,0,GREEN,1748
test3_39,491.0,propiconazole-1,1,0,1,YELLOW,1749
test3_45,427.0,parathion-1,1,0,0,GREEN,1750
test3_42,419.0,cyprodinil-1,1,0,0,GREEN,1751
test3_45,288.0,saflufenacil-2,1,0,0,GREEN,1752
test3_6,507.0,benalaxyl-1,1,0,0,GREEN,1753
test3_4,542.0,pyraoxystrobin-2,1,0,0,GREEN,1754
test3_18,550.0,difenoconazole-2,1,0,0,GREEN,1755
test3_16,402.0,cyazofamid-2,4,0,4,RED,1756
test3_46,574.0,indoxacarb-2,1,0,0,GREEN,1757
test3_47,319.0,fluxapyroxad-1,1,0,0,GREEN,1758
test3_46,266.0,propanil-2,1,0,0,GREEN,1759
test3_45,72.0,Chloridazon-2,1,0,0,GREEN,1760
test3_15,72.0,Chloridazon-2,1,0,0,GREEN,1761
test3_27,672.0,fenpropathrin-2,1,0,0,GREEN,1762
test3_13,448.0,silthiofam-2,1,0,0,GREEN,1763
test3_21,489.0,anilofos-1,1,0,0,GREEN,1764
test3_42,94.0,thiabendazole-2,1,0,0,GREEN,1765
test3_42,578.0,pretilachlor-2,1,0,0,GREEN,1766
test3_43,187.0,disulfoton sulfone-1,1,0,0,GREEN,1767
test3_9,232.0,clethodim sulfone-2,2,0,1,RED,1768
test3_21,162.0,fenamiphos sulfone-2,1,0,0,GREEN,1769
test3_23,497.0,diazinon-1,1,0,0,GREEN,1770
test3_42,410.0,cyproconazole-2,2,0,2,RED,1771
test3_41,598.0,oxaziclomefone-2,1,0,0,GREEN,1772
test3_24,443.0,kresoxim-methyl-1,1,0,0,GREEN,1773
test3_14,243.0,flumorph-1,1,0,0,GREEN,1774
test3_32,185.0,isoprocarb-1,1,0,0,GREEN,1775
test3_34,630.0,Picolinafen-2,1,0,0,GREEN,1776
test3_17,18.0,oxamyl-2,1,0,1,YELLOW,1777
test3_18,268.0,albendazole-2,1,0,0,GREEN,1778
test3_36,346.0,sedaxane-2,2,0,1,RED,1779
test3_28,593.0,quizalofop-ethyl-1,1,0,0,GREEN,1780
test3_43,439.0,quinalphos-1,1,0,0,GREEN,1781
test3_45,183.0,phorate sulfoxide-1,1,0,0,GREEN,1782
test3_10,132.0,spirotetramat-mono-hydroxy-2,1,0,0,GREEN,1783
test3_12,324.0,flutolanil-2,1,0,0,GREEN,1784
test3_40,621.0,furathiocarb-1,1,0,0,GREEN,1785
test3_30,398.0,propisochlor-2,1,0,0,GREEN,1786
test3_13,76.0,thiacloprid-2,1,0,1,YELLOW,1787
test3_37,93.0,thiabendazole-1,1,0,0,GREEN,1788
test3_21,608.0,sethoxydim-2,3,1,2,RED,1789
test3_27,242.0,metazosulfuron-2,1,0,0,GREEN,1790
test3_17,339.0,ethoxysulfuron-1,1,0,0,GREEN,1791
test3_23,318.0,dimethomorph-2,2,0,1,RED,1792
test3_19,50.0,vamidothion-2,1,0,0,GREEN,1793
test3_42,504.0,flubendiamide-2,2,0,1,RED,1794
test3_43,641.0,spinetoram L-1,1,0,0,GREEN,1795
test3_45,132.0,spirotetramat-mono-hydroxy-2,1,0,0,GREEN,1796
test3_7,107.0,cinosulfuron-1,1,0,0,GREEN,1797
test3_8,90.0,fensulfothion oxon sulfone-2,2,0,1,RED,1798
test3_21,244.0,flumorph-2,1,0,0,GREEN,1799
test3_27,540.0,cyflufenamid-2,1,0,0,GREEN,1800
test3_47,64.0,metamitron-2,1,0,0,GREEN,1801
test3_32,445.0,penconazole-1,1,0,0,GREEN,1802
test3_39,657.0,pyribenzoxim-1,1,0,0,GREEN,1803
test3_38,656.0,emamectin B1a-2,1,0,0,GREEN,1804
test3_16,289.0,fenamidone-1,1,0,0,GREEN,1805
test3_42,169.0,cyantraniliprole-1,1,0,0,GREEN,1806
test3_8,341.0,procymidone-1,1,0,1,YELLOW,1807
test3_10,220.0,isoxaflutole-2,2,0,1,RED,1808
test3_47,334.0,myclobutanil-2,1,0,0,GREEN,1809
test3_32,473.0,sulfotep-1,1,0,0,GREEN,1810
test3_14,408.0,chromafenozide-2,2,0,1,RED,1811
test3_30,39.0,imidacloprid-1,1,0,0,GREEN,1812
test3_3,336.0,mandipropamid-2,2,1,0,GREEN,1813
test3_9,429.0,flusilazole-1,1,0,0,GREEN,1814
test3_43,453.0,fenthion-1,1,0,0,GREEN,1815
test3_32,179.0,disulfoton sulfoxide-1,1,0,0,GREEN,1816
test3_33,689.0,bioresmethrin-1,1,0,0,GREEN,1817
test3_35,566.0,triflumizole-2,1,0,0,GREEN,1818
test3_8,468.0,Penflufen-2,1,0,0,GREEN,1819
test3_33,122.0,phenamacril-2,1,0,0,GREEN,1820
test3_35,564.0,ipconazole-2,2,0,1,RED,1821
test3_9,193.0,flutriafol-1,1,0,1,YELLOW,1822
test3_10,131.0,spirotetramat-mono-hydroxy-1,1,0,1,YELLOW,1823
test3_48,490.0,anilofos-2,1,0,0,GREEN,1824
test3_42,97.0,phosmet oxon-1,1,0,0,GREEN,1825
test3_44,162.0,fenamiphos sulfone-2,1,0,0,GREEN,1826
test3_40,144.0,chlorsulfuron-2,1,0,0,GREEN,1827
test3_29,80.0,mevinphos-2,1,0,0,GREEN,1828
test3_15,347.0,triadimenol-1,1,0,0,GREEN,1829
test3_36,30.0,monocrotophos-2,2,0,1,RED,1830
test3_33,498.0,diazinon-2,1,0,0,GREEN,1831
test3_28,555.0,spinosad A-1,1,0,0,GREEN,1832
test3_40,568.0,amisulbrom-2,1,0,0,GREEN,1833
test3_56,293.0,Dimethenamid-P-1,1,0,0,GREEN,1834
test3_25,411.0,uniconazole-1,2,0,1,RED,1835
test3_10,387.0,napropamide-1,1,0,0,GREEN,1836
test3_15,628.0,pyriproxyfen-2,1,0,0,GREEN,1837
test3_3,343.0,triadimefon-1,1,0,1,YELLOW,1838
test3_30,30.0,monocrotophos-2,1,0,0,GREEN,1839
test3_44,263.0,linuron-1,1,0,0,GREEN,1840
test3_7,560.0,prosulfocarb-2,2,1,0,GREEN,1841
test3_48,334.0,myclobutanil-2,1,0,0,GREEN,1842
test3_52,36.0,spirotetramat-enol-2,1,0,0,GREEN,1843
test3_47,311.0,chlorpropham-1,1,0,0,GREEN,1844
test3_40,17.0,oxamyl-1,4,1,2,RED,1845
test3_24,150.0,amidosulfuron-2,1,0,0,GREEN,1846
test3_24,375.0,iprovalicarb-1,1,0,0,GREEN,1847
test3_38,227.0,fenpropidin-1,1,0,1,YELLOW,1848
test3_6,604.0,oxyfluorfen-2,1,0,0,GREEN,1849
test3_17,302.0,halosulfuron-methyl-2,1,0,0,GREEN,1850
test3_12,519.0,phosalone-1,1,0,0,GREEN,1851
test3_11,253.0,chlorantraniliprole-1,1,0,0,GREEN,1852
test3_7,475.0,isofenphos-methyl-1,1,0,0,GREEN,1853
test3_12,271.0,pyriftalid-1,1,0,0,GREEN,1854
test3_40,418.0,fenothiocarb-2,1,0,0,GREEN,1855
test3_39,383.0,flufenacet-1,1,0,0,GREEN,1856
test3_46,118.0,triasulfuron-2,1,0,0,GREEN,1857
test3_24,166.0,fenthion sulfone-2,1,0,0,GREEN,1858
test3_56,192.0,phorate sulfone-2,1,0,0,GREEN,1859
test3_36,417.0,fenothiocarb-1,1,0,0,GREEN,1860
test3_17,5.0,methomyl-1,3,1,1,RED,1861
test3_32,488.0,prochloraz metabolite BTS44595-2,1,0,0,GREEN,1862
test3_45,12.0,aldicarb sulfoxide-2,2,0,1,RED,1863
test3_5,65.0,sulfoxaflor-1,2,0,1,RED,1864
test3_24,381.0,alachlor-1,1,0,0,GREEN,1865
test3_17,232.0,clethodim sulfone-2,1,0,0,GREEN,1866
test3_40,164.0,fenthion sulfoxide-2,1,0,0,GREEN,1867
test3_54,539.0,cyflufenamid-1,1,0,0,GREEN,1868
test3_49,610.0,cyflumetofen-2,1,0,0,GREEN,1869
test3_15,267.0,albendazole-1,1,0,0,GREEN,1870
test3_4,585.0,pyrethrins II-1,2,1,0,GREEN,1871
test3_38,294.0,Dimethenamid-P-2,1,0,0,GREEN,1872
test3_37,406.0,epoxiconazole-2,1,0,0,GREEN,1873
test3_17,39.0,imidacloprid-1,1,0,0,GREEN,1874
test3_15,257.0,pyrimethanil-1,1,0,0,GREEN,1875
test3_30,419.0,cyprodinil-1,1,0,0,GREEN,1876
test3_53,41.0,clothianidin-1,1,0,0,GREEN,1877
test3_3,268.0,albendazole-2,1,0,0,GREEN,1878
test3_27,139.0,hexazinone-1,1,0,0,GREEN,1879
test3_27,426.0,Fenoxycarb-2,1,0,0,GREEN,1880
test3_55,118.0,triasulfuron-2,1,0,0,GREEN,1881
test3_3,650.0,hexythiazox-2,2,0,2,RED,1882
test3_41,664.0,flumetralin-2,1,0,0,GREEN,1883
test3_35,215.0,tribenuron-methyl-1,1,0,0,GREEN,1884
test3_25,603.0,oxyfluorfen-1,2,1,0,GREEN,1885
test3_14,576.0,butachlor-2,3,1,1,RED,1886
test3_41,455.0,etrimfos-1,1,0,0,GREEN,1887
test3_21,521.0,prochloraz-1,1,0,0,GREEN,1888
test3_21,10.0,oxamyl oxime-2,1,0,1,YELLOW,1889
test3_9,262.0,promecarb-2,3,0,2,RED,1890
test3_40,644.0,ethion-2,1,0,0,GREEN,1891
test3_11,234.0,fensulfothion sulfone-2,1,0,0,GREEN,1892
test3_54,421.0,fenoxanil-1,1,0,0,GREEN,1893
test3_24,379.0,acetochlor-1,1,0,0,GREEN,1894
test3_51,185.0,isoprocarb-1,1,0,0,GREEN,1895
test3_33,585.0,pyrethrins II-1,1,0,0,GREEN,1896
test3_50,291.0,fenpropimorph-1,1,0,0,GREEN,1897
test3_15,683.0,spirodiclofen-1,3,0,2,RED,1898
test3_27,372.0,fluopyram-2,1,0,0,GREEN,1899
test3_20,529.0,pyraclostrobin-1,1,0,0,GREEN,1900
test3_23,67.0,demeton-S-sulfoxide-1,1,0,1,YELLOW,1901
test3_42,490.0,anilofos-2,1,0,0,GREEN,1902
test3_25,140.0,hexazinone-2,1,0,0,GREEN,1903
test3_8,679.0,chlorfluazuron-1,1,0,0,GREEN,1904
test3_43,115.0,dichlorvos-1,1,0,0,GREEN,1905
test3_27,309.0,azoxystrobin-1,1,0,0,GREEN,1906
test3_40,415.0,fenbuconazole-1,1,0,0,GREEN,1907
test3_30,635.0,chlorpyrifos-1,1,0,0,GREEN,1908
test3_50,617.0,fluazifop-1,1,0,0,GREEN,1909
test3_38,634.0,lactofen-2,1,0,0,GREEN,1910
test3_50,393.0,iprodione-1,1,0,0,GREEN,1911
test3_38,590.0,spinosad D-2,1,0,0,GREEN,1912
test3_13,418.0,fenothiocarb-2,1,0,0,GREEN,1913
test3_31,452.0,phenthoate-2,2,0,1,RED,1914
test3_51,664.0,flumetralin-2,1,0,0,GREEN,1915
test3_4,271.0,pyriftalid-1,1,0,0,GREEN,1916
test3_53,473.0,sulfotep-1,1,0,0,GREEN,1917
test3_22,209.0,propachlor-1,1,0,0,GREEN,1918
test3_16,340.0,ethoxysulfuron-2,1,0,0,GREEN,1919
test3_34,565.0,triflumizole-1,1,0,0,GREEN,1920
test3_20,668.0,flufenoxuron-2,1,0,0,GREEN,1921
test3_3,178.0,simetryn-2,1,0,0,GREEN,1922
test3_7,649.0,hexythiazox-1,1,0,0,GREEN,1923
test3_32,92.0,tricyclazole-2,1,0,0,GREEN,1924
test3_30,64.0,metamitron-2,1,0,0,GREEN,1925
test3_25,390.0,ethoprophos-2,1,0,0,GREEN,1926
test3_15,368.0,methoxyfenozide-2,2,0,2,RED,1927
test3_26,37.0,spirotetramat-enol-glucoside-1,5,0,4,RED,1928
test3_48,196.0,atrazine-2,1,0,0,GREEN,1929
test3_39,656.0,emamectin B1a-2,1,0,0,GREEN,1930
test3_39,616.0,metamifop-2,1,0,0,GREEN,1931
test3_47,541.0,pyraoxystrobin-1,1,0,0,GREEN,1932
test3_15,284.0,terbufos sulfoxide-2,2,0,2,RED,1933
test3_50,26.0,thiamethoxam-2,1,0,0,GREEN,1934
test3_56,269.0,benazolin-ethyl-1,1,0,0,GREEN,1935
test3_4,3.0,propamocarb-1,1,0,0,GREEN,1936
test3_31,116.0,dichlorvos-2,1,0,0,GREEN,1937
test3_51,208.0,metazachlor-2,1,0,0,GREEN,1938
test3_43,166.0,fenthion sulfone-2,1,0,0,GREEN,1939
test3_39,635.0,chlorpyrifos-1,1,0,0,GREEN,1940
test3_42,682.0,fenpyroximate-2,1,0,0,GREEN,1941
test3_50,537.0,pencycuron-1,1,0,0,GREEN,1942
test3_42,75.0,thiacloprid-1,1,0,0,GREEN,1943
test3_25,300.0,ethiprole-2,1,0,0,GREEN,1944
test3_48,209.0,propachlor-1,1,0,0,GREEN,1945
test3_18,569.0,trifloxystrobin-1,1,0,0,GREEN,1946
test3_42,342.0,procymidone-2,1,0,0,GREEN,1947
test3_32,522.0,prochloraz-2,1,0,0,GREEN,1948
test3_38,588.0,fenaminstrobin-2,1,0,0,GREEN,1949
test3_10,563.0,ipconazole-1,2,0,1,RED,1950
test3_21,187.0,disulfoton sulfone-1,1,0,0,GREEN,1951
test3_52,137.0,simazine-1,1,0,0,GREEN,1952
test3_8,588.0,fenaminstrobin-2,1,0,0,GREEN,1953
test3_49,483.0,pyrametostrobin-1,1,0,0,GREEN,1954
test3_40,269.0,benazolin-ethyl-1,1,0,0,GREEN,1955
test3_11,53.0,diethyl aminoethyl hexanoate-1,1,0,0,GREEN,1956
test3_37,169.0,cyantraniliprole-1,1,0,0,GREEN,1957
test3_27,187.0,disulfoton sulfone-1,1,0,0,GREEN,1958
test3_46,582.0,fluoroglycofen-ethyl-2,1,0,0,GREEN,1959
test3_4,693.0,methoprene-1,1,0,0,GREEN,1960
test3_35,306.0,boscalid-2,1,0,0,GREEN,1961
test3_41,382.0,alachlor-2,1,0,0,GREEN,1962
test3_26,19.0,oxydemeton-methyl-1,1,0,0,GREEN,1963
test3_17,412.0,uniconazole-2,2,0,1,RED,1964
test3_6,354.0,triflusulfuron-methyl-2,5,0,4,RED,1965
test3_19,692.0,tau-fluvalinate-2,4,0,3,RED,1966
test3_52,252.0,ametryn-2,1,0,0,GREEN,1967
test3_32,281.0,ethofumesate-1,1,0,1,YELLOW,1968
test3_44,368.0,methoxyfenozide-2,1,0,0,GREEN,1969
test3_51,571.0,clethodim-1,1,0,0,GREEN,1970
test3_38,204.0,isoproturon-2,1,0,0,GREEN,1971
test3_4,234.0,fensulfothion sulfone-2,1,0,1,YELLOW,1972
test3_12,273.0,bensulfuron-methyl-1,1,0,0,GREEN,1973
test3_14,394.0,iprodione-2,2,0,2,RED,1974
test3_49,639.0,triallate-1,1,0,0,GREEN,1975
test3_40,149.0,amidosulfuron-1,1,0,0,GREEN,1976
test3_42,343.0,triadimefon-1,1,0,0,GREEN,1977
test3_28,457.0,picoxystrobin-1,1,0,0,GREEN,1978
test3_23,495.0,phorate-1,4,2,1,RED,1979
test3_35,74.0,demeton-S-sulfone-2,1,0,0,GREEN,1980
test3_49,636.0,chlorpyrifos-2,1,0,0,GREEN,1981
test3_33,456.0,etrimfos-2,1,0,0,GREEN,1982
test3_35,318.0,dimethomorph-2,2,0,1,RED,1983
test3_11,682.0,fenpyroximate-2,2,1,0,GREEN,1984
test3_7,352.0,pyrazosulfuron-ethyl-2,1,0,0,GREEN,1985
test3_21,261.0,promecarb-1,2,0,1,RED,1986
test3_42,27.0,chlordimeform-1,1,0,0,GREEN,1987
test3_32,533.0,metrafenone-1,1,0,0,GREEN,1988
test3_37,630.0,Picolinafen-2,1,0,0,GREEN,1989
test3_14,159.0,carboxin-1,1,0,0,GREEN,1990
test3_22,355.0,mefenacet-1,1,0,0,GREEN,1991
test3_8,374.0,triticonazole-2,1,0,0,GREEN,1992
test3_53,444.0,kresoxim-methyl-2,1,0,0,GREEN,1993
test3_19,107.0,cinosulfuron-1,1,0,0,GREEN,1994
test3_25,138.0,simazine-2,2,0,1,RED,1995
test3_46,593.0,quizalofop-ethyl-1,1,0,0,GREEN,1996
test3_11,108.0,cinosulfuron-2,1,0,0,GREEN,1997
test3_27,310.0,azoxystrobin-2,1,0,0,GREEN,1998
test3_24,362.0,triazophos-2,1,0,0,GREEN,1999
test3_51,673.0,spiromesifen-1,1,0,0,GREEN,2000
test3_46,317.0,dimethomorph-1,2,0,1,RED,2001
test3_7,36.0,spirotetramat-enol-2,2,0,2,RED,2002
test3_11,151.0,fenamiphos sulfoxide-1,3,1,1,RED,2003
test3_18,14.0,dinotefuran-2,1,0,0,GREEN,2004
test3_56,80.0,mevinphos-2,1,0,0,GREEN,2005
test3_34,247.0,azinphos-methyl-1,1,0,0,GREEN,2006
test3_19,184.0,phorate sulfoxide-2,1,0,0,GREEN,2007
test3_21,460.0,fluthiacet-methyl-2,1,0,0,GREEN,2008
test3_9,515.0,oxadiargyl-1,3,0,2,RED,2009
test3_52,564.0,ipconazole-2,2,0,1,RED,2010
test3_24,405.0,epoxiconazole-1,1,0,0,GREEN,2011
test3_20,688.0,fenazaquin-2,1,0,0,GREEN,2012
test3_24,70.0,methiocarb sulfone-2,1,0,0,GREEN,2013
test3_45,137.0,simazine-1,1,0,0,GREEN,2014
test3_29,638.0,piperonyl butoxide-2,1,0,0,GREEN,2015
test3_33,104.0,phosphamidon-2,1,0,0,GREEN,2016
test3_56,692.0,tau-fluvalinate-2,2,0,1,RED,2017
test3_43,215.0,tribenuron-methyl-1,1,0,0,GREEN,2018
test3_44,45.0,imidaclothiz-1,1,0,0,GREEN,2019
test3_35,457.0,picoxystrobin-1,1,0,0,GREEN,2020
test3_36,541.0,pyraoxystrobin-1,2,0,1,RED,2021
test3_24,229.0,iodosulfuron-methyl-sodium-1,1,0,0,GREEN,2022
test3_14,476.0,isofenphos-methyl-2,1,0,0,GREEN,2023
test3_13,498.0,diazinon-2,1,0,0,GREEN,2024
test3_41,339.0,ethoxysulfuron-1,1,0,0,GREEN,2025
test3_19,636.0,chlorpyrifos-2,1,0,0,GREEN,2026
test3_51,643.0,ethion-1,1,0,0,GREEN,2027
test3_53,296.0,terbuthylazine-2,1,0,0,GREEN,2028
test3_53,517.0,chlorpyrifos-methyl-1,1,0,0,GREEN,2029
test3_9,45.0,imidaclothiz-1,1,0,0,GREEN,2030
test3_41,660.0,lufenuron-2,1,0,0,GREEN,2031
test3_47,104.0,phosphamidon-2,1,0,0,GREEN,2032
test3_6,237.0,clethodim sulfoxide-1,2,0,1,RED,2033
test3_56,187.0,disulfoton sulfone-1,1,0,0,GREEN,2034
test3_48,553.0,isopyrazam-1,1,0,0,GREEN,2035
test3_49,300.0,ethiprole-2,1,0,0,GREEN,2036
test3_37,60.0,trichlorfon-2,1,0,0,GREEN,2037
test3_23,410.0,cyproconazole-2,2,0,1,RED,2038
test3_17,60.0,trichlorfon-2,2,0,1,RED,2039
test3_27,284.0,terbufos sulfoxide-2,3,2,0,GREEN,2040
test3_25,148.0,malaoxon-2,1,0,0,GREEN,2041
test3_6,519.0,phosalone-1,2,0,1,RED,2042
test3_20,519.0,phosalone-1,1,0,0,GREEN,2043
test3_38,508.0,benalaxyl-2,1,0,0,GREEN,2044
test3_46,474.0,sulfotep-2,1,0,0,GREEN,2045
test3_32,99.0,oxadixyl-1,1,0,0,GREEN,2046
test3_52,121.0,phenamacril-1,2,1,0,GREEN,2047
test3_8,492.0,propiconazole-2,2,0,2,RED,2048
test3_38,454.0,fenthion-2,1,0,0,GREEN,2049
test3_20,465.0,tebuconazole-1,2,1,0,GREEN,2050
test3_31,273.0,bensulfuron-methyl-1,1,0,0,GREEN,2051
test3_52,669.0,etoxazole-1,1,0,0,GREEN,2052
test3_30,628.0,pyriproxyfen-2,1,0,0,GREEN,2053
test3_48,563.0,ipconazole-1,2,0,1,RED,2054
test3_45,2.0,methamidophos-2,1,0,1,YELLOW,2055
test3_44,438.0,phoxim-2,1,0,0,GREEN,2056
test3_4,53.0,diethyl aminoethyl hexanoate-1,1,0,0,GREEN,2057
test3_35,676.0,Proquinazid-2,1,0,0,GREEN,2058
test3_56,612.0,enestroburin-2,1,0,0,GREEN,2059
test3_31,91.0,tricyclazole-1,1,0,0,GREEN,2060
test3_50,207.0,metazachlor-1,1,0,0,GREEN,2061
test3_41,251.0,ametryn-1,1,0,0,GREEN,2062
test3_39,3.0,propamocarb-1,1,0,0,GREEN,2063
test3_10,464.0,tebufenozide-2,3,0,2,RED,2064
test3_38,171.0,penoxsulam-1,1,0,0,GREEN,2065
test3_14,542.0,pyraoxystrobin-2,2,0,1,RED,2066
test3_4,283.0,terbufos sulfoxide-1,2,0,1,RED,2067
test3_22,508.0,benalaxyl-2,2,1,0,GREEN,2068
test3_48,352.0,pyrazosulfuron-ethyl-2,1,0,0,GREEN,2069
test3_14,505.0,metconazole-1,2,0,1,RED,2070
test3_41,451.0,phenthoate-1,2,0,1,RED,2071
test3_44,218.0,fensulfothion-2,1,0,0,GREEN,2072
test3_10,645.0,pendimethalin-1,1,0,0,GREEN,2073
test3_53,335.0,mandipropamid-1,1,0,0,GREEN,2074
test3_16,352.0,pyrazosulfuron-ethyl-2,1,0,0,GREEN,2075
test3_45,419.0,cyprodinil-1,1,0,0,GREEN,2076
test3_40,86.0,fensulfothion oxon-2,1,0,0,GREEN,2077
test3_20,475.0,isofenphos-methyl-1,1,0,0,GREEN,2078
test3_8,661.0,butralin-1,1,0,0,GREEN,2079
test3_30,567.0,amisulbrom-1,1,0,0,GREEN,2080
test3_24,322.0,fluopicolide-2,1,0,0,GREEN,2081
test3_31,267.0,albendazole-1,1,0,0,GREEN,2082
test3_9,176.0,chlortoluron-2,1,0,0,GREEN,2083
test3_12,549.0,difenoconazole-1,1,0,0,GREEN,2084
test3_45,536.0,bifenox-2,4,1,2,RED,2085
test3_31,443.0,kresoxim-methyl-1,1,0,0,GREEN,2086
test3_11,5.0,methomyl-1,1,0,0,GREEN,2087
test3_12,51.0,3-hydroxy carbofuran-1,1,0,1,YELLOW,2088
test3_36,355.0,mefenacet-1,1,0,0,GREEN,2089
test3_5,654.0,coumoxystrobin-2,1,0,0,GREEN,2090
test3_21,373.0,triticonazole-1,1,0,0,GREEN,2091
test3_49,510.0,pyrimorph-2,1,0,0,GREEN,2092
test3_16,20.0,oxydemeton-methyl-2,5,1,4,RED,2093
test3_54,257.0,pyrimethanil-1,1,0,0,GREEN,2094
test3_30,653.0,coumoxystrobin-1,1,0,0,GREEN,2095
test3_25,449.0,Diclobutrazol-1,2,0,1,RED,2096
test3_47,567.0,amisulbrom-1,1,0,0,GREEN,2097
test3_19,316.0,paclobutrazol-2,1,0,0,GREEN,2098
test3_20,88.0,phosfolan-2,1,0,0,GREEN,2099
test3_52,268.0,albendazole-2,1,0,0,GREEN,2100
test3_42,390.0,ethoprophos-2,1,0,0,GREEN,2101
test3_11,604.0,oxyfluorfen-2,1,0,0,GREEN,2102
test3_16,460.0,fluthiacet-methyl-2,1,0,0,GREEN,2103
test3_11,635.0,chlorpyrifos-1,3,2,0,GREEN,2104
test3_17,333.0,myclobutanil-1,1,0,0,GREEN,2105
test3_32,406.0,epoxiconazole-2,1,0,0,GREEN,2106
test3_4,603.0,oxyfluorfen-1,2,0,1,RED,2107
test3_22,166.0,fenthion sulfone-2,2,0,1,RED,2108
test3_10,261.0,promecarb-1,3,0,3,RED,2109
test3_19,678.0,pyrethrins I-2,2,0,1,RED,2110
test3_55,29.0,monocrotophos-1,1,0,0,GREEN,2111
test3_31,449.0,Diclobutrazol-1,2,0,1,RED,2112
test3_39,11.0,aldicarb sulfoxide-1,1,0,0,GREEN,2113
test3_55,597.0,oxaziclomefone-1,1,0,0,GREEN,2114
test3_22,363.0,pyridaphenthion-1,1,0,0,GREEN,2115
test3_32,358.0,isazofos-2,1,0,0,GREEN,2116
test3_30,517.0,chlorpyrifos-methyl-1,1,0,0,GREEN,2117
test3_8,525.0,bitertanol-1,3,0,3,RED,2118
test3_53,566.0,triflumizole-2,1,0,0,GREEN,2119
test3_23,394.0,iprodione-2,2,0,1,RED,2120
test3_55,684.0,spirodiclofen-2,1,0,0,GREEN,2121
test3_48,548.0,ametoctradin-2,1,0,0,GREEN,2122
test3_49,494.0,edifenphos-2,1,0,0,GREEN,2123
test3_16,525.0,bitertanol-1,3,0,2,RED,2124
test3_43,445.0,penconazole-1,1,0,0,GREEN,2125
test3_45,88.0,phosfolan-2,1,0,0,GREEN,2126
test3_22,223.0,metalaxyl-1,1,0,0,GREEN,2127
test3_13,480.0,zoxamide-2,1,0,0,GREEN,2128
test3_18,41.0,clothianidin-1,1,0,0,GREEN,2129
test3_12,447.0,silthiofam-1,1,0,1,YELLOW,2130
test3_8,463.0,tebufenozide-1,2,0,2,RED,2131
test3_56,146.0,ethirimol-2,1,0,0,GREEN,2132
test3_12,424.0,bupirimate-2,1,0,0,GREEN,2133
test3_29,396.0,metolachlor-2,1,0,0,GREEN,2134
test3_41,101.0,metolcarb-1,1,0,0,GREEN,2135
test3_14,402.0,cyazofamid-2,2,0,2,RED,2136
test3_9,671.0,fenpropathrin-1,5,0,5,RED,2137
test3_36,582.0,fluoroglycofen-ethyl-2,1,0,0,GREEN,2138
test3_52,399.0,diflubenzuron-1,2,0,1,RED,2139
test3_33,48.0,methiocarb sulfoxide-2,1,0,0,GREEN,2140
test3_41,684.0,spirodiclofen-2,1,0,0,GREEN,2141
test3_21,398.0,propisochlor-2,2,0,1,RED,2142
test3_36,420.0,cyprodinil-2,2,0,1,RED,2143
test3_48,656.0,emamectin B1a-2,1,0,0,GREEN,2144
test3_28,479.0,zoxamide-1,1,0,0,GREEN,2145
test3_41,625.0,propaquizafop-1,1,0,0,GREEN,2146
test3_50,310.0,azoxystrobin-2,1,0,0,GREEN,2147
test3_38,694.0,methoprene-2,2,0,1,RED,2148
test3_53,495.0,phorate-1,1,0,0,GREEN,2149
test3_27,568.0,amisulbrom-2,2,0,1,RED,2150
test3_25,563.0,ipconazole-1,2,1,0,GREEN,2151
test3_13,226.0,orthosulfamuron-2,1,0,0,GREEN,2152
test3_52,452.0,phenthoate-2,1,0,0,GREEN,2153
test3_13,499.0,pyraflufen-ethyl-1,1,0,0,GREEN,2154
test3_20,649.0,hexythiazox-1,1,0,0,GREEN,2155
test3_35,684.0,spirodiclofen-2,1,0,0,GREEN,2156
test3_52,25.0,thiamethoxam-1,1,0,0,GREEN,2157
test3_38,54.0,diethyl aminoethyl hexanoate-2,1,0,0,GREEN,2158
test3_7,500.0,pyraflufen-ethyl-2,4,3,0,GREEN,2159
test3_10,301.0,halosulfuron-methyl-1,1,0,0,GREEN,2160
test3_11,284.0,terbufos sulfoxide-2,2,0,2,RED,2161
test3_53,401.0,cyazofamid-1,1,0,0,GREEN,2162
test3_36,244.0,flumorph-2,1,0,0,GREEN,2163
test3_54,611.0,enestroburin-1,1,0,0,GREEN,2164
test3_23,687.0,fenazaquin-1,1,0,0,GREEN,2165
test3_55,613.0,imibenconazole-1,1,0,0,GREEN,2166
test3_10,491.0,propiconazole-1,2,0,2,RED,2167
test3_6,668.0,flufenoxuron-2,1,0,0,GREEN,2168
test3_10,484.0,pyrametostrobin-2,1,0,0,GREEN,2169
test3_27,163.0,fenthion sulfoxide-1,1,0,0,GREEN,2170
test3_52,527.0,diniconazole-1,1,0,0,GREEN,2171
test3_39,356.0,mefenacet-2,1,0,0,GREEN,2172
test3_25,217.0,fensulfothion-1,1,0,0,GREEN,2173
test3_8,501.0,tolclofos-methyl-1,1,0,0,GREEN,2174
test3_18,470.0,iprobenfos-2,2,1,1,YELLOW,2175
test3_32,49.0,vamidothion-1,1,0,0,GREEN,2176
test3_35,129.0,propoxur-1,1,0,0,GREEN,2177
test3_41,58.0,acetamiprid-2,1,0,0,GREEN,2178
test3_34,665.0,propargite-1,1,0,0,GREEN,2179
test3_31,69.0,methiocarb sulfone-1,1,0,0,GREEN,2180
test3_50,406.0,epoxiconazole-2,1,0,0,GREEN,2181
test3_22,495.0,phorate-1,2,1,0,GREEN,2182
test3_35,170.0,cyantraniliprole-2,1,0,0,GREEN,2183
test3_4,489.0,anilofos-1,1,0,0,GREEN,2184
test3_28,517.0,chlorpyrifos-methyl-1,1,0,0,GREEN,2185
test3_16,680.0,chlorfluazuron-2,1,0,0,GREEN,2186
test3_47,366.0,fenhexamid-2,1,0,0,GREEN,2187
test3_38,3.0,propamocarb-1,1,0,0,GREEN,2188
test3_9,188.0,disulfoton sulfone-2,5,2,3,RED,2189
test3_33,574.0,indoxacarb-2,1,0,0,GREEN,2190
test3_23,290.0,fenamidone-2,1,0,0,GREEN,2191
test3_54,507.0,benalaxyl-1,1,0,0,GREEN,2192
test3_39,49.0,vamidothion-1,1,0,0,GREEN,2193
test3_30,690.0,bioresmethrin-2,1,0,0,GREEN,2194
test3_41,205.0,diuron-1,1,0,0,GREEN,2195
test3_8,696.0,etofenprox-2,2,0,2,RED,2196
test3_39,403.0,spirotetramat-1,1,0,0,GREEN,2197
test3_22,204.0,isoproturon-2,1,0,0,GREEN,2198
test3_23,311.0,chlorpropham-1,1,0,0,GREEN,2199
test3_35,568.0,amisulbrom-2,1,0,0,GREEN,2200
test3_36,126.0,bendiocarb-2,2,1,0,GREEN,2201
test3_50,270.0,benazolin-ethyl-2,1,0,0,GREEN,2202
test3_29,71.0,Chloridazon-1,1,0,0,GREEN,2203
test3_51,689.0,bioresmethrin-1,1,0,0,GREEN,2204
test3_9,568.0,amisulbrom-2,3,0,3,RED,2205
test3_24,637.0,piperonyl butoxide-1,1,0,0,GREEN,2206
test3_12,30.0,monocrotophos-2,1,0,0,GREEN,2207
test3_19,452.0,phenthoate-2,2,0,1,RED,2208
test3_41,238.0,clethodim sulfoxide-2,1,0,0,GREEN,2209
test3_32,148.0,malaoxon-2,1,0,0,GREEN,2210
test3_56,7.0,omethoate-1,1,0,1,YELLOW,2211
test3_41,173.0,fosthiazate-1,1,0,0,GREEN,2212
test3_41,618.0,fluazifop-2,1,0,0,GREEN,2213
test3_5,151.0,fenamiphos sulfoxide-1,2,0,2,RED,2214
test3_39,615.0,metamifop-1,1,0,0,GREEN,2215
test3_21,491.0,propiconazole-1,1,0,1,YELLOW,2216
test3_27,125.0,bendiocarb-1,1,0,0,GREEN,2217
test3_52,90.0,fensulfothion oxon sulfone-2,1,0,0,GREEN,2218
test3_44,493.0,edifenphos-1,1,0,0,GREEN,2219
test3_55,15.0,nitenpyram-1,1,0,0,GREEN,2220
test3_21,405.0,epoxiconazole-1,1,0,0,GREEN,2221
test3_5,483.0,pyrametostrobin-1,1,0,0,GREEN,2222
test3_3,48.0,methiocarb sulfoxide-2,2,0,1,RED,2223
test3_54,434.0,rotenone-2,1,0,0,GREEN,2224
test3_45,557.0,diflufenican-1,1,0,0,GREEN,2225
test3_18,348.0,triadimenol-2,1,0,1,YELLOW,2226
test3_43,5.0,methomyl-1,1,0,0,GREEN,2227
test3_29,141.0,pirimicarb-desmethyl-formamido-1,1,0,0,GREEN,2228
test3_12,120.0,thiophanate-methyl-2,2,0,1,RED,2229
test3_12,345.0,sedaxane-1,2,0,1,RED,2230
test3_46,200.0,tritosulfuron-2,3,0,3,RED,2231
test3_50,631.0,tolfenpyrad-1,1,0,0,GREEN,2232
test3_46,571.0,clethodim-1,1,0,1,YELLOW,2233
test3_53,194.0,flutriafol-2,1,0,0,GREEN,2234
test3_14,630.0,Picolinafen-2,1,0,0,GREEN,2235
test3_42,332.0,malathion-2,1,0,0,GREEN,2236
test3_52,359.0,propyrisulfuron-1,1,0,1,YELLOW,2237
test3_5,263.0,linuron-1,2,0,2,RED,2238
test3_51,156.0,tebuthiuron-2,1,0,0,GREEN,2239
test3_40,377.0,fenarimol-1,1,0,0,GREEN,2240
test3_7,559.0,prosulfocarb-1,1,0,0,GREEN,2241
test3_34,402.0,cyazofamid-2,1,0,0,GREEN,2242
test3_19,434.0,rotenone-2,1,0,0,GREEN,2243
test3_46,612.0,enestroburin-2,1,0,0,GREEN,2244
test3_29,651.0,tralkoxydim-1,1,0,1,RED,2245
test3_12,285.0,diethofencarb-1,1,0,0,GREEN,2246
test3_5,213.0,forchlorfenuron-1,1,0,0,GREEN,2247
test3_52,600.0,spinetoram J-2,1,0,0,GREEN,2248
test3_4,299.0,ethiprole-1,2,0,2,RED,2249
test3_27,389.0,ethoprophos-1,1,0,0,GREEN,2250
test3_11,583.0,hexaflumuron-1,1,0,0,GREEN,2251
test3_40,278.0,terbufos sulfone-2,2,0,1,RED,2252
test3_43,515.0,oxadiargyl-1,1,0,0,GREEN,2253
test3_7,310.0,azoxystrobin-2,1,0,0,GREEN,2254
test3_31,626.0,propaquizafop-2,1,0,0,GREEN,2255
test3_51,206.0,diuron-2,1,0,0,GREEN,2256
test3_25,488.0,prochloraz metabolite BTS44595-2,1,0,0,GREEN,2257
test3_5,419.0,cyprodinil-1,1,0,1,YELLOW,2258
test3_32,87.0,phosfolan-1,1,0,0,GREEN,2259
test3_19,246.0,clomazone-2,1,0,0,GREEN,2260
test3_44,418.0,fenothiocarb-2,1,0,0,GREEN,2261
test3_37,443.0,kresoxim-methyl-1,1,0,0,GREEN,2262
test3_43,244.0,flumorph-2,1,0,0,GREEN,2263
test3_49,687.0,fenazaquin-1,1,0,0,GREEN,2264
test3_47,45.0,imidaclothiz-1,1,0,0,GREEN,2265
test3_30,16.0,nitenpyram-2,1,0,0,GREEN,2266
test3_15,79.0,mevinphos-1,2,0,1,RED,2267
test3_16,480.0,zoxamide-2,1,0,0,GREEN,2268
test3_34,163.0,fenthion sulfoxide-1,1,0,0,GREEN,2269
test3_36,699.0,bifenthrin-1,3,0,2,RED,2270
test3_25,204.0,isoproturon-2,1,0,1,YELLOW,2271
test3_36,643.0,ethion-1,1,0,0,GREEN,2272
test3_49,405.0,epoxiconazole-1,1,0,0,GREEN,2273
test3_17,645.0,pendimethalin-1,1,0,0,GREEN,2274
test3_55,167.0,pirimicarb-1,1,0,0,GREEN,2275
test3_15,204.0,isoproturon-2,2,0,1,RED,2276
test3_10,396.0,metolachlor-2,1,0,0,GREEN,2277
test3_39,359.0,propyrisulfuron-1,1,0,0,GREEN,2278
test3_6,386.0,tetraconazole-2,4,0,4,RED,2279
test3_17,586.0,pyrethrins II-2,3,0,2,RED,2280
test3_31,270.0,benazolin-ethyl-2,1,0,0,GREEN,2281
test3_42,401.0,cyazofamid-1,1,0,0,GREEN,2282
test3_7,260.0,fenobucarb-2,1,0,1,RED,2283
test3_8,368.0,methoxyfenozide-2,2,0,2,RED,2284
test3_12,288.0,saflufenacil-2,1,0,0,GREEN,2285
test3_10,168.0,pirimicarb-2,1,0,0,GREEN,2286
test3_44,135.0,carbofuran-1,1,0,0,GREEN,2287
test3_53,177.0,simetryn-1,1,0,1,YELLOW,2288
test3_51,149.0,amidosulfuron-1,1,0,0,GREEN,2289
test3_47,13.0,dinotefuran-1,1,0,0,GREEN,2290
test3_55,230.0,iodosulfuron-methyl-sodium-2,1,0,0,GREEN,2291
test3_39,262.0,promecarb-2,1,0,0,GREEN,2292
test3_22,628.0,pyriproxyfen-2,1,0,0,GREEN,2293
test3_41,495.0,phorate-1,1,0,0,GREEN,2294
test3_22,521.0,prochloraz-1,1,0,0,GREEN,2295
test3_53,408.0,chromafenozide-2,1,0,0,GREEN,2296
test3_26,612.0,enestroburin-2,1,0,0,GREEN,2297
test3_20,415.0,fenbuconazole-1,1,0,0,GREEN,2298
test3_20,298.0,flurtamone-2,1,0,0,GREEN,2299
test3_17,515.0,oxadiargyl-1,1,0,0,GREEN,2300
test3_11,663.0,flumetralin-1,3,0,2,RED,2301
test3_18,462.0,fonofos-2,1,0,0,GREEN,2302
test3_53,641.0,spinetoram L-1,1,0,0,GREEN,2303
test3_45,211.0,isocarbophos-1,1,0,0,GREEN,2304
test3_39,350.0,bromuconazole-2,2,0,1,RED,2305
test3_23,499.0,pyraflufen-ethyl-1,1,0,0,GREEN,2306
test3_18,620.0,buprofezin-2,1,0,0,GREEN,2307
test3_29,110.0,cyanazine-2,1,0,0,GREEN,2308
test3_50,368.0,methoxyfenozide-2,1,0,1,YELLOW,2309
test3_8,519.0,phosalone-1,4,3,0,GREEN,2310
test3_55,50.0,vamidothion-2,1,0,0,GREEN,2311
test3_31,668.0,flufenoxuron-2,1,0,0,GREEN,2312
test3_49,386.0,tetraconazole-2,1,0,0,GREEN,2313
test3_11,257.0,pyrimethanil-1,1,0,0,GREEN,2314
test3_11,687.0,fenazaquin-1,1,0,0,GREEN,2315
test3_56,275.0,flucetosulfuron-1,1,0,0,GREEN,2316
test3_35,562.0,cycloxydim-2,1,0,0,GREEN,2317
test3_19,284.0,terbufos sulfoxide-2,3,1,1,RED,2318
test3_7,176.0,chlortoluron-2,1,0,0,GREEN,2319
test3_49,606.0,novaluron-2,1,0,0,GREEN,2320
test3_11,22.0,demeton-S-methyl-sulfone-2,3,0,3,RED,2321
test3_28,41.0,clothianidin-1,1,0,0,GREEN,2322
test3_8,692.0,tau-fluvalinate-2,4,0,4,RED,2323
test3_39,518.0,chlorpyrifos-methyl-2,2,0,1,RED,2324
test3_41,617.0,fluazifop-1,1,0,0,GREEN,2325
test3_33,494.0,edifenphos-2,1,0,0,GREEN,2326
test3_49,488.0,prochloraz metabolite BTS44595-2,1,0,0,GREEN,2327
test3_11,47.0,methiocarb sulfoxide-1,1,0,0,GREEN,2328
test3_38,276.0,flucetosulfuron-2,1,0,0,GREEN,2329
test3_46,492.0,propiconazole-2,1,0,0,GREEN,2330
test3_12,604.0,oxyfluorfen-2,2,1,0,GREEN,2331
test3_41,589.0,spinosad D-1,1,0,0,GREEN,2332
test3_53,163.0,fenthion sulfoxide-1,1,0,0,GREEN,2333
test3_21,300.0,ethiprole-2,1,0,0,GREEN,2334
test3_14,679.0,chlorfluazuron-1,1,0,0,GREEN,2335
test3_24,476.0,isofenphos-methyl-2,1,0,0,GREEN,2336
test3_35,43.0,flumetsulam-1,1,0,0,GREEN,2337
test3_16,411.0,uniconazole-1,2,0,1,RED,2338
test3_56,549.0,difenoconazole-1,1,0,0,GREEN,2339
test3_20,355.0,mefenacet-1,1,0,0,GREEN,2340
test3_6,515.0,oxadiargyl-1,1,0,0,GREEN,2341
test3_11,579.0,profenofos-1,1,0,0,GREEN,2342
test3_15,340.0,ethoxysulfuron-2,1,0,0,GREEN,2343
test3_17,636.0,chlorpyrifos-2,1,0,0,GREEN,2344
test3_45,40.0,imidacloprid-2,1,0,0,GREEN,2345
test3_30,226.0,orthosulfamuron-2,1,0,0,GREEN,2346
test3_42,265.0,propanil-1,1,0,0,GREEN,2347
test3_5,131.0,spirotetramat-mono-hydroxy-1,3,2,1,YELLOW,2348
test3_20,452.0,phenthoate-2,2,0,1,RED,2349
test3_41,397.0,propisochlor-1,2,1,0,GREEN,2350
test3_55,104.0,phosphamidon-2,1,0,0,GREEN,2351
test3_49,222.0,heptenophos-2,1,0,0,GREEN,2352
test3_16,435.0,dimoxystrobin-1,1,0,0,GREEN,2353
test3_13,660.0,lufenuron-2,1,0,0,GREEN,2354
test3_6,87.0,phosfolan-1,1,0,0,GREEN,2355
test3_51,29.0,monocrotophos-1,1,0,0,GREEN,2356
test3_15,505.0,metconazole-1,2,0,1,RED,2357
test3_18,23.0,flonicamid-1,1,0,0,GREEN,2358
test3_15,48.0,methiocarb sulfoxide-2,1,0,0,GREEN,2359
test3_49,119.0,thiophanate-methyl-1,1,0,0,GREEN,2360
test3_16,545.0,EPN-1,2,1,0,GREEN,2361
test3_48,158.0,carbaryl-2,1,0,0,GREEN,2362
test3_16,610.0,cyflumetofen-2,1,0,0,GREEN,2363
test3_34,546.0,EPN-2,2,1,0,GREEN,2364
test3_14,370.0,fenpyrazamine-2,1,0,0,GREEN,2365
test3_30,481.0,penthiopyrad-1,1,0,0,GREEN,2366
test3_47,131.0,spirotetramat-mono-hydroxy-1,1,0,0,GREEN,2367
test3_39,312.0,chlorpropham-2,1,0,0,GREEN,2368
test3_20,596.0,terbufos-2,4,0,4,RED,2369
test3_4,539.0,cyflufenamid-1,1,0,0,GREEN,2370
test3_49,508.0,benalaxyl-2,1,0,0,GREEN,2371
test3_40,160.0,carboxin-2,1,0,0,GREEN,2372
test3_46,192.0,phorate sulfone-2,1,0,0,GREEN,2373
test3_45,190.0,methacrifos-2,2,0,1,RED,2374
test3_45,577.0,pretilachlor-1,1,0,0,GREEN,2375
test3_11,582.0,fluoroglycofen-ethyl-2,3,0,3,RED,2376
test3_18,342.0,procymidone-2,1,0,1,YELLOW,2377
test3_10,148.0,malaoxon-2,1,0,0,GREEN,2378
test3_32,233.0,fensulfothion sulfone-1,1,0,0,GREEN,2379
test3_46,580.0,profenofos-2,2,0,1,RED,2380
test3_50,315.0,paclobutrazol-1,2,0,1,RED,2381
test3_21,360.0,propyrisulfuron-2,1,0,0,GREEN,2382
test3_39,93.0,thiabendazole-1,1,0,0,GREEN,2383
test3_29,3.0,propamocarb-1,1,0,0,GREEN,2384
test3_28,64.0,metamitron-2,1,0,0,GREEN,2385
test3_56,301.0,halosulfuron-methyl-1,1,0,0,GREEN,2386
test3_4,315.0,paclobutrazol-1,1,0,0,GREEN,2387
test3_35,344.0,triadimefon-2,1,0,0,GREEN,2388
test3_51,300.0,ethiprole-2,1,0,0,GREEN,2389
test3_4,266.0,propanil-2,2,0,2,RED,2390
test3_13,55.0,carbendazim-1,3,0,2,RED,2391
test3_18,566.0,triflumizole-2,1,0,0,GREEN,2392
test3_48,368.0,methoxyfenozide-2,1,0,0,GREEN,2393
test3_32,32.0,phosfolan-methyl-2,1,0,0,GREEN,2394
test3_53,317.0,dimethomorph-1,2,0,1,RED,2395
test3_53,69.0,methiocarb sulfone-1,1,0,0,GREEN,2396
test3_16,565.0,triflumizole-1,1,0,0,GREEN,2397
test3_11,182.0,demeton-S-methyl-2,1,0,0,GREEN,2398
test3_56,695.0,etofenprox-1,1,0,0,GREEN,2399
test3_7,404.0,spirotetramat-2,1,0,0,GREEN,2400
test3_41,150.0,amidosulfuron-2,1,0,0,GREEN,2401
test3_5,276.0,flucetosulfuron-2,1,0,0,GREEN,2402
test3_27,379.0,acetochlor-1,1,0,0,GREEN,2403
test3_12,274.0,bensulfuron-methyl-2,1,0,0,GREEN,2404
test3_16,395.0,metolachlor-1,1,0,0,GREEN,2405
test3_23,360.0,propyrisulfuron-2,1,0,0,GREEN,2406
test3_41,275.0,flucetosulfuron-1,1,0,0,GREEN,2407
test3_48,537.0,pencycuron-1,1,0,0,GREEN,2408
test3_12,100.0,oxadixyl-2,3,0,2,RED,2409
test3_49,72.0,Chloridazon-2,1,0,0,GREEN,2410
test3_6,389.0,ethoprophos-1,2,0,2,RED,2411
test3_50,359.0,propyrisulfuron-1,1,0,0,GREEN,2412
test3_28,386.0,tetraconazole-2,1,0,0,GREEN,2413
test3_24,524.0,triflumuron-2,1,0,0,GREEN,2414
test3_19,219.0,isoxaflutole-1,1,0,0,GREEN,2415
test3_39,527.0,diniconazole-1,1,0,0,GREEN,2416
test3_21,13.0,dinotefuran-1,1,0,0,GREEN,2417
test3_29,108.0,cinosulfuron-2,1,0,0,GREEN,2418
test3_28,236.0,methidathion-2,3,1,1,RED,2419
test3_50,292.0,fenpropimorph-2,1,0,0,GREEN,2420
test3_47,273.0,bensulfuron-methyl-1,1,0,0,GREEN,2421
test3_12,103.0,phosphamidon-1,1,0,1,YELLOW,2422
test3_45,304.0,pyrisoxazole-2,2,0,1,RED,2423
test3_55,529.0,pyraclostrobin-1,1,0,0,GREEN,2424
test3_25,291.0,fenpropimorph-1,1,0,0,GREEN,2425
test3_32,664.0,flumetralin-2,1,0,0,GREEN,2426
test3_4,636.0,chlorpyrifos-2,3,1,1,RED,2427
test3_11,480.0,zoxamide-2,4,0,3,RED,2428
test3_17,356.0,mefenacet-2,1,0,0,GREEN,2429
test3_12,201.0,mesosulfuron-methyl-1,1,0,0,GREEN,2430
test3_22,58.0,acetamiprid-2,1,0,0,GREEN,2431
test3_45,520.0,phosalone-2,1,0,0,GREEN,2432
test3_34,422.0,fenoxanil-2,1,0,0,GREEN,2433
test3_44,492.0,propiconazole-2,1,0,0,GREEN,2434
test3_27,137.0,simazine-1,1,0,0,GREEN,2435
test3_7,244.0,flumorph-2,1,0,0,GREEN,2436
test3_14,163.0,fenthion sulfoxide-1,1,0,0,GREEN,2437
test3_3,167.0,pirimicarb-1,1,0,0,GREEN,2438
test3_21,194.0,flutriafol-2,1,0,0,GREEN,2439
test3_16,524.0,triflumuron-2,1,0,0,GREEN,2440
test3_53,247.0,azinphos-methyl-1,1,0,0,GREEN,2441
test3_29,522.0,prochloraz-2,1,0,0,GREEN,2442
test3_7,679.0,chlorfluazuron-1,1,0,0,GREEN,2443
test3_31,628.0,pyriproxyfen-2,1,0,0,GREEN,2444
test3_49,624.0,oxadiazon-2,1,0,0,GREEN,2445
test3_54,116.0,dichlorvos-2,1,0,0,GREEN,2446
test3_30,258.0,pyrimethanil-2,1,0,0,GREEN,2447
test3_40,627.0,pyriproxyfen-1,1,0,0,GREEN,2448
test3_41,688.0,fenazaquin-2,1,0,0,GREEN,2449
test3_11,634.0,lactofen-2,3,0,3,RED,2450
test3_56,521.0,prochloraz-1,1,0,0,GREEN,2451
test3_36,534.0,metrafenone-2,1,0,0,GREEN,2452
test3_38,589.0,spinosad D-1,1,0,0,GREEN,2453
test3_47,155.0,tebuthiuron-1,1,0,0,GREEN,2454
test3_24,270.0,benazolin-ethyl-2,1,0,0,GREEN,2455
test3_8,622.0,furathiocarb-2,2,0,1,RED,2456
test3_10,101.0,metolcarb-1,1,0,0,GREEN,2457
test3_28,411.0,uniconazole-1,2,0,1,RED,2458
test3_47,279.0,methiocarb-1,1,0,0,GREEN,2459
test3_7,188.0,disulfoton sulfone-2,1,0,0,GREEN,2460
test3_12,690.0,bioresmethrin-2,1,0,0,GREEN,2461
test3_11,104.0,phosphamidon-2,1,0,0,GREEN,2462
test3_51,79.0,mevinphos-1,1,0,0,GREEN,2463
test3_45,622.0,furathiocarb-2,1,0,0,GREEN,2464
test3_43,79.0,mevinphos-1,1,0,0,GREEN,2465
test3_18,224.0,metalaxyl-2,1,0,0,GREEN,2466
test3_31,559.0,prosulfocarb-1,1,0,0,GREEN,2467
test3_5,364.0,pyridaphenthion-2,1,0,0,GREEN,2468
test3_7,286.0,diethofencarb-2,3,0,3,RED,2469
test3_12,233.0,fensulfothion sulfone-1,1,0,0,GREEN,2470
test3_9,542.0,pyraoxystrobin-2,1,0,0,GREEN,2471
test3_17,220.0,isoxaflutole-2,3,1,1,RED,2472
test3_13,163.0,fenthion sulfoxide-1,1,0,0,GREEN,2473
test3_14,471.0,carfentrazone-ethyl-1,1,0,0,GREEN,2474
test3_28,513.0,pirimiphos-methyl-1,1,0,0,GREEN,2475
test3_33,609.0,cyflumetofen-1,1,0,0,GREEN,2476
test3_36,258.0,pyrimethanil-2,1,0,0,GREEN,2477
test3_10,7.0,omethoate-1,1,0,0,GREEN,2478
test3_31,663.0,flumetralin-1,1,0,0,GREEN,2479
test3_45,172.0,penoxsulam-2,1,0,0,GREEN,2480
test3_23,250.0,phenmedipham-2,1,0,0,GREEN,2481
test3_56,202.0,mesosulfuron-methyl-2,1,0,0,GREEN,2482
test3_40,394.0,iprodione-2,2,0,1,RED,2483
test3_27,369.0,fenpyrazamine-1,1,0,0,GREEN,2484
test3_10,680.0,chlorfluazuron-2,1,0,0,GREEN,2485
test3_19,264.0,linuron-2,1,0,0,GREEN,2486
test3_50,492.0,propiconazole-2,1,0,0,GREEN,2487
test3_8,435.0,dimoxystrobin-1,2,1,0,GREEN,2488
test3_5,617.0,fluazifop-1,1,0,0,GREEN,2489
test3_14,524.0,triflumuron-2,2,0,1,RED,2490
test3_21,256.0,phosmet-2,2,0,1,RED,2491
test3_47,181.0,demeton-S-methyl-1,1,0,0,GREEN,2492
test3_29,666.0,propargite-2,2,1,0,GREEN,2493
test3_29,222.0,heptenophos-2,1,0,0,GREEN,2494
test3_31,682.0,fenpyroximate-2,1,0,0,GREEN,2495
test3_33,63.0,metamitron-1,1,0,0,GREEN,2496
test3_22,684.0,spirodiclofen-2,1,0,0,GREEN,2497
test3_31,172.0,penoxsulam-2,1,0,0,GREEN,2498
test3_17,503.0,flubendiamide-1,1,0,0,GREEN,2499
test3_3,115.0,dichlorvos-1,1,0,0,GREEN,2500
test3_24,425.0,Fenoxycarb-1,1,0,0,GREEN,2501
test3_13,700.0,bifenthrin-2,6,1,5,RED,2502
test3_36,47.0,methiocarb sulfoxide-1,1,0,0,GREEN,2503
test3_19,313.0,molinate-1,1,0,0,GREEN,2504
test3_44,298.0,flurtamone-2,1,0,0,GREEN,2505
test3_47,147.0,malaoxon-1,1,0,0,GREEN,2506
test3_13,479.0,zoxamide-1,1,0,0,GREEN,2507
test3_22,156.0,tebuthiuron-2,1,0,0,GREEN,2508
test3_55,219.0,isoxaflutole-1,1,0,0,GREEN,2509
test3_10,203.0,isoproturon-1,1,0,0,GREEN,2510
test3_38,368.0,methoxyfenozide-2,3,1,1,RED,2511
test3_21,299.0,ethiprole-1,1,0,0,GREEN,2512
test3_28,62.0,dimethoate-2,1,0,0,GREEN,2513
test3_55,3.0,propamocarb-1,1,0,0,GREEN,2514
test3_15,387.0,napropamide-1,1,0,0,GREEN,2515
test3_39,45.0,imidaclothiz-1,1,0,0,GREEN,2516
test3_6,473.0,sulfotep-1,2,1,0,GREEN,2517
test3_39,154.0,sulfentrazone-2,1,0,0,GREEN,2518
test3_8,538.0,pencycuron-2,1,0,0,GREEN,2519
test3_26,161.0,fenamiphos sulfone-1,1,0,0,GREEN,2520
test3_7,641.0,spinetoram L-1,1,0,0,GREEN,2521
test3_53,215.0,tribenuron-methyl-1,1,0,0,GREEN,2522
test3_42,539.0,cyflufenamid-1,1,0,0,GREEN,2523
test3_31,659.0,lufenuron-1,1,0,0,GREEN,2524
test3_45,654.0,coumoxystrobin-2,1,0,0,GREEN,2525
test3_5,16.0,nitenpyram-2,1,0,0,GREEN,2526
test3_12,177.0,simetryn-1,1,0,0,GREEN,2527
test3_42,595.0,terbufos-1,1,0,0,GREEN,2528
test3_47,617.0,fluazifop-1,1,0,0,GREEN,2529
test3_26,180.0,disulfoton sulfoxide-2,1,0,0,GREEN,2530
test3_34,86.0,fensulfothion oxon-2,1,0,0,GREEN,2531
test3_44,543.0,dimepiperate-1,1,0,0,GREEN,2532
test3_20,578.0,pretilachlor-2,1,0,0,GREEN,2533
test3_7,633.0,lactofen-1,5,1,3,RED,2534
test3_37,259.0,fenobucarb-1,1,0,0,GREEN,2535
test3_49,184.0,phorate sulfoxide-2,1,0,0,GREEN,2536
test3_22,228.0,fenpropidin-2,1,0,0,GREEN,2537
test3_7,173.0,fosthiazate-1,1,0,0,GREEN,2538
test3_44,353.0,triflusulfuron-methyl-1,1,0,0,GREEN,2539
test3_38,50.0,vamidothion-2,1,0,0,GREEN,2540
test3_16,409.0,cyproconazole-1,2,0,1,RED,2541
test3_17,669.0,etoxazole-1,1,0,0,GREEN,2542
test3_18,273.0,bensulfuron-methyl-1,1,0,0,GREEN,2543
test3_44,650.0,hexythiazox-2,1,0,0,GREEN,2544
test3_21,72.0,Chloridazon-2,1,0,0,GREEN,2545
test3_28,51.0,3-hydroxy carbofuran-1,1,0,0,GREEN,2546
test3_7,341.0,procymidone-1,1,0,1,YELLOW,2547
test3_44,275.0,flucetosulfuron-1,1,0,0,GREEN,2548
test3_15,186.0,isoprocarb-2,1,0,0,GREEN,2549
test3_55,600.0,spinetoram J-2,1,0,0,GREEN,2550
test3_26,523.0,triflumuron-1,1,0,0,GREEN,2551
test3_34,599.0,spinetoram J-1,1,0,1,YELLOW,2552
test3_13,241.0,metazosulfuron-1,1,0,0,GREEN,2553
test3_34,135.0,carbofuran-1,1,0,0,GREEN,2554
test3_50,247.0,azinphos-methyl-1,1,0,0,GREEN,2555
test3_42,678.0,pyrethrins I-2,1,0,0,GREEN,2556
test3_38,70.0,methiocarb sulfone-2,1,0,0,GREEN,2557
test3_21,500.0,pyraflufen-ethyl-2,1,0,0,GREEN,2558
test3_46,598.0,oxaziclomefone-2,1,0,0,GREEN,2559
test3_40,533.0,metrafenone-1,1,0,0,GREEN,2560
test3_25,456.0,etrimfos-2,1,0,0,GREEN,2561
test3_18,387.0,napropamide-1,1,0,0,GREEN,2562
test3_26,350.0,bromuconazole-2,2,0,2,RED,2563
test3_47,216.0,tribenuron-methyl-2,1,0,0,GREEN,2564
test3_23,654.0,coumoxystrobin-2,1,0,0,GREEN,2565
test3_33,399.0,diflubenzuron-1,2,0,2,RED,2566
test3_29,342.0,procymidone-2,1,0,0,GREEN,2567
test3_7,474.0,sulfotep-2,1,0,1,YELLOW,2568
test3_30,42.0,clothianidin-2,1,0,0,GREEN,2569
test3_5,421.0,fenoxanil-1,3,0,3,RED,2570
test3_28,460.0,fluthiacet-methyl-2,1,0,0,GREEN,2571
test3_27,176.0,chlortoluron-2,1,0,0,GREEN,2572
test3_19,606.0,novaluron-2,1,0,0,GREEN,2573
test3_40,654.0,coumoxystrobin-2,1,0,0,GREEN,2574
test3_28,649.0,hexythiazox-1,1,0,0,GREEN,2575
test3_25,688.0,fenazaquin-2,1,0,0,GREEN,2576
test3_8,316.0,paclobutrazol-2,2,0,2,RED,2577
test3_14,100.0,oxadixyl-2,3,0,2,RED,2578
test3_53,204.0,isoproturon-2,1,0,0,GREEN,2579
test3_21,129.0,propoxur-1,1,0,0,GREEN,2580
test3_52,441.0,chlorbenzuron-1,1,0,0,GREEN,2581
test3_33,278.0,terbufos sulfone-2,3,1,1,RED,2582
test3_51,81.0,pirimicarb-desmethyl-1,1,0,0,GREEN,2583
test3_56,10.0,oxamyl oxime-2,1,0,0,GREEN,2584
test3_48,61.0,dimethoate-1,1,0,0,GREEN,2585
test3_40,476.0,isofenphos-methyl-2,1,0,0,GREEN,2586
test3_21,694.0,methoprene-2,2,0,1,RED,2587
test3_46,604.0,oxyfluorfen-2,1,0,0,GREEN,2588
test3_6,530.0,pyraclostrobin-2,1,0,0,GREEN,2589
test3_7,517.0,chlorpyrifos-methyl-1,1,0,1,YELLOW,2590
test3_24,301.0,halosulfuron-methyl-1,1,0,0,GREEN,2591
test3_3,418.0,fenothiocarb-2,1,0,0,GREEN,2592
test3_35,253.0,chlorantraniliprole-1,1,0,0,GREEN,2593
test3_29,488.0,prochloraz metabolite BTS44595-2,1,0,0,GREEN,2594
test3_28,364.0,pyridaphenthion-2,1,0,0,GREEN,2595
test3_7,228.0,fenpropidin-2,2,1,0,GREEN,2596
test3_46,447.0,silthiofam-1,1,0,0,GREEN,2597
test3_39,462.0,fonofos-2,1,0,0,GREEN,2598
test3_48,230.0,iodosulfuron-methyl-sodium-2,1,0,0,GREEN,2599
test3_18,261.0,promecarb-1,2,0,1,RED,2600
test3_54,85.0,fensulfothion oxon-1,1,0,0,GREEN,2601
test3_25,671.0,fenpropathrin-1,1,0,0,GREEN,2602
test3_29,138.0,simazine-2,1,0,0,GREEN,2603
test3_54,206.0,diuron-2,1,0,0,GREEN,2604
test3_34,36.0,spirotetramat-enol-2,1,0,0,GREEN,2605
test3_5,531.0,benzoximate-1,2,0,1,RED,2606
test3_51,91.0,tricyclazole-1,1,0,0,GREEN,2607
test3_51,37.0,spirotetramat-enol-glucoside-1,1,0,0,GREEN,2608
test3_9,524.0,triflumuron-2,2,1,0,GREEN,2609
test3_21,236.0,methidathion-2,2,0,1,RED,2610
test3_12,457.0,picoxystrobin-1,2,0,1,RED,2611
test3_34,594.0,quizalofop-ethyl-2,1,0,0,GREEN,2612
test3_47,483.0,pyrametostrobin-1,1,0,0,GREEN,2613
test3_21,270.0,benazolin-ethyl-2,1,0,0,GREEN,2614
test3_22,87.0,phosfolan-1,1,0,0,GREEN,2615
test3_43,692.0,tau-fluvalinate-2,1,0,0,GREEN,2616
test3_55,577.0,pretilachlor-1,1,0,0,GREEN,2617
test3_14,598.0,oxaziclomefone-2,1,0,0,GREEN,2618
test3_47,7.0,omethoate-1,1,0,0,GREEN,2619
test3_42,5.0,methomyl-1,1,0,0,GREEN,2620
test3_34,575.0,butachlor-1,1,0,0,GREEN,2621
test3_19,74.0,demeton-S-sulfone-2,1,0,0,GREEN,2622
test3_17,3.0,propamocarb-1,1,0,0,GREEN,2623
test3_33,229.0,iodosulfuron-methyl-sodium-1,1,0,0,GREEN,2624
test3_25,174.0,fosthiazate-2,1,0,0,GREEN,2625
test3_46,400.0,diflubenzuron-2,2,0,1,RED,2626
test3_13,594.0,quizalofop-ethyl-2,1,0,0,GREEN,2627
test3_38,22.0,demeton-S-methyl-sulfone-2,1,0,0,GREEN,2628
test3_6,242.0,metazosulfuron-2,1,0,0,GREEN,2629
test3_20,694.0,methoprene-2,3,0,2,RED,2630
test3_40,180.0,disulfoton sulfoxide-2,1,0,0,GREEN,2631
test3_39,151.0,fenamiphos sulfoxide-1,1,0,0,GREEN,2632
test3_33,361.0,triazophos-1,2,0,1,RED,2633
test3_5,30.0,monocrotophos-2,3,2,1,YELLOW,2634
test3_4,527.0,diniconazole-1,2,0,1,RED,2635
test3_25,171.0,penoxsulam-1,1,0,0,GREEN,2636
test3_28,116.0,dichlorvos-2,2,1,1,YELLOW,2637
test3_29,429.0,flusilazole-1,1,0,0,GREEN,2638
test3_49,372.0,fluopyram-2,1,0,0,GREEN,2639
test3_50,120.0,thiophanate-methyl-2,1,0,0,GREEN,2640
test3_8,643.0,ethion-1,1,0,0,GREEN,2641
test3_49,642.0,spinetoram L-2,1,0,0,GREEN,2642
test3_48,516.0,oxadiargyl-2,1,0,0,GREEN,2643
test3_13,253.0,chlorantraniliprole-1,1,0,0,GREEN,2644
test3_34,150.0,amidosulfuron-2,1,0,0,GREEN,2645
test3_14,140.0,hexazinone-2,1,0,0,GREEN,2646
test3_38,129.0,propoxur-1,1,0,0,GREEN,2647
test3_4,249.0,phenmedipham-1,1,0,0,GREEN,2648
test3_47,36.0,spirotetramat-enol-2,1,0,0,GREEN,2649
test3_22,300.0,ethiprole-2,1,0,0,GREEN,2650
test3_11,209.0,propachlor-1,1,0,0,GREEN,2651
test3_56,318.0,dimethomorph-2,2,0,1,RED,2652
test3_28,409.0,cyproconazole-1,2,0,1,RED,2653
test3_39,343.0,triadimefon-1,1,0,0,GREEN,2654
test3_24,38.0,spirotetramat-enol-glucoside-2,3,1,2,RED,2655
test3_12,466.0,tebuconazole-2,1,0,1,YELLOW,2656
test3_5,541.0,pyraoxystrobin-1,1,0,0,GREEN,2657
test3_28,337.0,prometryn-1,1,0,0,GREEN,2658
test3_37,584.0,hexaflumuron-2,1,0,0,GREEN,2659
test3_20,605.0,novaluron-1,1,0,0,GREEN,2660
test3_6,265.0,propanil-1,2,0,1,RED,2661
test3_45,281.0,ethofumesate-1,1,0,0,GREEN,2662
test3_53,47.0,methiocarb sulfoxide-1,1,0,0,GREEN,2663
test3_17,42.0,clothianidin-2,1,0,0,GREEN,2664
test3_40,208.0,metazachlor-2,1,0,0,GREEN,2665
test3_15,373.0,triticonazole-1,1,0,0,GREEN,2666
test3_32,656.0,emamectin B1a-2,1,0,0,GREEN,2667
test3_7,648.0,metaflumizone-2,1,0,0,GREEN,2668
test3_42,603.0,oxyfluorfen-1,2,1,0,GREEN,2669
test3_17,598.0,oxaziclomefone-2,2,1,0,GREEN,2670
test3_18,81.0,pirimicarb-desmethyl-1,1,0,0,GREEN,2671
test3_17,85.0,fensulfothion oxon-1,1,0,0,GREEN,2672
test3_16,116.0,dichlorvos-2,3,0,2,RED,2673
test3_42,248.0,azinphos-methyl-2,1,0,0,GREEN,2674
test3_29,311.0,chlorpropham-1,1,0,0,GREEN,2675
test3_49,449.0,Diclobutrazol-1,2,0,1,RED,2676
test3_47,654.0,coumoxystrobin-2,1,0,0,GREEN,2677
test3_51,582.0,fluoroglycofen-ethyl-2,1,0,0,GREEN,2678
test3_27,306.0,boscalid-2,1,0,0,GREEN,2679
test3_50,487.0,prochloraz metabolite BTS44595-1,1,0,0,GREEN,2680
test3_7,443.0,kresoxim-methyl-1,4,0,4,RED,2681
test3_26,690.0,bioresmethrin-2,1,0,0,GREEN,2682
test3_40,561.0,cycloxydim-1,1,0,1,YELLOW,2683
test3_46,506.0,metconazole-2,2,0,1,RED,2684
test3_51,47.0,methiocarb sulfoxide-1,1,0,0,GREEN,2685
test3_42,522.0,prochloraz-2,1,0,0,GREEN,2686
test3_5,470.0,iprobenfos-2,2,0,1,RED,2687
test3_40,488.0,prochloraz metabolite BTS44595-2,1,0,0,GREEN,2688
test3_22,692.0,tau-fluvalinate-2,2,1,1,YELLOW,2689
test3_47,367.0,methoxyfenozide-1,1,0,0,GREEN,2690
test3_8,318.0,dimethomorph-2,2,0,1,RED,2691
test3_10,139.0,hexazinone-1,1,0,0,GREEN,2692
test3_55,620.0,buprofezin-2,1,0,0,GREEN,2693
test3_14,222.0,heptenophos-2,1,0,0,GREEN,2694
test3_30,423.0,bupirimate-1,1,0,0,GREEN,2695
test3_28,299.0,ethiprole-1,1,0,0,GREEN,2696
test3_33,213.0,forchlorfenuron-1,1,0,0,GREEN,2697
test3_53,448.0,silthiofam-2,1,0,0,GREEN,2698
test3_49,39.0,imidacloprid-1,1,0,0,GREEN,2699
test3_28,449.0,Diclobutrazol-1,2,0,1,RED,2700
test3_21,105.0,triflumizole metabolite FM-6-1-1,1,0,0,GREEN,2701
test3_23,640.0,triallate-2,1,0,0,GREEN,2702
test3_14,477.0,prochloraz metabolite BTS44596-1,1,0,0,GREEN,2703
test3_4,657.0,pyribenzoxim-1,2,0,1,RED,2704
test3_52,66.0,sulfoxaflor-2,1,0,1,YELLOW,2705
test3_46,35.0,spirotetramat-enol-1,1,0,0,GREEN,2706
test3_33,133.0,metribuzin-1,1,0,0,GREEN,2707
test3_41,141.0,pirimicarb-desmethyl-formamido-1,1,0,0,GREEN,2708
test3_42,612.0,enestroburin-2,1,0,0,GREEN,2709
test3_13,639.0,triallate-1,1,0,0,GREEN,2710
test3_13,399.0,diflubenzuron-1,2,0,2,RED,2711
test3_7,510.0,pyrimorph-2,1,0,0,GREEN,2712
test3_4,634.0,lactofen-2,5,0,5,RED,2713
test3_25,527.0,diniconazole-1,1,0,0,GREEN,2714
test3_16,451.0,phenthoate-1,2,0,1,RED,2715
test3_15,671.0,fenpropathrin-1,2,0,1,RED,2716
test3_43,659.0,lufenuron-1,1,0,0,GREEN,2717
test3_53,430.0,flusilazole-2,1,0,0,GREEN,2718
test3_6,425.0,Fenoxycarb-1,1,0,0,GREEN,2719
test3_37,493.0,edifenphos-1,1,0,0,GREEN,2720
test3_26,514.0,pirimiphos-methyl-2,1,0,0,GREEN,2721
test3_6,133.0,metribuzin-1,1,0,1,YELLOW,2722
test3_34,46.0,imidaclothiz-2,1,0,0,GREEN,2723
test3_49,94.0,thiabendazole-2,1,0,0,GREEN,2724
test3_9,513.0,pirimiphos-methyl-1,1,0,0,GREEN,2725
test3_16,245.0,clomazone-1,1,0,0,GREEN,2726
test3_16,594.0,quizalofop-ethyl-2,1,0,0,GREEN,2727
test3_33,447.0,silthiofam-1,1,0,0,GREEN,2728
test3_56,25.0,thiamethoxam-1,1,0,0,GREEN,2729
test3_3,290.0,fenamidone-2,1,0,0,GREEN,2730
test3_42,61.0,dimethoate-1,1,0,0,GREEN,2731
test3_4,181.0,demeton-S-methyl-1,4,0,4,RED,2732
test3_9,466.0,tebuconazole-2,3,0,2,RED,2733
test3_46,130.0,propoxur-2,1,0,0,GREEN,2734
test3_42,146.0,ethirimol-2,1,0,0,GREEN,2735
test3_8,266.0,propanil-2,4,0,3,RED,2736
test3_22,427.0,parathion-1,1,0,0,GREEN,2737
test3_53,411.0,uniconazole-1,2,0,1,RED,2738
test3_12,314.0,molinate-2,2,0,2,RED,2739
test3_7,572.0,clethodim-2,3,0,3,RED,2740
test3_53,442.0,chlorbenzuron-2,1,0,0,GREEN,2741
test3_14,366.0,fenhexamid-2,2,0,1,RED,2742
test3_29,684.0,spirodiclofen-2,1,0,0,GREEN,2743
test3_16,644.0,ethion-2,1,0,0,GREEN,2744
test3_27,608.0,sethoxydim-2,1,0,0,GREEN,2745
test3_25,617.0,fluazifop-1,1,0,0,GREEN,2746
test3_18,115.0,dichlorvos-1,1,0,0,GREEN,2747
test3_21,416.0,fenbuconazole-2,1,0,0,GREEN,2748
test3_52,620.0,buprofezin-2,1,0,0,GREEN,2749
test3_48,79.0,mevinphos-1,1,0,0,GREEN,2750
test3_37,547.0,ametoctradin-1,1,0,0,GREEN,2751
test3_40,437.0,phoxim-1,1,0,0,GREEN,2752
test3_38,73.0,demeton-S-sulfone-1,1,0,0,GREEN,2753
test3_38,359.0,propyrisulfuron-1,1,0,0,GREEN,2754
test3_47,568.0,amisulbrom-2,1,0,0,GREEN,2755
test3_47,663.0,flumetralin-1,1,0,0,GREEN,2756
test3_31,147.0,malaoxon-1,1,0,0,GREEN,2757
test3_44,196.0,atrazine-2,1,0,0,GREEN,2758
test3_35,296.0,terbuthylazine-2,1,0,0,GREEN,2759
test3_54,676.0,Proquinazid-2,1,0,0,GREEN,2760
test3_21,242.0,metazosulfuron-2,1,0,0,GREEN,2761
test3_37,362.0,triazophos-2,1,0,0,GREEN,2762
test3_5,198.0,imazalil-2,1,0,0,GREEN,2763
test3_15,34.0,dicrotophos-2,1,0,0,GREEN,2764
test3_49,233.0,fensulfothion sulfone-1,1,0,0,GREEN,2765
test3_51,647.0,metaflumizone-1,1,0,0,GREEN,2766
test3_26,211.0,isocarbophos-1,1,0,0,GREEN,2767
test3_53,496.0,phorate-2,2,0,1,RED,2768
test3_54,675.0,Proquinazid-1,1,0,0,GREEN,2769
test3_45,576.0,butachlor-2,1,0,0,GREEN,2770
test3_22,506.0,metconazole-2,2,0,1,RED,2771
test3_45,344.0,triadimefon-2,1,0,0,GREEN,2772
test3_50,545.0,EPN-1,1,0,0,GREEN,2773
test3_3,627.0,pyriproxyfen-1,1,0,0,GREEN,2774
test3_18,161.0,fenamiphos sulfone-1,1,0,0,GREEN,2775
test3_24,384.0,flufenacet-2,1,0,0,GREEN,2776
test3_18,145.0,ethirimol-1,1,0,0,GREEN,2777
test3_35,361.0,triazophos-1,2,0,1,RED,2778
test3_55,674.0,spiromesifen-2,1,0,0,GREEN,2779
test3_19,131.0,spirotetramat-mono-hydroxy-1,1,0,0,GREEN,2780
test3_24,331.0,malathion-1,1,0,0,GREEN,2781
test3_23,596.0,terbufos-2,2,0,2,RED,2782
test3_21,484.0,pyrametostrobin-2,1,0,0,GREEN,2783
test3_6,257.0,pyrimethanil-1,1,0,0,GREEN,2784
test3_14,77.0,cymoxanil-1,4,0,3,RED,2785
test3_47,479.0,zoxamide-1,1,0,0,GREEN,2786
test3_30,309.0,azoxystrobin-1,1,0,0,GREEN,2787
test3_22,297.0,flurtamone-1,1,0,0,GREEN,2788
test3_55,477.0,prochloraz metabolite BTS44596-1,1,0,0,GREEN,2789
test3_17,401.0,cyazofamid-1,1,0,0,GREEN,2790
test3_9,63.0,metamitron-1,5,0,4,RED,2791
test3_13,374.0,triticonazole-2,4,1,2,RED,2792
test3_4,253.0,chlorantraniliprole-1,2,0,1,RED,2793
test3_7,100.0,oxadixyl-2,1,0,1,RED,2794
test3_31,186.0,isoprocarb-2,1,0,0,GREEN,2795
test3_30,643.0,ethion-1,1,0,0,GREEN,2796
test3_54,27.0,chlordimeform-1,1,0,0,GREEN,2797
test3_10,438.0,phoxim-2,1,0,0,GREEN,2798
test3_42,286.0,diethofencarb-2,1,0,0,GREEN,2799
test3_16,385.0,tetraconazole-1,1,0,0,GREEN,2800
test3_38,189.0,methacrifos-1,1,0,0,GREEN,2801
test3_52,304.0,pyrisoxazole-2,2,0,1,RED,2802
test3_16,510.0,pyrimorph-2,1,0,0,GREEN,2803
test3_21,580.0,profenofos-2,1,0,0,GREEN,2804
test3_10,81.0,pirimicarb-desmethyl-1,1,0,0,GREEN,2805
test3_48,645.0,pendimethalin-1,1,0,0,GREEN,2806
test3_34,171.0,penoxsulam-1,1,0,0,GREEN,2807
test3_23,208.0,metazachlor-2,1,0,0,GREEN,2808
test3_11,290.0,fenamidone-2,1,0,0,GREEN,2809
test3_49,318.0,dimethomorph-2,2,0,1,RED,2810
test3_38,187.0,disulfoton sulfone-1,1,0,0,GREEN,2811
test3_15,399.0,diflubenzuron-1,2,0,1,RED,2812
test3_7,386.0,tetraconazole-2,3,0,3,RED,2813
test3_34,220.0,isoxaflutole-2,1,0,0,GREEN,2814
test3_28,661.0,butralin-1,1,0,0,GREEN,2815
test3_32,489.0,anilofos-1,1,0,0,GREEN,2816
test3_47,428.0,parathion-2,1,0,0,GREEN,2817
test3_52,474.0,sulfotep-2,1,0,0,GREEN,2818
test3_29,505.0,metconazole-1,2,0,1,RED,2819
test3_25,637.0,piperonyl butoxide-1,1,0,0,GREEN,2820
test3_34,491.0,propiconazole-1,1,0,0,GREEN,2821
test3_37,657.0,pyribenzoxim-1,1,0,0,GREEN,2822
test3_45,68.0,demeton-S-sulfoxide-2,1,0,0,GREEN,2823
test3_15,457.0,picoxystrobin-1,1,0,0,GREEN,2824
test3_39,415.0,fenbuconazole-1,1,0,0,GREEN,2825
test3_40,273.0,bensulfuron-methyl-1,1,0,0,GREEN,2826
test3_46,487.0,prochloraz metabolite BTS44595-1,1,0,0,GREEN,2827
test3_30,518.0,chlorpyrifos-methyl-2,2,0,1,RED,2828
test3_39,138.0,simazine-2,1,0,0,GREEN,2829
test3_50,308.0,propyzamide-2,1,0,0,GREEN,2830
test3_31,13.0,dinotefuran-1,1,0,0,GREEN,2831
test3_9,604.0,oxyfluorfen-2,2,0,1,RED,2832
test3_16,152.0,fenamiphos sulfoxide-2,1,0,0,GREEN,2833
test3_11,59.0,trichlorfon-1,1,0,1,YELLOW,2834
test3_15,255.0,phosmet-1,1,0,0,GREEN,2835
test3_28,400.0,diflubenzuron-2,2,0,1,RED,2836
test3_32,645.0,pendimethalin-1,1,0,0,GREEN,2837
test3_46,637.0,piperonyl butoxide-1,1,0,0,GREEN,2838
test3_11,502.0,tolclofos-methyl-2,2,0,1,RED,2839
test3_20,684.0,spirodiclofen-2,1,0,0,GREEN,2840
test3_26,96.0,formothion-2,2,1,0,GREEN,2841
test3_11,176.0,chlortoluron-2,1,0,0,GREEN,2842
test3_21,527.0,diniconazole-1,1,0,0,GREEN,2843
test3_34,419.0,cyprodinil-1,1,0,0,GREEN,2844
test3_39,202.0,mesosulfuron-methyl-2,1,0,0,GREEN,2845
test3_5,343.0,triadimefon-1,1,0,0,GREEN,2846
test3_46,292.0,fenpropimorph-2,1,0,0,GREEN,2847
test3_30,693.0,methoprene-1,2,0,1,RED,2848
test3_39,559.0,prosulfocarb-1,1,0,0,GREEN,2849
test3_43,224.0,metalaxyl-2,1,0,0,GREEN,2850
test3_42,533.0,metrafenone-1,1,0,0,GREEN,2851
test3_42,470.0,iprobenfos-2,1,0,0,GREEN,2852
test3_17,249.0,phenmedipham-1,1,0,0,GREEN,2853
test3_15,413.0,thifluzamide-1,2,0,1,RED,2854
test3_52,627.0,pyriproxyfen-1,1,0,0,GREEN,2855
test3_6,576.0,butachlor-2,3,0,2,RED,2856
test3_10,618.0,fluazifop-2,1,0,0,GREEN,2857
test3_36,309.0,azoxystrobin-1,1,0,0,GREEN,2858
test3_13,131.0,spirotetramat-mono-hydroxy-1,1,0,0,GREEN,2859
test3_24,594.0,quizalofop-ethyl-2,1,0,0,GREEN,2860
test3_43,430.0,flusilazole-2,1,0,0,GREEN,2861
test3_35,619.0,buprofezin-1,1,0,0,GREEN,2862
test3_46,380.0,acetochlor-2,1,0,0,GREEN,2863
test3_24,506.0,metconazole-2,2,0,1,RED,2864
test3_7,497.0,diazinon-1,1,0,0,GREEN,2865
test3_12,441.0,chlorbenzuron-1,1,0,0,GREEN,2866
test3_29,184.0,phorate sulfoxide-2,1,0,0,GREEN,2867
test3_36,307.0,propyzamide-1,1,0,0,GREEN,2868
test3_35,437.0,phoxim-1,1,0,0,GREEN,2869
test3_44,375.0,iprovalicarb-1,1,0,0,GREEN,2870
test3_56,332.0,malathion-2,1,0,0,GREEN,2871
test3_26,181.0,demeton-S-methyl-1,4,1,3,RED,2872
test3_55,70.0,methiocarb sulfone-2,1,0,0,GREEN,2873
test3_27,455.0,etrimfos-1,1,0,0,GREEN,2874
test3_28,201.0,mesosulfuron-methyl-1,1,0,0,GREEN,2875
test3_11,90.0,fensulfothion oxon sulfone-2,1,0,0,GREEN,2876
test3_54,671.0,fenpropathrin-1,1,0,0,GREEN,2877
test3_18,684.0,spirodiclofen-2,3,0,2,RED,2878
test3_6,58.0,acetamiprid-2,3,0,3,RED,2879
test3_27,91.0,tricyclazole-1,1,0,0,GREEN,2880
test3_49,23.0,flonicamid-1,1,0,0,GREEN,2881
test3_48,366.0,fenhexamid-2,1,0,0,GREEN,2882
test3_43,98.0,phosmet oxon-2,2,0,1,RED,2883
test3_30,574.0,indoxacarb-2,1,0,0,GREEN,2884
test3_45,542.0,pyraoxystrobin-2,1,0,0,GREEN,2885
test3_28,301.0,halosulfuron-methyl-1,1,0,0,GREEN,2886
test3_50,39.0,imidacloprid-1,1,0,0,GREEN,2887
test3_38,102.0,metolcarb-2,1,0,0,GREEN,2888
test3_12,94.0,thiabendazole-2,1,0,0,GREEN,2889
test3_43,571.0,clethodim-1,1,0,0,GREEN,2890
test3_4,75.0,thiacloprid-1,1,0,0,GREEN,2891
test3_46,437.0,phoxim-1,1,0,0,GREEN,2892
test3_3,467.0,Penflufen-1,1,0,0,GREEN,2893
test3_46,354.0,triflusulfuron-methyl-2,1,0,0,GREEN,2894
test3_31,158.0,carbaryl-2,1,0,0,GREEN,2895
test3_51,639.0,triallate-1,1,0,0,GREEN,2896
test3_44,602.0,teflubenzuron-2,2,0,2,RED,2897
test3_6,19.0,oxydemeton-methyl-1,1,0,0,GREEN,2898
test3_53,570.0,trifloxystrobin-2,1,0,0,GREEN,2899
test3_3,677.0,pyrethrins I-1,2,0,2,RED,2900
test3_12,276.0,flucetosulfuron-2,1,0,0,GREEN,2901
test3_3,430.0,flusilazole-2,1,0,0,GREEN,2902
test3_5,549.0,difenoconazole-1,1,0,0,GREEN,2903
test3_49,62.0,dimethoate-2,1,0,0,GREEN,2904
test3_15,169.0,cyantraniliprole-1,1,0,0,GREEN,2905
test3_40,51.0,3-hydroxy carbofuran-1,1,0,0,GREEN,2906
test3_28,557.0,diflufenican-1,1,0,0,GREEN,2907
test3_47,389.0,ethoprophos-1,1,0,0,GREEN,2908
test3_37,262.0,promecarb-2,1,0,0,GREEN,2909
test3_17,162.0,fenamiphos sulfone-2,1,0,0,GREEN,2910
test3_13,657.0,pyribenzoxim-1,1,0,0,GREEN,2911
test3_16,317.0,dimethomorph-1,2,0,1,RED,2912
test3_28,620.0,buprofezin-2,1,0,0,GREEN,2913
test3_7,574.0,indoxacarb-2,1,0,0,GREEN,2914
test3_26,549.0,difenoconazole-1,1,0,0,GREEN,2915
test3_18,281.0,ethofumesate-1,3,0,3,RED,2916
test3_36,364.0,pyridaphenthion-2,1,0,0,GREEN,2917
test3_24,312.0,chlorpropham-2,2,0,2,RED,2918
test3_28,440.0,quinalphos-2,1,0,0,GREEN,2919
test3_18,269.0,benazolin-ethyl-1,2,1,0,GREEN,2920
test3_50,115.0,dichlorvos-1,1,0,0,GREEN,2921
test3_5,500.0,pyraflufen-ethyl-2,1,0,0,GREEN,2922
test3_12,291.0,fenpropimorph-1,1,0,0,GREEN,2923
test3_23,2.0,methamidophos-2,4,0,4,RED,2924
test3_15,244.0,flumorph-2,1,0,0,GREEN,2925
test3_52,456.0,etrimfos-2,1,0,0,GREEN,2926
test3_11,557.0,diflufenican-1,1,0,0,GREEN,2927
test3_11,415.0,fenbuconazole-1,1,0,0,GREEN,2928
test3_52,118.0,triasulfuron-2,1,0,0,GREEN,2929
test3_48,253.0,chlorantraniliprole-1,1,0,0,GREEN,2930
test3_46,38.0,spirotetramat-enol-glucoside-2,1,0,0,GREEN,2931
test3_28,43.0,flumetsulam-1,1,0,0,GREEN,2932
test3_46,73.0,demeton-S-sulfone-1,1,0,0,GREEN,2933
test3_36,443.0,kresoxim-methyl-1,1,0,0,GREEN,2934
test3_34,409.0,cyproconazole-1,2,0,1,RED,2935
test3_35,475.0,isofenphos-methyl-1,1,0,0,GREEN,2936
test3_48,97.0,phosmet oxon-1,1,0,0,GREEN,2937
test3_9,116.0,dichlorvos-2,2,0,2,RED,2938
test3_47,158.0,carbaryl-2,1,0,0,GREEN,2939
test3_18,564.0,ipconazole-2,2,0,1,RED,2940
test3_14,117.0,triasulfuron-1,1,0,0,GREEN,2941
test3_11,562.0,cycloxydim-2,2,0,2,RED,2942
test3_17,617.0,fluazifop-1,1,0,0,GREEN,2943
test3_42,145.0,ethirimol-1,1,0,0,GREEN,2944
test3_44,313.0,molinate-1,1,0,0,GREEN,2945
test3_20,647.0,metaflumizone-1,1,0,0,GREEN,2946
test3_26,230.0,iodosulfuron-methyl-sodium-2,2,0,1,RED,2947
test3_48,593.0,quizalofop-ethyl-1,1,0,0,GREEN,2948
test3_24,96.0,formothion-2,3,1,2,RED,2949
test3_15,391.0,cyclosulfamuron-1,1,0,0,GREEN,2950
test3_16,531.0,benzoximate-1,1,0,0,GREEN,2951
test3_10,692.0,tau-fluvalinate-2,4,0,3,RED,2952
test3_28,233.0,fensulfothion sulfone-1,1,0,0,GREEN,2953
test3_30,297.0,flurtamone-1,1,0,0,GREEN,2954
test3_12,416.0,fenbuconazole-2,1,0,0,GREEN,2955
test3_44,357.0,isazofos-1,1,0,0,GREEN,2956
test3_44,620.0,buprofezin-2,1,0,0,GREEN,2957
test3_51,133.0,metribuzin-1,1,0,0,GREEN,2958
test3_23,206.0,diuron-2,1,0,0,GREEN,2959
test3_8,83.0,florasulam-1,2,0,1,RED,2960
test3_31,52.0,3-hydroxy carbofuran-2,1,0,0,GREEN,2961
test3_19,536.0,bifenox-2,4,0,4,RED,2962
test3_41,400.0,diflubenzuron-2,2,0,2,RED,2963
test3_47,635.0,chlorpyrifos-1,1,0,0,GREEN,2964
test3_28,565.0,triflumizole-1,1,0,0,GREEN,2965
test3_53,64.0,metamitron-2,1,0,0,GREEN,2966
test3_30,368.0,methoxyfenozide-2,3,0,2,RED,2967
test3_38,78.0,cymoxanil-2,2,0,2,RED,2968
test3_46,655.0,emamectin B1a-1,1,0,0,GREEN,2969
test3_53,676.0,Proquinazid-2,1,0,0,GREEN,2970
test3_40,109.0,cyanazine-1,1,0,0,GREEN,2971
test3_10,138.0,simazine-2,3,0,3,RED,2972
test3_18,415.0,fenbuconazole-1,1,0,0,GREEN,2973
test3_36,348.0,triadimenol-2,1,0,0,GREEN,2974
test3_37,215.0,tribenuron-methyl-1,1,0,0,GREEN,2975
test3_35,518.0,chlorpyrifos-methyl-2,2,0,1,RED,2976
test3_53,225.0,orthosulfamuron-1,1,0,0,GREEN,2977
test3_15,155.0,tebuthiuron-1,1,0,0,GREEN,2978
test3_36,273.0,bensulfuron-methyl-1,1,0,0,GREEN,2979
test3_29,596.0,terbufos-2,1,0,0,GREEN,2980
test3_18,96.0,formothion-2,1,0,0,GREEN,2981
test3_31,474.0,sulfotep-2,1,0,0,GREEN,2982
test3_8,118.0,triasulfuron-2,1,0,0,GREEN,2983
test3_8,150.0,amidosulfuron-2,1,0,0,GREEN,2984
test3_44,495.0,phorate-1,1,0,0,GREEN,2985
test3_37,673.0,spiromesifen-1,1,0,0,GREEN,2986
test3_42,501.0,tolclofos-methyl-1,1,0,0,GREEN,2987
test3_4,367.0,methoxyfenozide-1,2,0,2,RED,2988
test3_19,454.0,fenthion-2,1,0,0,GREEN,2989
test3_22,196.0,atrazine-2,1,0,0,GREEN,2990
test3_6,400.0,diflubenzuron-2,2,0,1,RED,2991
test3_3,466.0,tebuconazole-2,1,0,1,YELLOW,2992
test3_30,82.0,pirimicarb-desmethyl-2,1,0,0,GREEN,2993
test3_14,58.0,acetamiprid-2,2,0,1,RED,2994
test3_47,121.0,phenamacril-1,1,0,0,GREEN,2995
test3_25,499.0,pyraflufen-ethyl-1,1,0,0,GREEN,2996
test3_6,95.0,formothion-1,1,0,1,YELLOW,2997
test3_34,445.0,penconazole-1,1,0,0,GREEN,2998
test3_33,161.0,fenamiphos sulfone-1,1,0,0,GREEN,2999
test3_24,321.0,fluopicolide-1,1,0,0,GREEN,3000
